modelo,task,id,gt,pred,correto
LRM,original,0,Uncertain,False,0
LRM,original,1,True,True,1
LRM,original,2,False,False,1
LRM,original,3,Uncertain,Uncertain,1
LRM,original,4,Uncertain,Uncertain,1
LRM,original,5,True,True,1
LRM,original,6,True,True,1
LRM,original,7,Uncertain,False,0
LRM,original,8,Uncertain,False,0
LRM,original,9,True,True,1
LRM,original,10,False,False,1
LRM,original,11,Uncertain,False,0
LRM,original,12,True,True,1
LRM,original,13,Uncertain,False,0
LRM,original,14,False,False,1
LRM,original,15,True,True,1
LRM,original,17,Uncertain,True,0
LRM,original,18,True,True,1
LRM,original,19,True,True,1
LRM,original,20,False,False,1
LRM,original,21,True,True,1
LRM,original,22,False,False,1
LRM,original,23,Uncertain,Uncertain,1
LRM,original,24,True,True,1
LRM,original,25,Uncertain,False,0
LRM,original,29,False,False,1
LRM,original,30,Uncertain,False,0
LRM,original,31,True,True,1
LRM,original,32,False,False,1
LRM,original,33,True,True,1
LRM,original,34,Uncertain,False,0
LRM,original,35,False,False,1
LRM,original,36,True,True,1
LRM,original,37,True,True,1
LRM,original,38,False,False,1
LRM,original,39,Uncertain,True,0
LRM,original,40,True,Uncertain,0
LRM,original,41,False,Uncertain,0
LRM,original,42,True,True,1
LRM,original,43,Uncertain,False,0
LRM,original,44,False,False,1
LRM,original,45,Uncertain,False,0
LRM,original,46,True,True,1
LRM,original,47,Uncertain,False,0
LRM,original,48,Uncertain,Uncertain,1
LRM,original,49,False,False,1
LRM,original,50,True,True,1
LRM,original,51,False,False,1
LRM,original,52,Uncertain,False,0
LRM,original,53,True,True,1
LRM,original,54,True,True,1
LRM,original,55,False,False,1
LRM,original,56,Uncertain,False,0
LRM,original,58,Uncertain,False,0
LRM,original,59,True,True,1
LRM,original,60,Uncertain,Uncertain,1
LRM,original,61,Uncertain,False,0
LRM,original,62,Uncertain,False,0
LRM,original,63,False,False,1
LRM,original,64,True,True,1
LRM,original,65,True,True,1
LRM,original,66,Uncertain,False,0
LRM,original,67,True,True,1
LRM,original,68,True,True,1
LRM,original,69,False,False,1
LRM,original,70,Uncertain,False,0
LRM,original,71,False,True,0
LRM,original,72,True,True,1
LRM,original,73,True,True,1
LRM,original,74,False,False,1
LRM,original,76,True,True,1
LRM,original,77,False,True,0
LRM,original,78,False,False,1
LRM,original,79,True,True,1
LRM,original,80,Uncertain,False,0
LRM,original,81,True,True,1
LRM,original,82,False,False,1
LRM,original,83,False,False,1
LRM,original,84,True,True,1
LRM,original,86,True,True,1
LRM,original,87,True,True,1
LRM,original,88,True,True,1
LRM,original,89,Uncertain,False,0
LRM,original,90,True,True,1
LRM,original,91,False,False,1
LRM,original,92,False,True,0
LRM,original,93,Uncertain,False,0
LRM,original,94,True,True,1
LRM,original,95,Uncertain,True,0
LRM,original,96,False,Uncertain,0
LRM,original,97,True,True,1
LRM,original,98,Uncertain,False,0
LRM,original,99,True,True,1
LRM,original,100,False,True,0
LRM,original,101,Uncertain,Uncertain,1
LRM,original,102,False,False,1
LRM,original,103,True,True,1
LRM,original,104,True,True,1
LRM,original,105,True,False,0
LRM,original,106,False,False,1
LRM,original,107,Uncertain,False,0
LRM,original,108,False,True,0
LRM,original,109,True,Uncertain,0
LRM,original,110,Uncertain,False,0
LRM,original,111,True,True,1
LRM,original,112,Uncertain,False,0
LRM,original,113,False,True,0
LRM,original,114,False,False,1
LRM,original,115,True,True,1
LRM,original,116,Uncertain,Uncertain,1
LRM,original,117,Uncertain,False,0
LRM,original,118,True,True,1
LRM,original,119,False,False,1
LRM,original,120,Uncertain,False,0
LRM,original,121,Uncertain,Uncertain,1
LRM,original,123,True,False,0
LRM,original,124,Uncertain,False,0
LRM,original,125,True,True,1
LRM,original,126,False,False,1
LRM,original,127,False,True,0
LRM,original,128,True,True,1
LRM,original,129,Uncertain,True,0
LRM,original,130,True,Uncertain,0
LRM,original,131,True,True,1
LRM,original,132,Uncertain,False,0
LRM,original,133,Uncertain,False,0
LRM,original,134,True,True,1
LRM,original,136,False,False,1
LRM,original,137,True,True,1
LRM,original,138,False,False,1
LRM,original,139,Uncertain,Uncertain,1
LRM,original,140,False,False,1
LRM,original,143,Uncertain,False,0
LRM,original,144,Uncertain,False,0
LRM,original,145,Uncertain,False,0
LRM,original,146,True,True,1
LRM,original,147,True,True,1
LRM,original,148,False,True,0
LRM,original,149,True,True,1
LRM,original,150,Uncertain,False,0
LRM,original,151,Uncertain,False,0
LRM,original,153,False,False,1
LRM,original,154,True,True,1
LRM,original,155,Uncertain,Uncertain,1
LRM,original,156,False,False,1
LRM,original,157,True,True,1
LRM,original,158,True,False,0
LRM,original,159,Uncertain,True,0
LRM,original,160,True,True,1
LRM,original,161,Uncertain,False,0
LRM,original,162,False,False,1
LRM,original,163,Uncertain,False,0
LRM,original,164,False,False,1
LRM,original,165,True,True,1
LRM,original,166,True,True,1
LRM,original,167,True,True,1
LRM,original,168,False,False,1
LRM,original,169,Uncertain,False,0
LRM,original,170,True,True,1
LRM,original,171,False,False,1
LRM,original,172,Uncertain,False,0
LRM,original,173,False,False,1
LRM,original,174,True,Uncertain,0
LRM,original,175,Uncertain,False,0
LRM,original,176,False,False,1
LRM,original,177,True,True,1
LRM,original,178,False,False,1
LRM,original,179,False,False,1
LRM,original,180,False,False,1
LRM,original,181,Uncertain,False,0
LRM,original,182,True,True,1
LRM,original,183,False,False,1
LRM,original,184,True,True,1
LRM,original,185,False,False,1
LRM,original,186,Uncertain,False,0
LRM,original,187,Uncertain,False,0
LRM,original,188,True,True,1
LRM,original,189,False,False,1
LRM,original,190,False,False,1
LRM,original,191,False,False,1
LRM,original,192,False,False,1
LRM,original,193,False,True,0
LRM,original,194,Uncertain,Uncertain,1
LRM,original,195,Uncertain,True,0
LRM,original,197,True,True,1
LRM,original,198,False,False,1
LRM,original,199,False,False,1
LRM,original,200,False,False,1
LRM,original,201,Uncertain,False,0
LRM,original,202,Uncertain,False,0
LRM,original,100000,True,False,0
LRM,original,100001,True,False,0
LRM,original,100003,True,True,1
LRM,original,100005,True,True,1
LRM,original,100008,False,False,1
LRM,original,100009,True,True,1
LRM,original,100024,False,False,1
LRM,original,100025,True,True,1
LRM,original,100028,Uncertain,False,0
LRM,original,100036,False,True,0
LRM,original,100039,False,True,0
LRM,original,100040,Uncertain,True,0
LRM,original,100042,False,False,1
LRM,original,100045,Uncertain,False,0
LRM,original,100047,True,False,0
LRM,original,100051,False,False,1
LRM,original,100052,True,False,0
LRM,original,100070,True,True,1
LRM,original,100071,False,False,1
LRM,original,100074,Uncertain,False,0
LRM,original,100075,Uncertain,False,0
LRM,original,100077,False,Uncertain,0
LRM,original,100083,False,False,1
LRM,original,100086,Uncertain,False,0
LRM,original,100094,Uncertain,False,0
LRM,original,100095,False,False,1
LRM,original,100102,False,True,0
LRM,original,100105,False,False,1
LRM,original,100106,True,True,1
LRM,original,100109,False,False,1
LRM,original,100110,True,Uncertain,0
LRM,original,100111,Uncertain,False,0
LRM,original,100114,False,True,0
LRM,original,100118,True,True,1
LRM,original,100124,Uncertain,True,0
LRM,original,100127,True,True,1
LRM,original,100130,False,False,1
LRM,original,100133,False,False,1
LRM,original,100134,True,True,1
LRM,original,100135,True,True,1
LRM,original,100136,False,False,1
LRM,original,100137,Uncertain,False,0
LRM,original,100150,True,True,1
LRM,original,100151,Uncertain,False,0
LRM,original,100152,Uncertain,Uncertain,1
LRM,original,100158,True,False,0
LRM,original,100159,False,True,0
LRM,original,100161,True,False,0
LRM,original,100163,Uncertain,False,0
LRM,original,100165,Uncertain,False,0
LRM,original,100166,True,True,1
LRM,original,100173,Uncertain,False,0
LRM,original,100178,Uncertain,False,0
LRM,original,100180,True,True,1
LRM,original,100181,Uncertain,False,0
LRM,original,100182,False,False,1
LRM,original,100183,True,Uncertain,0
LRM,original,100194,True,True,1
LRM,original,100196,True,True,1
LRM,original,100197,True,True,1
LRM,original,100199,Uncertain,False,0
LRM,original,100201,False,False,1
LRM,original,100203,True,True,1
LRM,original,100204,Uncertain,False,0
LRM,original,100208,True,False,0
LRM,original,100209,Uncertain,False,0
LRM,original,100215,False,Uncertain,0
LRM,original,100218,True,False,0
LRM,original,100224,False,False,1
LRM,original,100227,False,False,1
LRM,original,100228,False,True,0
LRM,original,100230,Uncertain,False,0
LRM,original,100233,False,False,1
LRM,original,100240,True,False,0
LRM,original,100242,Uncertain,True,0
LRM,original,100244,Uncertain,False,0
LRM,original,100250,Uncertain,Uncertain,1
LRM,original,100252,True,True,1
LRM,original,100254,Uncertain,False,0
LRM,original,100255,True,True,1
LRM,original,100257,False,False,1
LRM,original,100260,True,True,1
LRM,original,100267,False,True,0
LRM,original,100268,False,False,1
LRM,original,100270,Uncertain,True,0
LRM,original,100271,True,True,1
LRM,original,100273,False,False,1
LRM,original,100278,True,True,1
LRM,original,100283,False,False,1
LRM,original,100285,Uncertain,False,0
LRM,original,100288,True,True,1
LRM,original,100290,Uncertain,False,0
LRM,original,100291,False,True,0
LRM,original,100293,False,False,1
LRM,original,100302,False,True,0
LRM,original,100306,True,True,1
LRM,original,100307,False,False,1
LRM,original,100308,True,True,1
LRM,original,100309,True,True,1
LRM,original,100311,True,True,1
LRM,original,100312,False,False,1
LRM,original,100315,Uncertain,False,0
LRM,original,100316,True,False,0
LRM,original,100317,True,True,1
LRM,original,100321,Uncertain,True,0
LRM,original,100323,Uncertain,False,0
LRM,original,100329,True,True,1
LRM,original,100334,True,Uncertain,0
LRM,original,100336,True,True,1
LRM,original,100338,False,Uncertain,0
LRM,original,100339,True,False,0
LRM,original,100340,False,False,1
LRM,original,100341,True,True,1
LRM,original,100343,False,False,1
LRM,original,100351,True,Uncertain,0
LRM,original,100353,Uncertain,False,0
LRM,original,100357,True,True,1
LRM,original,100358,Uncertain,True,0
LRM,original,100359,False,False,1
LRM,original,100362,Uncertain,False,0
LRM,original,100366,False,False,1
LRM,original,100372,Uncertain,False,0
LRM,original,100373,False,False,1
LRM,original,100378,True,True,1
LRM,original,100388,Uncertain,False,0
LRM,original,100391,True,False,0
LRM,original,100393,False,False,1
LRM,original,100394,True,True,1
LRM,original,100405,True,True,1
LRM,original,100408,False,Uncertain,0
LRM,original,100409,Uncertain,False,0
LRM,original,100412,Uncertain,False,0
LRM,original,100415,True,True,1
LRM,original,100416,Uncertain,False,0
LRM,original,100418,True,True,1
LRM,original,100421,Uncertain,False,0
LRM,original,100422,Uncertain,False,0
LRM,original,100424,False,False,1
LRM,original,100430,False,False,1
LRM,original,100433,False,False,1
LRM,original,100435,Uncertain,False,0
LRM,original,100437,False,False,1
LRM,original,100440,False,False,1
LRM,original,100441,Uncertain,Uncertain,1
LRM,original,100444,True,False,0
LRM,original,100446,Uncertain,Uncertain,1
LRM,original,100448,True,Uncertain,0
LRM,original,100466,True,True,1
LRM,original,100467,True,True,1
LRM,original,100468,Uncertain,False,0
LRM,original,100469,True,True,1
LRM,original,100471,False,Uncertain,0
LRM,original,100475,False,False,1
LRM,original,100476,True,Uncertain,0
LRM,original,100481,False,False,1
LRM,original,100484,False,False,1
LRM,original,100486,Uncertain,False,0
LRM,original,100500,True,True,1
LRM,original,100506,True,True,1
LRM,original,100517,False,False,1
LRM,original,100518,False,False,1
LRM,original,100519,False,False,1
LRM,original,100521,Uncertain,False,0
LRM,original,100523,True,Uncertain,0
LRM,original,100530,Uncertain,False,0
LRM,original,100532,False,False,1
LRM,original,100535,True,True,1
LRM,original,100541,Uncertain,False,0
LRM,original,100543,Uncertain,Uncertain,1
LRM,original,100549,True,True,1
LRM,original,100550,Uncertain,False,0
LRM,original,100551,True,False,0
LRM,original,100556,True,True,1
LRM,original,100558,True,True,1
LRM,original,100561,Uncertain,False,0
LRM,original,100564,Uncertain,False,0
LRM,original,100565,True,True,1
LRM,original,100566,True,False,0
LRM,original,100570,False,False,1
LRM,original,100572,Uncertain,False,0
LRM,original,100573,Uncertain,False,0
LRM,original,100574,False,False,1
LRM,original,100576,Uncertain,False,0
LRM,original,100578,True,True,1
LRM,original,100582,False,False,1
LRM,original,100583,False,False,1
LRM,original,100589,True,Uncertain,0
LRM,original,100590,Uncertain,True,0
LRM,original,100592,True,Uncertain,0
LRM,original,100593,True,True,1
LRM,original,100594,Uncertain,False,0
LRM,original,100596,True,True,1
LRM,original,100608,False,False,1
LRM,original,100610,False,False,1
LRM,original,100619,Uncertain,False,0
LRM,original,100620,True,False,0
LRM,original,100621,Uncertain,True,0
LRM,original,100625,False,True,0
LRM,original,100626,False,False,1
LRM,original,100630,False,False,1
LRM,original,100634,Uncertain,False,0
LRM,original,100635,True,True,1
LRM,original,100636,False,False,1
LRM,original,100644,Uncertain,Uncertain,1
LRM,original,100648,True,False,0
LRM,original,100649,False,False,1
LRM,original,100652,True,True,1
LRM,original,100656,False,False,1
LRM,original,100660,True,True,1
LRM,original,100669,True,True,1
LRM,original,100670,Uncertain,False,0
LRM,original,100671,Uncertain,True,0
LRM,original,100673,True,True,1
LRM,original,100674,Uncertain,False,0
LRM,original,100675,True,True,1
LRM,original,100679,False,False,1
LRM,original,100680,False,True,0
LRM,original,100682,False,False,1
LRM,original,100683,True,True,1
LRM,original,100685,False,False,1
LRM,original,100686,Uncertain,False,0
LRM,original,100687,True,True,1
LRM,original,100688,Uncertain,True,0
LRM,original,100691,False,False,1
LRM,original,100693,Uncertain,False,0
LRM,original,100695,True,False,0
LRM,original,100698,True,True,1
LRM,original,100703,False,False,1
LRM,original,100707,True,True,1
LRM,original,100713,False,False,1
LRM,original,100718,Uncertain,True,0
LRM,original,100720,False,False,1
LRM,original,100722,Uncertain,True,0
LRM,original,100725,True,True,1
LRM,original,100730,True,False,0
LRM,original,100733,False,True,0
LRM,original,100734,False,False,1
LRM,original,100736,False,True,0
LRM,original,100737,True,True,1
LRM,original,100752,True,Uncertain,0
LRM,original,100754,True,True,1
LRM,original,100759,True,True,1
LRM,original,100760,Uncertain,True,0
LRM,original,100765,Uncertain,False,0
LRM,original,100767,True,False,0
LRM,original,100769,Uncertain,False,0
LRM,original,100789,True,True,1
LRM,original,100790,Uncertain,True,0
LRM,original,100791,Uncertain,False,0
LRM,original,100792,Uncertain,False,0
LRM,original,100793,False,False,1
LRM,original,100798,True,True,1
LRM,original,100801,Uncertain,False,0
LRM,original,100804,Uncertain,False,0
LRM,original,100806,False,False,1
LRM,original,100809,True,True,1
LRM,original,100814,True,True,1
LRM,original,100815,Uncertain,True,0
LRM,original,100816,False,False,1
LRM,original,100819,False,False,1
LRM,original,100821,False,False,1
LRM,original,100826,Uncertain,False,0
LRM,original,100830,False,False,1
LRM,original,100831,True,True,1
LRM,original,100836,False,False,1
LRM,original,100841,Uncertain,False,0
LRM,original,100846,True,True,1
LRM,original,100849,False,False,1
LRM,original,100851,Uncertain,Uncertain,1
LRM,original,100853,Uncertain,False,0
LRM,original,100854,Uncertain,False,0
LRM,original,100863,False,False,1
LRM,original,100864,True,Uncertain,0
LRM,original,100866,True,True,1
LRM,original,100869,False,False,1
LRM,original,100873,False,False,1
LRM,original,100874,False,False,1
LRM,original,100875,True,True,1
LRM,original,100891,True,Uncertain,0
LRM,original,100892,False,False,1
LRM,original,100900,Uncertain,False,0
LRM,original,100902,True,True,1
LRM,original,100907,True,False,0
LRM,original,100911,False,False,1
LRM,original,100912,True,False,0
LRM,original,100913,Uncertain,False,0
LRM,original,100914,True,False,0
LRM,original,100918,True,False,0
LRM,original,100925,Uncertain,False,0
LRM,original,100927,False,False,1
LRM,original,100932,False,False,1
LRM,original,100934,Uncertain,False,0
LRM,original,100949,Uncertain,False,0
LRM,original,100950,True,True,1
LRM,original,100951,False,False,1
LRM,original,100955,Uncertain,Uncertain,1
LRM,original,100957,True,True,1
LRM,original,100958,False,False,1
LRM,original,100959,False,False,1
LRM,original,100964,Uncertain,False,0
LRM,original,100966,Uncertain,False,0
LRM,original,100967,Uncertain,True,0
LRM,original,100970,True,True,1
LRM,original,100973,Uncertain,False,0
LRM,original,100978,True,True,1
LRM,original,100980,False,False,1
LRM,original,100982,True,True,1
LRM,original,100984,True,False,0
LRM,original,100986,True,False,0
LRM,original,100993,Uncertain,False,0
LRM,original,100994,False,False,1
LRM,original,100999,False,False,1
LRM,original,16,Uncertain,False,0
LRM,original,26,Uncertain,False,0
LRM,original,27,Uncertain,Uncertain,1
LRM,original,28,True,True,1
LRM,original,57,False,False,1
LRM,original,75,Uncertain,False,0
LRM,original,85,Uncertain,False,0
LRM,original,122,False,False,1
LRM,original,135,Uncertain,False,0
LRM,original,141,True,Uncertain,0
LRM,original,142,True,True,1
LRM,original,152,Uncertain,True,0
LRM,original,196,False,False,1
LRM,original,100249,Uncertain,False,0
LRM,original,100429,Uncertain,False,0
LRM,original,100452,True,Uncertain,0
LRM,original,100527,Uncertain,False,0
LRM,original,100567,Uncertain,False,0
LRM,original,100597,False,False,1
LRM,nl,0,Uncertain,Uncertain,1
LRM,nl,1,True,True,1
LRM,nl,2,False,False,1
LRM,nl,3,Uncertain,Uncertain,1
LRM,nl,4,Uncertain,Uncertain,1
LRM,nl,5,True,False,0
LRM,nl,6,True,True,1
LRM,nl,7,Uncertain,False,0
LRM,nl,8,Uncertain,False,0
LRM,nl,9,True,True,1
LRM,nl,10,False,False,1
LRM,nl,11,Uncertain,False,0
LRM,nl,12,True,True,1
LRM,nl,13,Uncertain,False,0
LRM,nl,14,False,False,1
LRM,nl,15,True,True,1
LRM,nl,17,Uncertain,True,0
LRM,nl,18,True,True,1
LRM,nl,19,True,True,1
LRM,nl,20,False,False,1
LRM,nl,21,True,True,1
LRM,nl,22,False,False,1
LRM,nl,23,Uncertain,False,0
LRM,nl,24,True,True,1
LRM,nl,25,Uncertain,False,0
LRM,nl,29,False,False,1
LRM,nl,30,Uncertain,False,0
LRM,nl,31,True,True,1
LRM,nl,32,False,False,1
LRM,nl,33,True,True,1
LRM,nl,34,Uncertain,True,0
LRM,nl,35,False,False,1
LRM,nl,36,True,True,1
LRM,nl,37,True,True,1
LRM,nl,38,False,False,1
LRM,nl,39,Uncertain,False,0
LRM,nl,40,True,Uncertain,0
LRM,nl,41,False,False,1
LRM,nl,42,True,True,1
LRM,nl,43,Uncertain,False,0
LRM,nl,44,False,False,1
LRM,nl,45,Uncertain,False,0
LRM,nl,46,True,True,1
LRM,nl,47,Uncertain,Uncertain,1
LRM,nl,48,Uncertain,True,0
LRM,nl,49,False,False,1
LRM,nl,50,True,True,1
LRM,nl,51,False,False,1
LRM,nl,52,Uncertain,Uncertain,1
LRM,nl,53,True,True,1
LRM,nl,54,True,True,1
LRM,nl,55,False,False,1
LRM,nl,56,Uncertain,False,0
LRM,nl,58,Uncertain,False,0
LRM,nl,59,True,True,1
LRM,nl,60,Uncertain,True,0
LRM,nl,61,Uncertain,False,0
LRM,nl,62,Uncertain,False,0
LRM,nl,63,False,False,1
LRM,nl,64,True,True,1
LRM,nl,65,True,True,1
LRM,nl,66,Uncertain,False,0
LRM,nl,67,True,True,1
LRM,nl,68,True,True,1
LRM,nl,69,False,False,1
LRM,nl,70,Uncertain,True,0
LRM,nl,71,False,False,1
LRM,nl,72,True,True,1
LRM,nl,73,True,True,1
LRM,nl,74,False,False,1
LRM,nl,76,True,True,1
LRM,nl,77,False,True,0
LRM,nl,78,False,False,1
LRM,nl,79,True,True,1
LRM,nl,80,Uncertain,False,0
LRM,nl,81,True,False,0
LRM,nl,82,False,False,1
LRM,nl,83,False,False,1
LRM,nl,84,True,Uncertain,0
LRM,nl,86,True,True,1
LRM,nl,87,True,True,1
LRM,nl,88,True,True,1
LRM,nl,89,Uncertain,False,0
LRM,nl,90,True,True,1
LRM,nl,91,False,False,1
LRM,nl,92,False,False,1
LRM,nl,93,Uncertain,False,0
LRM,nl,94,True,True,1
LRM,nl,95,Uncertain,Uncertain,1
LRM,nl,96,False,False,1
LRM,nl,97,True,True,1
LRM,nl,98,Uncertain,Uncertain,1
LRM,nl,99,True,True,1
LRM,nl,100,False,False,1
LRM,nl,101,Uncertain,False,0
LRM,nl,102,False,False,1
LRM,nl,103,True,True,1
LRM,nl,104,True,True,1
LRM,nl,105,True,True,1
LRM,nl,106,False,False,1
LRM,nl,107,Uncertain,False,0
LRM,nl,108,False,False,1
LRM,nl,109,True,True,1
LRM,nl,110,Uncertain,Uncertain,1
LRM,nl,111,True,True,1
LRM,nl,112,Uncertain,False,0
LRM,nl,113,False,False,1
LRM,nl,114,False,False,1
LRM,nl,115,True,True,1
LRM,nl,116,Uncertain,False,0
LRM,nl,117,Uncertain,False,0
LRM,nl,118,True,True,1
LRM,nl,119,False,False,1
LRM,nl,120,Uncertain,True,0
LRM,nl,121,Uncertain,True,0
LRM,nl,123,True,True,1
LRM,nl,124,Uncertain,False,0
LRM,nl,125,True,True,1
LRM,nl,126,False,False,1
LRM,nl,127,False,False,1
LRM,nl,128,True,True,1
LRM,nl,129,Uncertain,Uncertain,1
LRM,nl,130,True,True,1
LRM,nl,131,True,True,1
LRM,nl,132,Uncertain,False,0
LRM,nl,133,Uncertain,False,0
LRM,nl,134,True,True,1
LRM,nl,136,False,False,1
LRM,nl,137,True,True,1
LRM,nl,138,False,False,1
LRM,nl,139,Uncertain,False,0
LRM,nl,140,False,False,1
LRM,nl,143,Uncertain,True,0
LRM,nl,144,Uncertain,Uncertain,1
LRM,nl,145,Uncertain,False,0
LRM,nl,146,True,False,0
LRM,nl,147,True,True,1
LRM,nl,148,False,False,1
LRM,nl,149,True,True,1
LRM,nl,150,Uncertain,False,0
LRM,nl,151,Uncertain,False,0
LRM,nl,153,False,False,1
LRM,nl,154,True,False,0
LRM,nl,155,Uncertain,True,0
LRM,nl,156,False,Uncertain,0
LRM,nl,157,True,True,1
LRM,nl,158,True,True,1
LRM,nl,159,Uncertain,True,0
LRM,nl,160,True,True,1
LRM,nl,161,Uncertain,True,0
LRM,nl,162,False,False,1
LRM,nl,163,Uncertain,False,0
LRM,nl,164,False,False,1
LRM,nl,165,True,False,0
LRM,nl,166,True,False,0
LRM,nl,167,True,True,1
LRM,nl,168,False,False,1
LRM,nl,169,Uncertain,Uncertain,1
LRM,nl,170,True,False,0
LRM,nl,171,False,False,1
LRM,nl,172,Uncertain,False,0
LRM,nl,173,False,False,1
LRM,nl,174,True,True,1
LRM,nl,175,Uncertain,False,0
LRM,nl,176,False,False,1
LRM,nl,177,True,True,1
LRM,nl,178,False,False,1
LRM,nl,179,False,False,1
LRM,nl,180,False,Uncertain,0
LRM,nl,181,Uncertain,Uncertain,1
LRM,nl,182,True,True,1
LRM,nl,183,False,False,1
LRM,nl,184,True,True,1
LRM,nl,185,False,False,1
LRM,nl,186,Uncertain,False,0
LRM,nl,187,Uncertain,False,0
LRM,nl,188,True,True,1
LRM,nl,189,False,False,1
LRM,nl,190,False,False,1
LRM,nl,191,False,False,1
LRM,nl,192,False,False,1
LRM,nl,193,False,True,0
LRM,nl,194,Uncertain,False,0
LRM,nl,195,Uncertain,True,0
LRM,nl,197,True,True,1
LRM,nl,198,False,False,1
LRM,nl,199,False,False,1
LRM,nl,200,False,False,1
LRM,nl,201,Uncertain,False,0
LRM,nl,202,Uncertain,True,0
LRM,nl,100000,True,True,1
LRM,nl,100001,True,True,1
LRM,nl,100003,True,False,0
LRM,nl,100005,True,True,1
LRM,nl,100008,False,False,1
LRM,nl,100009,True,True,1
LRM,nl,100024,False,False,1
LRM,nl,100025,True,True,1
LRM,nl,100028,Uncertain,Uncertain,1
LRM,nl,100036,False,False,1
LRM,nl,100039,False,False,1
LRM,nl,100040,Uncertain,Uncertain,1
LRM,nl,100042,False,False,1
LRM,nl,100045,Uncertain,True,0
LRM,nl,100047,True,Uncertain,0
LRM,nl,100051,False,Uncertain,0
LRM,nl,100052,True,True,1
LRM,nl,100070,True,True,1
LRM,nl,100071,False,False,1
LRM,nl,100074,Uncertain,Uncertain,1
LRM,nl,100075,Uncertain,False,0
LRM,nl,100077,False,False,1
LRM,nl,100083,False,True,0
LRM,nl,100086,Uncertain,False,0
LRM,nl,100094,Uncertain,Uncertain,1
LRM,nl,100095,False,Uncertain,0
LRM,nl,100102,False,False,1
LRM,nl,100105,False,False,1
LRM,nl,100106,True,True,1
LRM,nl,100109,False,True,0
LRM,nl,100110,True,True,1
LRM,nl,100111,Uncertain,False,0
LRM,nl,100114,False,False,1
LRM,nl,100118,True,True,1
LRM,nl,100124,Uncertain,True,0
LRM,nl,100127,True,True,1
LRM,nl,100130,False,False,1
LRM,nl,100133,False,False,1
LRM,nl,100134,True,True,1
LRM,nl,100135,True,True,1
LRM,nl,100136,False,False,1
LRM,nl,100137,Uncertain,False,0
LRM,nl,100150,True,True,1
LRM,nl,100151,Uncertain,Uncertain,1
LRM,nl,100152,Uncertain,True,0
LRM,nl,100158,True,True,1
LRM,nl,100159,False,False,1
LRM,nl,100161,True,True,1
LRM,nl,100163,Uncertain,False,0
LRM,nl,100165,Uncertain,False,0
LRM,nl,100166,True,True,1
LRM,nl,100173,Uncertain,Uncertain,1
LRM,nl,100178,Uncertain,True,0
LRM,nl,100180,True,True,1
LRM,nl,100181,Uncertain,False,0
LRM,nl,100182,False,False,1
LRM,nl,100183,True,True,1
LRM,nl,100194,True,True,1
LRM,nl,100196,True,True,1
LRM,nl,100197,True,True,1
LRM,nl,100199,Uncertain,False,0
LRM,nl,100201,False,False,1
LRM,nl,100203,True,True,1
LRM,nl,100204,Uncertain,Uncertain,1
LRM,nl,100208,True,True,1
LRM,nl,100209,Uncertain,Uncertain,1
LRM,nl,100215,False,False,1
LRM,nl,100218,True,True,1
LRM,nl,100224,False,False,1
LRM,nl,100227,False,False,1
LRM,nl,100228,False,False,1
LRM,nl,100230,Uncertain,False,0
LRM,nl,100233,False,False,1
LRM,nl,100240,True,Uncertain,0
LRM,nl,100242,Uncertain,True,0
LRM,nl,100244,Uncertain,Uncertain,1
LRM,nl,100250,Uncertain,False,0
LRM,nl,100252,True,True,1
LRM,nl,100254,Uncertain,True,0
LRM,nl,100255,True,False,0
LRM,nl,100257,False,False,1
LRM,nl,100260,True,True,1
LRM,nl,100267,False,True,0
LRM,nl,100268,False,False,1
LRM,nl,100270,Uncertain,True,0
LRM,nl,100271,True,True,1
LRM,nl,100273,False,False,1
LRM,nl,100278,True,True,1
LRM,nl,100283,False,False,1
LRM,nl,100285,Uncertain,False,0
LRM,nl,100288,True,True,1
LRM,nl,100290,Uncertain,False,0
LRM,nl,100291,False,True,0
LRM,nl,100293,False,False,1
LRM,nl,100302,False,False,1
LRM,nl,100306,True,Uncertain,0
LRM,nl,100307,False,False,1
LRM,nl,100308,True,True,1
LRM,nl,100309,True,False,0
LRM,nl,100311,True,True,1
LRM,nl,100312,False,False,1
LRM,nl,100315,Uncertain,Uncertain,1
LRM,nl,100316,True,True,1
LRM,nl,100317,True,True,1
LRM,nl,100321,Uncertain,True,0
LRM,nl,100323,Uncertain,False,0
LRM,nl,100329,True,False,0
LRM,nl,100334,True,True,1
LRM,nl,100336,True,True,1
LRM,nl,100338,False,False,1
LRM,nl,100339,True,True,1
LRM,nl,100340,False,False,1
LRM,nl,100341,True,False,0
LRM,nl,100343,False,False,1
LRM,nl,100351,True,False,0
LRM,nl,100353,Uncertain,False,0
LRM,nl,100357,True,True,1
LRM,nl,100358,Uncertain,False,0
LRM,nl,100359,False,False,1
LRM,nl,100362,Uncertain,False,0
LRM,nl,100366,False,False,1
LRM,nl,100372,Uncertain,False,0
LRM,nl,100373,False,False,1
LRM,nl,100378,True,True,1
LRM,nl,100388,Uncertain,False,0
LRM,nl,100391,True,True,1
LRM,nl,100393,False,False,1
LRM,nl,100394,True,True,1
LRM,nl,100405,True,True,1
LRM,nl,100408,False,False,1
LRM,nl,100409,Uncertain,False,0
LRM,nl,100412,Uncertain,Uncertain,1
LRM,nl,100415,True,True,1
LRM,nl,100416,Uncertain,Uncertain,1
LRM,nl,100418,True,True,1
LRM,nl,100421,Uncertain,False,0
LRM,nl,100422,Uncertain,False,0
LRM,nl,100424,False,False,1
LRM,nl,100430,False,True,0
LRM,nl,100433,False,False,1
LRM,nl,100435,Uncertain,False,0
LRM,nl,100437,False,False,1
LRM,nl,100440,False,False,1
LRM,nl,100441,Uncertain,False,0
LRM,nl,100444,True,True,1
LRM,nl,100446,Uncertain,False,0
LRM,nl,100448,True,True,1
LRM,nl,100466,True,False,0
LRM,nl,100467,True,True,1
LRM,nl,100468,Uncertain,True,0
LRM,nl,100469,True,True,1
LRM,nl,100471,False,False,1
LRM,nl,100475,False,False,1
LRM,nl,100476,True,False,0
LRM,nl,100481,False,False,1
LRM,nl,100484,False,False,1
LRM,nl,100486,Uncertain,Uncertain,1
LRM,nl,100500,True,True,1
LRM,nl,100506,True,True,1
LRM,nl,100517,False,False,1
LRM,nl,100518,False,False,1
LRM,nl,100519,False,False,1
LRM,nl,100521,Uncertain,False,0
LRM,nl,100523,True,Uncertain,0
LRM,nl,100530,Uncertain,False,0
LRM,nl,100532,False,False,1
LRM,nl,100535,True,True,1
LRM,nl,100541,Uncertain,False,0
LRM,nl,100543,Uncertain,False,0
LRM,nl,100549,True,True,1
LRM,nl,100550,Uncertain,False,0
LRM,nl,100551,True,True,1
LRM,nl,100556,True,False,0
LRM,nl,100558,True,True,1
LRM,nl,100561,Uncertain,Uncertain,1
LRM,nl,100564,Uncertain,False,0
LRM,nl,100565,True,True,1
LRM,nl,100566,True,True,1
LRM,nl,100570,False,False,1
LRM,nl,100572,Uncertain,True,0
LRM,nl,100573,Uncertain,False,0
LRM,nl,100574,False,False,1
LRM,nl,100576,Uncertain,False,0
LRM,nl,100578,True,True,1
LRM,nl,100582,False,True,0
LRM,nl,100583,False,True,0
LRM,nl,100589,True,True,1
LRM,nl,100590,Uncertain,True,0
LRM,nl,100592,True,False,0
LRM,nl,100593,True,True,1
LRM,nl,100594,Uncertain,False,0
LRM,nl,100596,True,True,1
LRM,nl,100608,False,False,1
LRM,nl,100610,False,False,1
LRM,nl,100619,Uncertain,True,0
LRM,nl,100620,True,True,1
LRM,nl,100621,Uncertain,Uncertain,1
LRM,nl,100625,False,True,0
LRM,nl,100626,False,False,1
LRM,nl,100630,False,False,1
LRM,nl,100634,Uncertain,False,0
LRM,nl,100635,True,False,0
LRM,nl,100636,False,False,1
LRM,nl,100644,Uncertain,Uncertain,1
LRM,nl,100648,True,True,1
LRM,nl,100649,False,False,1
LRM,nl,100652,True,True,1
LRM,nl,100656,False,False,1
LRM,nl,100660,True,False,0
LRM,nl,100669,True,True,1
LRM,nl,100670,Uncertain,False,0
LRM,nl,100671,Uncertain,True,0
LRM,nl,100673,True,True,1
LRM,nl,100674,Uncertain,False,0
LRM,nl,100675,True,True,1
LRM,nl,100679,False,False,1
LRM,nl,100680,False,False,1
LRM,nl,100682,False,False,1
LRM,nl,100683,True,True,1
LRM,nl,100685,False,False,1
LRM,nl,100686,Uncertain,Uncertain,1
LRM,nl,100687,True,True,1
LRM,nl,100688,Uncertain,True,0
LRM,nl,100691,False,False,1
LRM,nl,100693,Uncertain,False,0
LRM,nl,100695,True,True,1
LRM,nl,100698,True,True,1
LRM,nl,100703,False,False,1
LRM,nl,100707,True,True,1
LRM,nl,100713,False,True,0
LRM,nl,100718,Uncertain,False,0
LRM,nl,100720,False,False,1
LRM,nl,100722,Uncertain,True,0
LRM,nl,100725,True,True,1
LRM,nl,100730,True,True,1
LRM,nl,100733,False,False,1
LRM,nl,100734,False,False,1
LRM,nl,100736,False,True,0
LRM,nl,100737,True,False,0
LRM,nl,100752,True,True,1
LRM,nl,100754,True,False,0
LRM,nl,100759,True,True,1
LRM,nl,100760,Uncertain,False,0
LRM,nl,100765,Uncertain,False,0
LRM,nl,100767,True,Uncertain,0
LRM,nl,100769,Uncertain,False,0
LRM,nl,100789,True,True,1
LRM,nl,100790,Uncertain,True,0
LRM,nl,100791,Uncertain,False,0
LRM,nl,100792,Uncertain,True,0
LRM,nl,100793,False,False,1
LRM,nl,100798,True,True,1
LRM,nl,100801,Uncertain,False,0
LRM,nl,100804,Uncertain,False,0
LRM,nl,100806,False,False,1
LRM,nl,100809,True,True,1
LRM,nl,100814,True,True,1
LRM,nl,100815,Uncertain,True,0
LRM,nl,100816,False,False,1
LRM,nl,100819,False,False,1
LRM,nl,100821,False,False,1
LRM,nl,100826,Uncertain,True,0
LRM,nl,100830,False,False,1
LRM,nl,100831,True,True,1
LRM,nl,100836,False,False,1
LRM,nl,100841,Uncertain,Uncertain,1
LRM,nl,100846,True,True,1
LRM,nl,100849,False,True,0
LRM,nl,100851,Uncertain,False,0
LRM,nl,100853,Uncertain,Uncertain,1
LRM,nl,100854,Uncertain,Uncertain,1
LRM,nl,100863,False,Uncertain,0
LRM,nl,100864,True,Uncertain,0
LRM,nl,100866,True,True,1
LRM,nl,100869,False,False,1
LRM,nl,100873,False,False,1
LRM,nl,100874,False,False,1
LRM,nl,100875,True,True,1
LRM,nl,100891,True,True,1
LRM,nl,100892,False,False,1
LRM,nl,100900,Uncertain,False,0
LRM,nl,100902,True,True,1
LRM,nl,100907,True,False,0
LRM,nl,100911,False,Uncertain,0
LRM,nl,100912,True,Uncertain,0
LRM,nl,100913,Uncertain,True,0
LRM,nl,100914,True,False,0
LRM,nl,100918,True,False,0
LRM,nl,100925,Uncertain,True,0
LRM,nl,100927,False,False,1
LRM,nl,100932,False,False,1
LRM,nl,100934,Uncertain,False,0
LRM,nl,100949,Uncertain,False,0
LRM,nl,100950,True,True,1
LRM,nl,100951,False,False,1
LRM,nl,100955,Uncertain,False,0
LRM,nl,100957,True,True,1
LRM,nl,100958,False,False,1
LRM,nl,100959,False,False,1
LRM,nl,100964,Uncertain,False,0
LRM,nl,100966,Uncertain,Uncertain,1
LRM,nl,100967,Uncertain,False,0
LRM,nl,100970,True,False,0
LRM,nl,100973,Uncertain,Uncertain,1
LRM,nl,100978,True,True,1
LRM,nl,100980,False,False,1
LRM,nl,100982,True,True,1
LRM,nl,100984,True,True,1
LRM,nl,100986,True,False,0
LRM,nl,100993,Uncertain,Uncertain,1
LRM,nl,100994,False,False,1
LRM,nl,100999,False,False,1
LRM,nl,16,Uncertain,False,0
LRM,nl,26,Uncertain,False,0
LRM,nl,27,Uncertain,True,0
LRM,nl,28,True,Uncertain,0
LRM,nl,57,False,False,1
LRM,nl,75,Uncertain,False,0
LRM,nl,85,Uncertain,False,0
LRM,nl,122,False,False,1
LRM,nl,135,Uncertain,False,0
LRM,nl,141,True,False,0
LRM,nl,142,True,True,1
LRM,nl,152,Uncertain,Uncertain,1
LRM,nl,196,False,False,1
LRM,nl,100249,Uncertain,False,0
LRM,nl,100429,Uncertain,True,0
LRM,nl,100452,True,True,1
LRM,nl,100527,Uncertain,False,0
LRM,nl,100567,Uncertain,False,0
LRM,nl,100597,False,False,1
LRM,shuffled,0,Uncertain,False,0
LRM,shuffled,1,True,False,0
LRM,shuffled,2,False,False,1
LRM,shuffled,3,Uncertain,Uncertain,1
LRM,shuffled,4,Uncertain,Uncertain,1
LRM,shuffled,5,True,True,1
LRM,shuffled,6,True,True,1
LRM,shuffled,7,Uncertain,False,0
LRM,shuffled,8,Uncertain,False,0
LRM,shuffled,9,True,True,1
LRM,shuffled,10,False,False,1
LRM,shuffled,11,Uncertain,False,0
LRM,shuffled,12,True,True,1
LRM,shuffled,13,Uncertain,False,0
LRM,shuffled,14,False,False,1
LRM,shuffled,15,True,True,1
LRM,shuffled,17,Uncertain,True,0
LRM,shuffled,18,True,True,1
LRM,shuffled,19,True,True,1
LRM,shuffled,20,False,False,1
LRM,shuffled,21,True,True,1
LRM,shuffled,22,False,False,1
LRM,shuffled,23,Uncertain,False,0
LRM,shuffled,24,True,True,1
LRM,shuffled,25,Uncertain,False,0
LRM,shuffled,29,False,False,1
LRM,shuffled,30,Uncertain,False,0
LRM,shuffled,31,True,True,1
LRM,shuffled,32,False,False,1
LRM,shuffled,33,True,True,1
LRM,shuffled,34,Uncertain,Uncertain,1
LRM,shuffled,35,False,False,1
LRM,shuffled,36,True,True,1
LRM,shuffled,37,True,True,1
LRM,shuffled,38,False,False,1
LRM,shuffled,39,Uncertain,True,0
LRM,shuffled,40,True,True,1
LRM,shuffled,41,False,Uncertain,0
LRM,shuffled,42,True,True,1
LRM,shuffled,43,Uncertain,True,0
LRM,shuffled,44,False,Uncertain,0
LRM,shuffled,45,Uncertain,False,0
LRM,shuffled,46,True,True,1
LRM,shuffled,47,Uncertain,False,0
LRM,shuffled,48,Uncertain,Uncertain,1
LRM,shuffled,49,False,False,1
LRM,shuffled,50,True,True,1
LRM,shuffled,51,False,False,1
LRM,shuffled,52,Uncertain,False,0
LRM,shuffled,53,True,True,1
LRM,shuffled,54,True,True,1
LRM,shuffled,55,False,False,1
LRM,shuffled,56,Uncertain,False,0
LRM,shuffled,58,Uncertain,False,0
LRM,shuffled,59,True,True,1
LRM,shuffled,60,Uncertain,False,0
LRM,shuffled,61,Uncertain,False,0
LRM,shuffled,62,Uncertain,False,0
LRM,shuffled,63,False,False,1
LRM,shuffled,64,True,True,1
LRM,shuffled,65,True,True,1
LRM,shuffled,66,Uncertain,False,0
LRM,shuffled,67,True,True,1
LRM,shuffled,68,True,False,0
LRM,shuffled,69,False,False,1
LRM,shuffled,70,Uncertain,True,0
LRM,shuffled,71,False,True,0
LRM,shuffled,72,True,True,1
LRM,shuffled,73,True,True,1
LRM,shuffled,74,False,Uncertain,0
LRM,shuffled,76,True,True,1
LRM,shuffled,77,False,True,0
LRM,shuffled,78,False,False,1
LRM,shuffled,79,True,True,1
LRM,shuffled,80,Uncertain,False,0
LRM,shuffled,81,True,True,1
LRM,shuffled,82,False,False,1
LRM,shuffled,83,False,False,1
LRM,shuffled,84,True,Uncertain,0
LRM,shuffled,86,True,True,1
LRM,shuffled,87,True,True,1
LRM,shuffled,88,True,True,1
LRM,shuffled,89,Uncertain,False,0
LRM,shuffled,90,True,True,1
LRM,shuffled,91,False,False,1
LRM,shuffled,92,False,False,1
LRM,shuffled,93,Uncertain,False,0
LRM,shuffled,94,True,True,1
LRM,shuffled,95,Uncertain,True,0
LRM,shuffled,96,False,False,1
LRM,shuffled,97,True,False,0
LRM,shuffled,98,Uncertain,False,0
LRM,shuffled,99,True,True,1
LRM,shuffled,100,False,True,0
LRM,shuffled,101,Uncertain,True,0
LRM,shuffled,102,False,Uncertain,0
LRM,shuffled,103,True,True,1
LRM,shuffled,104,True,True,1
LRM,shuffled,105,True,True,1
LRM,shuffled,106,False,False,1
LRM,shuffled,107,Uncertain,Uncertain,1
LRM,shuffled,108,False,False,1
LRM,shuffled,109,True,Uncertain,0
LRM,shuffled,110,Uncertain,False,0
LRM,shuffled,111,True,True,1
LRM,shuffled,112,Uncertain,False,0
LRM,shuffled,113,False,True,0
LRM,shuffled,114,False,Uncertain,0
LRM,shuffled,115,True,True,1
LRM,shuffled,116,Uncertain,False,0
LRM,shuffled,117,Uncertain,False,0
LRM,shuffled,118,True,True,1
LRM,shuffled,119,False,False,1
LRM,shuffled,120,Uncertain,False,0
LRM,shuffled,121,Uncertain,True,0
LRM,shuffled,123,True,True,1
LRM,shuffled,124,Uncertain,False,0
LRM,shuffled,125,True,True,1
LRM,shuffled,126,False,False,1
LRM,shuffled,127,False,False,1
LRM,shuffled,128,True,True,1
LRM,shuffled,129,Uncertain,False,0
LRM,shuffled,130,True,False,0
LRM,shuffled,131,True,True,1
LRM,shuffled,132,Uncertain,False,0
LRM,shuffled,133,Uncertain,False,0
LRM,shuffled,134,True,True,1
LRM,shuffled,136,False,False,1
LRM,shuffled,137,True,True,1
LRM,shuffled,138,False,False,1
LRM,shuffled,139,Uncertain,Uncertain,1
LRM,shuffled,140,False,False,1
LRM,shuffled,143,Uncertain,False,0
LRM,shuffled,144,Uncertain,False,0
LRM,shuffled,145,Uncertain,Uncertain,1
LRM,shuffled,146,True,True,1
LRM,shuffled,147,True,True,1
LRM,shuffled,148,False,True,0
LRM,shuffled,149,True,True,1
LRM,shuffled,150,Uncertain,False,0
LRM,shuffled,151,Uncertain,False,0
LRM,shuffled,153,False,False,1
LRM,shuffled,154,True,True,1
LRM,shuffled,155,Uncertain,Uncertain,1
LRM,shuffled,156,False,False,1
LRM,shuffled,157,True,True,1
LRM,shuffled,158,True,True,1
LRM,shuffled,159,Uncertain,True,0
LRM,shuffled,160,True,True,1
LRM,shuffled,161,Uncertain,True,0
LRM,shuffled,162,False,False,1
LRM,shuffled,163,Uncertain,False,0
LRM,shuffled,164,False,False,1
LRM,shuffled,165,True,False,0
LRM,shuffled,166,True,True,1
LRM,shuffled,167,True,True,1
LRM,shuffled,168,False,False,1
LRM,shuffled,169,Uncertain,False,0
LRM,shuffled,170,True,Uncertain,0
LRM,shuffled,171,False,False,1
LRM,shuffled,172,Uncertain,Uncertain,1
LRM,shuffled,173,False,False,1
LRM,shuffled,174,True,True,1
LRM,shuffled,175,Uncertain,Uncertain,1
LRM,shuffled,176,False,False,1
LRM,shuffled,177,True,True,1
LRM,shuffled,178,False,False,1
LRM,shuffled,179,False,False,1
LRM,shuffled,180,False,False,1
LRM,shuffled,181,Uncertain,False,0
LRM,shuffled,182,True,True,1
LRM,shuffled,183,False,False,1
LRM,shuffled,184,True,True,1
LRM,shuffled,185,False,False,1
LRM,shuffled,186,Uncertain,False,0
LRM,shuffled,187,Uncertain,Uncertain,1
LRM,shuffled,188,True,True,1
LRM,shuffled,189,False,False,1
LRM,shuffled,190,False,False,1
LRM,shuffled,191,False,False,1
LRM,shuffled,192,False,False,1
LRM,shuffled,193,False,False,1
LRM,shuffled,194,Uncertain,False,0
LRM,shuffled,195,Uncertain,True,0
LRM,shuffled,197,True,False,0
LRM,shuffled,198,False,False,1
LRM,shuffled,199,False,False,1
LRM,shuffled,200,False,False,1
LRM,shuffled,201,Uncertain,False,0
LRM,shuffled,202,Uncertain,True,0
LRM,shuffled,100000,True,False,0
LRM,shuffled,100001,True,Uncertain,0
LRM,shuffled,100003,True,True,1
LRM,shuffled,100005,True,True,1
LRM,shuffled,100008,False,False,1
LRM,shuffled,100009,True,True,1
LRM,shuffled,100024,False,False,1
LRM,shuffled,100025,True,True,1
LRM,shuffled,100028,Uncertain,False,0
LRM,shuffled,100036,False,False,1
LRM,shuffled,100039,False,True,0
LRM,shuffled,100040,Uncertain,True,0
LRM,shuffled,100042,False,False,1
LRM,shuffled,100045,Uncertain,False,0
LRM,shuffled,100047,True,False,0
LRM,shuffled,100051,False,False,1
LRM,shuffled,100052,True,True,1
LRM,shuffled,100070,True,True,1
LRM,shuffled,100071,False,False,1
LRM,shuffled,100074,Uncertain,False,0
LRM,shuffled,100075,Uncertain,False,0
LRM,shuffled,100077,False,Uncertain,0
LRM,shuffled,100083,False,False,1
LRM,shuffled,100086,Uncertain,False,0
LRM,shuffled,100094,Uncertain,Uncertain,1
LRM,shuffled,100095,False,False,1
LRM,shuffled,100102,False,False,1
LRM,shuffled,100105,False,False,1
LRM,shuffled,100106,True,True,1
LRM,shuffled,100109,False,False,1
LRM,shuffled,100110,True,True,1
LRM,shuffled,100111,Uncertain,False,0
LRM,shuffled,100114,False,False,1
LRM,shuffled,100118,True,False,0
LRM,shuffled,100124,Uncertain,False,0
LRM,shuffled,100127,True,True,1
LRM,shuffled,100130,False,False,1
LRM,shuffled,100133,False,False,1
LRM,shuffled,100134,True,True,1
LRM,shuffled,100135,True,True,1
LRM,shuffled,100136,False,False,1
LRM,shuffled,100137,Uncertain,True,0
LRM,shuffled,100150,True,True,1
LRM,shuffled,100151,Uncertain,False,0
LRM,shuffled,100152,Uncertain,False,0
LRM,shuffled,100158,True,False,0
LRM,shuffled,100159,False,True,0
LRM,shuffled,100161,True,True,1
LRM,shuffled,100163,Uncertain,False,0
LRM,shuffled,100165,Uncertain,False,0
LRM,shuffled,100166,True,True,1
LRM,shuffled,100173,Uncertain,False,0
LRM,shuffled,100178,Uncertain,False,0
LRM,shuffled,100180,True,True,1
LRM,shuffled,100181,Uncertain,False,0
LRM,shuffled,100182,False,False,1
LRM,shuffled,100183,True,True,1
LRM,shuffled,100194,True,True,1
LRM,shuffled,100196,True,True,1
LRM,shuffled,100197,True,True,1
LRM,shuffled,100199,Uncertain,False,0
LRM,shuffled,100201,False,False,1
LRM,shuffled,100203,True,True,1
LRM,shuffled,100204,Uncertain,False,0
LRM,shuffled,100208,True,True,1
LRM,shuffled,100209,Uncertain,False,0
LRM,shuffled,100215,False,False,1
LRM,shuffled,100218,True,False,0
LRM,shuffled,100224,False,True,0
LRM,shuffled,100227,False,False,1
LRM,shuffled,100228,False,False,1
LRM,shuffled,100230,Uncertain,False,0
LRM,shuffled,100233,False,False,1
LRM,shuffled,100240,True,False,0
LRM,shuffled,100242,Uncertain,True,0
LRM,shuffled,100244,Uncertain,False,0
LRM,shuffled,100250,Uncertain,True,0
LRM,shuffled,100252,True,True,1
LRM,shuffled,100254,Uncertain,True,0
LRM,shuffled,100255,True,True,1
LRM,shuffled,100257,False,False,1
LRM,shuffled,100260,True,True,1
LRM,shuffled,100267,False,True,0
LRM,shuffled,100268,False,False,1
LRM,shuffled,100270,Uncertain,False,0
LRM,shuffled,100271,True,True,1
LRM,shuffled,100273,False,False,1
LRM,shuffled,100278,True,True,1
LRM,shuffled,100283,False,False,1
LRM,shuffled,100285,Uncertain,Uncertain,1
LRM,shuffled,100288,True,True,1
LRM,shuffled,100290,Uncertain,False,0
LRM,shuffled,100291,False,False,1
LRM,shuffled,100293,False,False,1
LRM,shuffled,100302,False,True,0
LRM,shuffled,100306,True,True,1
LRM,shuffled,100307,False,False,1
LRM,shuffled,100308,True,True,1
LRM,shuffled,100309,True,Uncertain,0
LRM,shuffled,100311,True,True,1
LRM,shuffled,100312,False,False,1
LRM,shuffled,100315,Uncertain,Uncertain,1
LRM,shuffled,100316,True,Uncertain,0
LRM,shuffled,100317,True,True,1
LRM,shuffled,100321,Uncertain,Uncertain,1
LRM,shuffled,100323,Uncertain,Uncertain,1
LRM,shuffled,100329,True,True,1
LRM,shuffled,100334,True,False,0
LRM,shuffled,100336,True,True,1
LRM,shuffled,100338,False,False,1
LRM,shuffled,100339,True,True,1
LRM,shuffled,100340,False,False,1
LRM,shuffled,100341,True,False,0
LRM,shuffled,100343,False,False,1
LRM,shuffled,100351,True,True,1
LRM,shuffled,100353,Uncertain,False,0
LRM,shuffled,100357,True,True,1
LRM,shuffled,100358,Uncertain,False,0
LRM,shuffled,100359,False,False,1
LRM,shuffled,100362,Uncertain,False,0
LRM,shuffled,100366,False,False,1
LRM,shuffled,100372,Uncertain,False,0
LRM,shuffled,100373,False,Uncertain,0
LRM,shuffled,100378,True,True,1
LRM,shuffled,100388,Uncertain,False,0
LRM,shuffled,100391,True,False,0
LRM,shuffled,100393,False,False,1
LRM,shuffled,100394,True,True,1
LRM,shuffled,100405,True,True,1
LRM,shuffled,100408,False,False,1
LRM,shuffled,100409,Uncertain,False,0
LRM,shuffled,100412,Uncertain,False,0
LRM,shuffled,100415,True,False,0
LRM,shuffled,100416,Uncertain,False,0
LRM,shuffled,100418,True,True,1
LRM,shuffled,100421,Uncertain,False,0
LRM,shuffled,100422,Uncertain,False,0
LRM,shuffled,100424,False,False,1
LRM,shuffled,100430,False,False,1
LRM,shuffled,100433,False,False,1
LRM,shuffled,100435,Uncertain,False,0
LRM,shuffled,100437,False,False,1
LRM,shuffled,100440,False,False,1
LRM,shuffled,100441,Uncertain,True,0
LRM,shuffled,100444,True,False,0
LRM,shuffled,100446,Uncertain,Uncertain,1
LRM,shuffled,100448,True,True,1
LRM,shuffled,100466,True,True,1
LRM,shuffled,100467,True,True,1
LRM,shuffled,100468,Uncertain,False,0
LRM,shuffled,100469,True,True,1
LRM,shuffled,100471,False,Uncertain,0
LRM,shuffled,100475,False,False,1
LRM,shuffled,100476,True,True,1
LRM,shuffled,100481,False,False,1
LRM,shuffled,100484,False,False,1
LRM,shuffled,100486,Uncertain,False,0
LRM,shuffled,100500,True,Uncertain,0
LRM,shuffled,100506,True,True,1
LRM,shuffled,100517,False,True,0
LRM,shuffled,100518,False,False,1
LRM,shuffled,100519,False,False,1
LRM,shuffled,100521,Uncertain,Uncertain,1
LRM,shuffled,100523,True,True,1
LRM,shuffled,100530,Uncertain,False,0
LRM,shuffled,100532,False,False,1
LRM,shuffled,100535,True,True,1
LRM,shuffled,100541,Uncertain,False,0
LRM,shuffled,100543,Uncertain,False,0
LRM,shuffled,100549,True,False,0
LRM,shuffled,100550,Uncertain,Uncertain,1
LRM,shuffled,100551,True,Uncertain,0
LRM,shuffled,100556,True,True,1
LRM,shuffled,100558,True,True,1
LRM,shuffled,100561,Uncertain,Uncertain,1
LRM,shuffled,100564,Uncertain,False,0
LRM,shuffled,100565,True,True,1
LRM,shuffled,100566,True,True,1
LRM,shuffled,100570,False,False,1
LRM,shuffled,100572,Uncertain,False,0
LRM,shuffled,100573,Uncertain,False,0
LRM,shuffled,100574,False,False,1
LRM,shuffled,100576,Uncertain,False,0
LRM,shuffled,100578,True,True,1
LRM,shuffled,100582,False,False,1
LRM,shuffled,100583,False,False,1
LRM,shuffled,100589,True,False,0
LRM,shuffled,100590,Uncertain,Uncertain,1
LRM,shuffled,100592,True,Uncertain,0
LRM,shuffled,100593,True,True,1
LRM,shuffled,100594,Uncertain,False,0
LRM,shuffled,100596,True,True,1
LRM,shuffled,100608,False,False,1
LRM,shuffled,100610,False,True,0
LRM,shuffled,100619,Uncertain,False,0
LRM,shuffled,100620,True,False,0
LRM,shuffled,100621,Uncertain,True,0
LRM,shuffled,100625,False,Uncertain,0
LRM,shuffled,100626,False,False,1
LRM,shuffled,100630,False,False,1
LRM,shuffled,100634,Uncertain,Uncertain,1
LRM,shuffled,100635,True,True,1
LRM,shuffled,100636,False,False,1
LRM,shuffled,100644,Uncertain,Uncertain,1
LRM,shuffled,100648,True,False,0
LRM,shuffled,100649,False,False,1
LRM,shuffled,100652,True,True,1
LRM,shuffled,100656,False,False,1
LRM,shuffled,100660,True,True,1
LRM,shuffled,100669,True,True,1
LRM,shuffled,100670,Uncertain,True,0
LRM,shuffled,100671,Uncertain,True,0
LRM,shuffled,100673,True,True,1
LRM,shuffled,100674,Uncertain,False,0
LRM,shuffled,100675,True,True,1
LRM,shuffled,100679,False,False,1
LRM,shuffled,100680,False,True,0
LRM,shuffled,100682,False,False,1
LRM,shuffled,100683,True,True,1
LRM,shuffled,100685,False,False,1
LRM,shuffled,100686,Uncertain,False,0
LRM,shuffled,100687,True,True,1
LRM,shuffled,100688,Uncertain,Uncertain,1
LRM,shuffled,100691,False,False,1
LRM,shuffled,100693,Uncertain,True,0
LRM,shuffled,100695,True,False,0
LRM,shuffled,100698,True,True,1
LRM,shuffled,100703,False,False,1
LRM,shuffled,100707,True,True,1
LRM,shuffled,100713,False,True,0
LRM,shuffled,100718,Uncertain,True,0
LRM,shuffled,100720,False,False,1
LRM,shuffled,100722,Uncertain,True,0
LRM,shuffled,100725,True,False,0
LRM,shuffled,100730,True,True,1
LRM,shuffled,100733,False,Uncertain,0
LRM,shuffled,100734,False,True,0
LRM,shuffled,100736,False,True,0
LRM,shuffled,100737,True,False,0
LRM,shuffled,100752,True,True,1
LRM,shuffled,100754,True,True,1
LRM,shuffled,100759,True,True,1
LRM,shuffled,100760,Uncertain,Uncertain,1
LRM,shuffled,100765,Uncertain,False,0
LRM,shuffled,100767,True,Uncertain,0
LRM,shuffled,100769,Uncertain,False,0
LRM,shuffled,100789,True,True,1
LRM,shuffled,100790,Uncertain,Uncertain,1
LRM,shuffled,100791,Uncertain,False,0
LRM,shuffled,100792,Uncertain,False,0
LRM,shuffled,100793,False,True,0
LRM,shuffled,100798,True,True,1
LRM,shuffled,100801,Uncertain,False,0
LRM,shuffled,100804,Uncertain,False,0
LRM,shuffled,100806,False,False,1
LRM,shuffled,100809,True,True,1
LRM,shuffled,100814,True,True,1
LRM,shuffled,100815,Uncertain,False,0
LRM,shuffled,100816,False,False,1
LRM,shuffled,100819,False,False,1
LRM,shuffled,100821,False,False,1
LRM,shuffled,100826,Uncertain,False,0
LRM,shuffled,100830,False,Uncertain,0
LRM,shuffled,100831,True,True,1
LRM,shuffled,100836,False,False,1
LRM,shuffled,100841,Uncertain,False,0
LRM,shuffled,100846,True,True,1
LRM,shuffled,100849,False,False,1
LRM,shuffled,100851,Uncertain,False,0
LRM,shuffled,100853,Uncertain,Uncertain,1
LRM,shuffled,100854,Uncertain,False,0
LRM,shuffled,100863,False,Uncertain,0
LRM,shuffled,100864,True,Uncertain,0
LRM,shuffled,100866,True,True,1
LRM,shuffled,100869,False,False,1
LRM,shuffled,100873,False,False,1
LRM,shuffled,100874,False,False,1
LRM,shuffled,100875,True,True,1
LRM,shuffled,100891,True,True,1
LRM,shuffled,100892,False,False,1
LRM,shuffled,100900,Uncertain,False,0
LRM,shuffled,100902,True,True,1
LRM,shuffled,100907,True,True,1
LRM,shuffled,100911,False,False,1
LRM,shuffled,100912,True,False,0
LRM,shuffled,100913,Uncertain,False,0
LRM,shuffled,100914,True,False,0
LRM,shuffled,100918,True,True,1
LRM,shuffled,100925,Uncertain,False,0
LRM,shuffled,100927,False,False,1
LRM,shuffled,100932,False,False,1
LRM,shuffled,100934,Uncertain,False,0
LRM,shuffled,100949,Uncertain,False,0
LRM,shuffled,100950,True,True,1
LRM,shuffled,100951,False,False,1
LRM,shuffled,100955,Uncertain,False,0
LRM,shuffled,100957,True,True,1
LRM,shuffled,100958,False,False,1
LRM,shuffled,100959,False,False,1
LRM,shuffled,100964,Uncertain,False,0
LRM,shuffled,100966,Uncertain,False,0
LRM,shuffled,100967,Uncertain,True,0
LRM,shuffled,100970,True,True,1
LRM,shuffled,100973,Uncertain,False,0
LRM,shuffled,100978,True,True,1
LRM,shuffled,100980,False,False,1
LRM,shuffled,100982,True,True,1
LRM,shuffled,100984,True,True,1
LRM,shuffled,100986,True,False,0
LRM,shuffled,100993,Uncertain,False,0
LRM,shuffled,100994,False,False,1
LRM,shuffled,100999,False,False,1
LRM,shuffled,16,Uncertain,True,0
LRM,shuffled,26,Uncertain,False,0
LRM,shuffled,27,Uncertain,False,0
LRM,shuffled,28,True,Uncertain,0
LRM,shuffled,57,False,Uncertain,0
LRM,shuffled,75,Uncertain,Uncertain,1
LRM,shuffled,85,Uncertain,True,0
LRM,shuffled,122,False,False,1
LRM,shuffled,135,Uncertain,False,0
LRM,shuffled,141,True,False,0
LRM,shuffled,142,True,False,0
LRM,shuffled,152,Uncertain,False,0
LRM,shuffled,196,False,False,1
LRM,shuffled,100249,Uncertain,False,0
LRM,shuffled,100429,Uncertain,False,0
LRM,shuffled,100452,True,Uncertain,0
LRM,shuffled,100527,Uncertain,False,0
LRM,shuffled,100567,Uncertain,False,0
LRM,shuffled,100597,False,False,1
LRM,junto,0,Uncertain,False,0
LRM,junto,1,True,False,0
LRM,junto,2,False,True,0
LRM,junto,3,Uncertain,True,0
LRM,junto,4,Uncertain,False,0
LRM,junto,5,True,True,1
LRM,junto,6,True,True,1
LRM,junto,7,Uncertain,False,0
LRM,junto,8,Uncertain,False,0
LRM,junto,9,True,True,1
LRM,junto,10,False,False,1
LRM,junto,11,Uncertain,False,0
LRM,junto,12,True,True,1
LRM,junto,13,Uncertain,False,0
LRM,junto,14,False,False,1
LRM,junto,15,True,True,1
LRM,junto,17,Uncertain,True,0
LRM,junto,18,True,True,1
LRM,junto,19,True,True,1
LRM,junto,20,False,False,1
LRM,junto,21,True,True,1
LRM,junto,22,False,False,1
LRM,junto,23,Uncertain,False,0
LRM,junto,24,True,True,1
LRM,junto,25,Uncertain,False,0
LRM,junto,29,False,False,1
LRM,junto,30,Uncertain,False,0
LRM,junto,31,True,True,1
LRM,junto,32,False,False,1
LRM,junto,33,True,True,1
LRM,junto,34,Uncertain,True,0
LRM,junto,35,False,False,1
LRM,junto,36,True,True,1
LRM,junto,37,True,True,1
LRM,junto,38,False,False,1
LRM,junto,39,Uncertain,True,0
LRM,junto,40,True,Uncertain,0
LRM,junto,41,False,Uncertain,0
LRM,junto,42,True,True,1
LRM,junto,43,Uncertain,True,0
LRM,junto,44,False,False,1
LRM,junto,45,Uncertain,False,0
LRM,junto,46,True,True,1
LRM,junto,47,Uncertain,False,0
LRM,junto,48,Uncertain,True,0
LRM,junto,49,False,False,1
LRM,junto,50,True,True,1
LRM,junto,51,False,False,1
LRM,junto,52,Uncertain,False,0
LRM,junto,53,True,True,1
LRM,junto,54,True,True,1
LRM,junto,55,False,False,1
LRM,junto,56,Uncertain,Uncertain,1
LRM,junto,58,Uncertain,Uncertain,1
LRM,junto,59,True,True,1
LRM,junto,60,Uncertain,False,0
LRM,junto,61,Uncertain,True,0
LRM,junto,62,Uncertain,Uncertain,1
LRM,junto,63,False,False,1
LRM,junto,64,True,True,1
LRM,junto,65,True,True,1
LRM,junto,66,Uncertain,False,0
LRM,junto,67,True,True,1
LRM,junto,68,True,True,1
LRM,junto,69,False,False,1
LRM,junto,70,Uncertain,True,0
LRM,junto,71,False,True,0
LRM,junto,72,True,True,1
LRM,junto,73,True,True,1
LRM,junto,74,False,False,1
LRM,junto,76,True,True,1
LRM,junto,77,False,True,0
LRM,junto,78,False,False,1
LRM,junto,79,True,True,1
LRM,junto,80,Uncertain,False,0
LRM,junto,81,True,True,1
LRM,junto,82,False,False,1
LRM,junto,83,False,False,1
LRM,junto,84,True,True,1
LRM,junto,86,True,True,1
LRM,junto,87,True,True,1
LRM,junto,88,True,True,1
LRM,junto,89,Uncertain,False,0
LRM,junto,90,True,True,1
LRM,junto,91,False,False,1
LRM,junto,92,False,False,1
LRM,junto,93,Uncertain,True,0
LRM,junto,94,True,True,1
LRM,junto,95,Uncertain,False,0
LRM,junto,96,False,False,1
LRM,junto,97,True,False,0
LRM,junto,98,Uncertain,False,0
LRM,junto,99,True,True,1
LRM,junto,100,False,True,0
LRM,junto,101,Uncertain,False,0
LRM,junto,102,False,False,1
LRM,junto,103,True,False,0
LRM,junto,104,True,True,1
LRM,junto,105,True,False,0
LRM,junto,106,False,False,1
LRM,junto,107,Uncertain,True,0
LRM,junto,108,False,True,0
LRM,junto,109,True,Uncertain,0
LRM,junto,110,Uncertain,False,0
LRM,junto,111,True,True,1
LRM,junto,112,Uncertain,False,0
LRM,junto,113,False,True,0
LRM,junto,114,False,True,0
LRM,junto,115,True,True,1
LRM,junto,116,Uncertain,False,0
LRM,junto,117,Uncertain,False,0
LRM,junto,118,True,True,1
LRM,junto,119,False,False,1
LRM,junto,120,Uncertain,False,0
LRM,junto,121,Uncertain,False,0
LRM,junto,123,True,True,1
LRM,junto,124,Uncertain,False,0
LRM,junto,125,True,True,1
LRM,junto,126,False,False,1
LRM,junto,127,False,Uncertain,0
LRM,junto,128,True,True,1
LRM,junto,129,Uncertain,False,0
LRM,junto,130,True,True,1
LRM,junto,131,True,True,1
LRM,junto,132,Uncertain,False,0
LRM,junto,133,Uncertain,True,0
LRM,junto,134,True,True,1
LRM,junto,136,False,False,1
LRM,junto,137,True,True,1
LRM,junto,138,False,False,1
LRM,junto,139,Uncertain,Uncertain,1
LRM,junto,140,False,False,1
LRM,junto,143,Uncertain,False,0
LRM,junto,144,Uncertain,False,0
LRM,junto,145,Uncertain,Uncertain,1
LRM,junto,146,True,True,1
LRM,junto,147,True,True,1
LRM,junto,148,False,True,0
LRM,junto,149,True,True,1
LRM,junto,150,Uncertain,False,0
LRM,junto,151,Uncertain,Uncertain,1
LRM,junto,153,False,False,1
LRM,junto,154,True,False,0
LRM,junto,155,Uncertain,False,0
LRM,junto,156,False,False,1
LRM,junto,157,True,True,1
LRM,junto,158,True,True,1
LRM,junto,159,Uncertain,False,0
LRM,junto,160,True,True,1
LRM,junto,161,Uncertain,True,0
LRM,junto,162,False,False,1
LRM,junto,163,Uncertain,False,0
LRM,junto,164,False,False,1
LRM,junto,165,True,False,0
LRM,junto,166,True,True,1
LRM,junto,167,True,True,1
LRM,junto,168,False,False,1
LRM,junto,169,Uncertain,False,0
LRM,junto,170,True,False,0
LRM,junto,171,False,Uncertain,0
LRM,junto,172,Uncertain,False,0
LRM,junto,173,False,True,0
LRM,junto,174,True,False,0
LRM,junto,175,Uncertain,False,0
LRM,junto,176,False,False,1
LRM,junto,177,True,True,1
LRM,junto,178,False,False,1
LRM,junto,179,False,False,1
LRM,junto,180,False,False,1
LRM,junto,181,Uncertain,False,0
LRM,junto,182,True,True,1
LRM,junto,183,False,False,1
LRM,junto,184,True,True,1
LRM,junto,185,False,False,1
LRM,junto,186,Uncertain,False,0
LRM,junto,187,Uncertain,Uncertain,1
LRM,junto,188,True,True,1
LRM,junto,189,False,False,1
LRM,junto,190,False,False,1
LRM,junto,191,False,False,1
LRM,junto,192,False,False,1
LRM,junto,193,False,False,1
LRM,junto,194,Uncertain,True,0
LRM,junto,195,Uncertain,True,0
LRM,junto,197,True,True,1
LRM,junto,198,False,False,1
LRM,junto,199,False,False,1
LRM,junto,200,False,False,1
LRM,junto,201,Uncertain,False,0
LRM,junto,202,Uncertain,True,0
LRM,junto,100000,True,True,1
LRM,junto,100001,True,False,0
LRM,junto,100003,True,True,1
LRM,junto,100005,True,True,1
LRM,junto,100008,False,False,1
LRM,junto,100009,True,True,1
LRM,junto,100024,False,False,1
LRM,junto,100025,True,True,1
LRM,junto,100028,Uncertain,False,0
LRM,junto,100036,False,True,0
LRM,junto,100039,False,False,1
LRM,junto,100040,Uncertain,False,0
LRM,junto,100042,False,False,1
LRM,junto,100045,Uncertain,False,0
LRM,junto,100047,True,True,1
LRM,junto,100051,False,False,1
LRM,junto,100052,True,True,1
LRM,junto,100070,True,True,1
LRM,junto,100071,False,False,1
LRM,junto,100074,Uncertain,False,0
LRM,junto,100075,Uncertain,False,0
LRM,junto,100077,False,Uncertain,0
LRM,junto,100083,False,False,1
LRM,junto,100086,Uncertain,Uncertain,1
LRM,junto,100094,Uncertain,False,0
LRM,junto,100095,False,False,1
LRM,junto,100102,False,False,1
LRM,junto,100105,False,False,1
LRM,junto,100106,True,True,1
LRM,junto,100109,False,False,1
LRM,junto,100110,True,Uncertain,0
LRM,junto,100111,Uncertain,False,0
LRM,junto,100114,False,False,1
LRM,junto,100118,True,Uncertain,0
LRM,junto,100124,Uncertain,False,0
LRM,junto,100127,True,True,1
LRM,junto,100130,False,False,1
LRM,junto,100133,False,False,1
LRM,junto,100134,True,True,1
LRM,junto,100135,True,True,1
LRM,junto,100136,False,False,1
LRM,junto,100137,Uncertain,False,0
LRM,junto,100150,True,True,1
LRM,junto,100151,Uncertain,Uncertain,1
LRM,junto,100152,Uncertain,False,0
LRM,junto,100158,True,False,0
LRM,junto,100159,False,False,1
LRM,junto,100161,True,False,0
LRM,junto,100163,Uncertain,Uncertain,1
LRM,junto,100165,Uncertain,Uncertain,1
LRM,junto,100166,True,True,1
LRM,junto,100173,Uncertain,Uncertain,1
LRM,junto,100178,Uncertain,True,0
LRM,junto,100180,True,True,1
LRM,junto,100181,Uncertain,False,0
LRM,junto,100182,False,Uncertain,0
LRM,junto,100183,True,True,1
LRM,junto,100194,True,True,1
LRM,junto,100196,True,True,1
LRM,junto,100197,True,True,1
LRM,junto,100199,Uncertain,False,0
LRM,junto,100201,False,False,1
LRM,junto,100203,True,True,1
LRM,junto,100204,Uncertain,False,0
LRM,junto,100208,True,True,1
LRM,junto,100209,Uncertain,Uncertain,1
LRM,junto,100215,False,False,1
LRM,junto,100218,True,False,0
LRM,junto,100224,False,False,1
LRM,junto,100227,False,False,1
LRM,junto,100228,False,False,1
LRM,junto,100230,Uncertain,False,0
LRM,junto,100233,False,False,1
LRM,junto,100240,True,True,1
LRM,junto,100242,Uncertain,True,0
LRM,junto,100244,Uncertain,Uncertain,1
LRM,junto,100250,Uncertain,True,0
LRM,junto,100252,True,True,1
LRM,junto,100254,Uncertain,True,0
LRM,junto,100255,True,True,1
LRM,junto,100257,False,False,1
LRM,junto,100260,True,True,1
LRM,junto,100267,False,True,0
LRM,junto,100268,False,False,1
LRM,junto,100270,Uncertain,Uncertain,1
LRM,junto,100271,True,True,1
LRM,junto,100273,False,False,1
LRM,junto,100278,True,True,1
LRM,junto,100283,False,False,1
LRM,junto,100285,Uncertain,False,0
LRM,junto,100288,True,True,1
LRM,junto,100290,Uncertain,False,0
LRM,junto,100291,False,False,1
LRM,junto,100293,False,False,1
LRM,junto,100302,False,True,0
LRM,junto,100306,True,True,1
LRM,junto,100307,False,False,1
LRM,junto,100308,True,True,1
LRM,junto,100309,True,True,1
LRM,junto,100311,True,False,0
LRM,junto,100312,False,False,1
LRM,junto,100315,Uncertain,False,0
LRM,junto,100316,True,False,0
LRM,junto,100317,True,True,1
LRM,junto,100321,Uncertain,True,0
LRM,junto,100323,Uncertain,False,0
LRM,junto,100329,True,True,1
LRM,junto,100334,True,False,0
LRM,junto,100336,True,True,1
LRM,junto,100338,False,False,1
LRM,junto,100339,True,False,0
LRM,junto,100340,False,False,1
LRM,junto,100341,True,True,1
LRM,junto,100343,False,False,1
LRM,junto,100351,True,True,1
LRM,junto,100353,Uncertain,False,0
LRM,junto,100357,True,True,1
LRM,junto,100358,Uncertain,Uncertain,1
LRM,junto,100359,False,False,1
LRM,junto,100362,Uncertain,False,0
LRM,junto,100366,False,False,1
LRM,junto,100372,Uncertain,False,0
LRM,junto,100373,False,False,1
LRM,junto,100378,True,True,1
LRM,junto,100388,Uncertain,False,0
LRM,junto,100391,True,False,0
LRM,junto,100393,False,False,1
LRM,junto,100394,True,True,1
LRM,junto,100405,True,True,1
LRM,junto,100408,False,False,1
LRM,junto,100409,Uncertain,False,0
LRM,junto,100412,Uncertain,False,0
LRM,junto,100415,True,False,0
LRM,junto,100416,Uncertain,False,0
LRM,junto,100418,True,True,1
LRM,junto,100421,Uncertain,False,0
LRM,junto,100422,Uncertain,False,0
LRM,junto,100424,False,False,1
LRM,junto,100430,False,False,1
LRM,junto,100433,False,False,1
LRM,junto,100435,Uncertain,False,0
LRM,junto,100437,False,False,1
LRM,junto,100440,False,False,1
LRM,junto,100441,Uncertain,False,0
LRM,junto,100444,True,False,0
LRM,junto,100446,Uncertain,False,0
LRM,junto,100448,True,False,0
LRM,junto,100466,True,True,1
LRM,junto,100467,True,True,1
LRM,junto,100468,Uncertain,False,0
LRM,junto,100469,True,True,1
LRM,junto,100471,False,False,1
LRM,junto,100475,False,False,1
LRM,junto,100476,True,True,1
LRM,junto,100481,False,False,1
LRM,junto,100484,False,False,1
LRM,junto,100486,Uncertain,False,0
LRM,junto,100500,True,True,1
LRM,junto,100506,True,True,1
LRM,junto,100517,False,True,0
LRM,junto,100518,False,False,1
LRM,junto,100519,False,False,1
LRM,junto,100521,Uncertain,Uncertain,1
LRM,junto,100523,True,True,1
LRM,junto,100530,Uncertain,False,0
LRM,junto,100532,False,False,1
LRM,junto,100535,True,True,1
LRM,junto,100541,Uncertain,False,0
LRM,junto,100543,Uncertain,Uncertain,1
LRM,junto,100549,True,False,0
LRM,junto,100550,Uncertain,False,0
LRM,junto,100551,True,Uncertain,0
LRM,junto,100556,True,False,0
LRM,junto,100558,True,True,1
LRM,junto,100561,Uncertain,Uncertain,1
LRM,junto,100564,Uncertain,False,0
LRM,junto,100565,True,True,1
LRM,junto,100566,True,True,1
LRM,junto,100570,False,False,1
LRM,junto,100572,Uncertain,False,0
LRM,junto,100573,Uncertain,False,0
LRM,junto,100574,False,False,1
LRM,junto,100576,Uncertain,False,0
LRM,junto,100578,True,True,1
LRM,junto,100582,False,False,1
LRM,junto,100583,False,True,0
LRM,junto,100589,True,False,0
LRM,junto,100590,Uncertain,True,0
LRM,junto,100592,True,Uncertain,0
LRM,junto,100593,True,True,1
LRM,junto,100594,Uncertain,False,0
LRM,junto,100596,True,True,1
LRM,junto,100608,False,False,1
LRM,junto,100610,False,False,1
LRM,junto,100619,Uncertain,True,0
LRM,junto,100620,True,True,1
LRM,junto,100621,Uncertain,True,0
LRM,junto,100625,False,Uncertain,0
LRM,junto,100626,False,False,1
LRM,junto,100630,False,False,1
LRM,junto,100634,Uncertain,False,0
LRM,junto,100635,True,Uncertain,0
LRM,junto,100636,False,False,1
LRM,junto,100644,Uncertain,False,0
LRM,junto,100648,True,False,0
LRM,junto,100649,False,False,1
LRM,junto,100652,True,True,1
LRM,junto,100656,False,False,1
LRM,junto,100660,True,True,1
LRM,junto,100669,True,False,0
LRM,junto,100670,Uncertain,False,0
LRM,junto,100671,Uncertain,True,0
LRM,junto,100673,True,True,1
LRM,junto,100674,Uncertain,False,0
LRM,junto,100675,True,True,1
LRM,junto,100679,False,False,1
LRM,junto,100680,False,True,0
LRM,junto,100682,False,False,1
LRM,junto,100683,True,True,1
LRM,junto,100685,False,False,1
LRM,junto,100686,Uncertain,False,0
LRM,junto,100687,True,True,1
LRM,junto,100688,Uncertain,False,0
LRM,junto,100691,False,False,1
LRM,junto,100693,Uncertain,False,0
LRM,junto,100695,True,True,1
LRM,junto,100698,True,True,1
LRM,junto,100703,False,False,1
LRM,junto,100707,True,True,1
LRM,junto,100713,False,True,0
LRM,junto,100718,Uncertain,True,0
LRM,junto,100720,False,False,1
LRM,junto,100722,Uncertain,True,0
LRM,junto,100725,True,True,1
LRM,junto,100730,True,True,1
LRM,junto,100733,False,True,0
LRM,junto,100734,False,False,1
LRM,junto,100736,False,Uncertain,0
LRM,junto,100737,True,True,1
LRM,junto,100752,True,True,1
LRM,junto,100754,True,False,0
LRM,junto,100759,True,True,1
LRM,junto,100760,Uncertain,False,0
LRM,junto,100765,Uncertain,False,0
LRM,junto,100767,True,False,0
LRM,junto,100769,Uncertain,False,0
LRM,junto,100789,True,True,1
LRM,junto,100790,Uncertain,True,0
LRM,junto,100791,Uncertain,False,0
LRM,junto,100792,Uncertain,True,0
LRM,junto,100793,False,False,1
LRM,junto,100798,True,True,1
LRM,junto,100801,Uncertain,False,0
LRM,junto,100804,Uncertain,False,0
LRM,junto,100806,False,False,1
LRM,junto,100809,True,True,1
LRM,junto,100814,True,True,1
LRM,junto,100815,Uncertain,False,0
LRM,junto,100816,False,False,1
LRM,junto,100819,False,False,1
LRM,junto,100821,False,False,1
LRM,junto,100826,Uncertain,Uncertain,1
LRM,junto,100830,False,False,1
LRM,junto,100831,True,True,1
LRM,junto,100836,False,False,1
LRM,junto,100841,Uncertain,False,0
LRM,junto,100846,True,True,1
LRM,junto,100849,False,False,1
LRM,junto,100851,Uncertain,False,0
LRM,junto,100853,Uncertain,False,0
LRM,junto,100854,Uncertain,False,0
LRM,junto,100863,False,Uncertain,0
LRM,junto,100864,True,Uncertain,0
LRM,junto,100866,True,True,1
LRM,junto,100869,False,False,1
LRM,junto,100873,False,False,1
LRM,junto,100874,False,False,1
LRM,junto,100875,True,True,1
LRM,junto,100891,True,True,1
LRM,junto,100892,False,Uncertain,0
LRM,junto,100900,Uncertain,False,0
LRM,junto,100902,True,True,1
LRM,junto,100907,True,False,0
LRM,junto,100911,False,False,1
LRM,junto,100912,True,False,0
LRM,junto,100913,Uncertain,False,0
LRM,junto,100914,True,False,0
LRM,junto,100918,True,False,0
LRM,junto,100925,Uncertain,True,0
LRM,junto,100927,False,False,1
LRM,junto,100932,False,False,1
LRM,junto,100934,Uncertain,Uncertain,1
LRM,junto,100949,Uncertain,False,0
LRM,junto,100950,True,True,1
LRM,junto,100951,False,False,1
LRM,junto,100955,Uncertain,False,0
LRM,junto,100957,True,True,1
LRM,junto,100958,False,False,1
LRM,junto,100959,False,False,1
LRM,junto,100964,Uncertain,False,0
LRM,junto,100966,Uncertain,False,0
LRM,junto,100967,Uncertain,True,0
LRM,junto,100970,True,False,0
LRM,junto,100973,Uncertain,False,0
LRM,junto,100978,True,True,1
LRM,junto,100980,False,True,0
LRM,junto,100982,True,True,1
LRM,junto,100984,True,True,1
LRM,junto,100986,True,False,0
LRM,junto,100993,Uncertain,False,0
LRM,junto,100994,False,False,1
LRM,junto,100999,False,False,1
LRM,junto,16,Uncertain,False,0
LRM,junto,26,Uncertain,False,0
LRM,junto,27,Uncertain,False,0
LRM,junto,28,True,True,1
LRM,junto,57,False,Uncertain,0
LRM,junto,75,Uncertain,False,0
LRM,junto,85,Uncertain,Uncertain,1
LRM,junto,122,False,False,1
LRM,junto,135,Uncertain,False,0
LRM,junto,141,True,Uncertain,0
LRM,junto,142,True,False,0
LRM,junto,152,Uncertain,False,0
LRM,junto,196,False,True,0
LRM,junto,100249,Uncertain,False,0
LRM,junto,100429,Uncertain,False,0
LRM,junto,100452,True,True,1
LRM,junto,100527,Uncertain,False,0
LRM,junto,100567,Uncertain,False,0
LRM,junto,100597,False,False,1
LRM,irrelevant,0,Uncertain,False,0
LRM,irrelevant,1,True,False,0
LRM,irrelevant,2,False,False,1
LRM,irrelevant,3,Uncertain,Uncertain,1
LRM,irrelevant,4,Uncertain,Uncertain,1
LRM,irrelevant,5,True,True,1
LRM,irrelevant,6,True,True,1
LRM,irrelevant,7,Uncertain,False,0
LRM,irrelevant,8,Uncertain,False,0
LRM,irrelevant,9,True,True,1
LRM,irrelevant,10,False,False,1
LRM,irrelevant,11,Uncertain,False,0
LRM,irrelevant,12,True,True,1
LRM,irrelevant,13,Uncertain,False,0
LRM,irrelevant,14,False,False,1
LRM,irrelevant,15,True,True,1
LRM,irrelevant,17,Uncertain,True,0
LRM,irrelevant,18,True,True,1
LRM,irrelevant,19,True,True,1
LRM,irrelevant,20,False,False,1
LRM,irrelevant,21,True,True,1
LRM,irrelevant,22,False,False,1
LRM,irrelevant,23,Uncertain,False,0
LRM,irrelevant,24,True,True,1
LRM,irrelevant,25,Uncertain,False,0
LRM,irrelevant,29,False,False,1
LRM,irrelevant,30,Uncertain,False,0
LRM,irrelevant,31,True,True,1
LRM,irrelevant,32,False,Uncertain,0
LRM,irrelevant,33,True,True,1
LRM,irrelevant,34,Uncertain,False,0
LRM,irrelevant,35,False,False,1
LRM,irrelevant,36,True,True,1
LRM,irrelevant,37,True,True,1
LRM,irrelevant,38,False,False,1
LRM,irrelevant,39,Uncertain,True,0
LRM,irrelevant,40,True,False,0
LRM,irrelevant,41,False,True,0
LRM,irrelevant,42,True,True,1
LRM,irrelevant,43,Uncertain,True,0
LRM,irrelevant,44,False,True,0
LRM,irrelevant,45,Uncertain,True,0
LRM,irrelevant,46,True,True,1
LRM,irrelevant,47,Uncertain,False,0
LRM,irrelevant,48,Uncertain,Uncertain,1
LRM,irrelevant,49,False,False,1
LRM,irrelevant,50,True,True,1
LRM,irrelevant,51,False,False,1
LRM,irrelevant,52,Uncertain,False,0
LRM,irrelevant,53,True,True,1
LRM,irrelevant,54,True,True,1
LRM,irrelevant,55,False,False,1
LRM,irrelevant,56,Uncertain,Uncertain,1
LRM,irrelevant,58,Uncertain,False,0
LRM,irrelevant,59,True,True,1
LRM,irrelevant,60,Uncertain,True,0
LRM,irrelevant,61,Uncertain,Uncertain,1
LRM,irrelevant,62,Uncertain,False,0
LRM,irrelevant,63,False,False,1
LRM,irrelevant,64,True,True,1
LRM,irrelevant,65,True,True,1
LRM,irrelevant,66,Uncertain,False,0
LRM,irrelevant,67,True,True,1
LRM,irrelevant,68,True,True,1
LRM,irrelevant,69,False,False,1
LRM,irrelevant,70,Uncertain,True,0
LRM,irrelevant,71,False,True,0
LRM,irrelevant,72,True,Uncertain,0
LRM,irrelevant,73,True,True,1
LRM,irrelevant,74,False,False,1
LRM,irrelevant,76,True,True,1
LRM,irrelevant,77,False,Uncertain,0
LRM,irrelevant,78,False,True,0
LRM,irrelevant,79,True,True,1
LRM,irrelevant,80,Uncertain,Uncertain,1
LRM,irrelevant,81,True,True,1
LRM,irrelevant,82,False,True,0
LRM,irrelevant,83,False,False,1
LRM,irrelevant,84,True,True,1
LRM,irrelevant,86,True,True,1
LRM,irrelevant,87,True,True,1
LRM,irrelevant,88,True,True,1
LRM,irrelevant,89,Uncertain,False,0
LRM,irrelevant,90,True,True,1
LRM,irrelevant,91,False,False,1
LRM,irrelevant,92,False,False,1
LRM,irrelevant,93,Uncertain,False,0
LRM,irrelevant,94,True,True,1
LRM,irrelevant,95,Uncertain,True,0
LRM,irrelevant,96,False,False,1
LRM,irrelevant,97,True,True,1
LRM,irrelevant,98,Uncertain,False,0
LRM,irrelevant,99,True,True,1
LRM,irrelevant,100,False,False,1
LRM,irrelevant,101,Uncertain,False,0
LRM,irrelevant,102,False,False,1
LRM,irrelevant,103,True,True,1
LRM,irrelevant,104,True,True,1
LRM,irrelevant,105,True,True,1
LRM,irrelevant,106,False,False,1
LRM,irrelevant,107,Uncertain,False,0
LRM,irrelevant,108,False,True,0
LRM,irrelevant,109,True,True,1
LRM,irrelevant,110,Uncertain,False,0
LRM,irrelevant,111,True,True,1
LRM,irrelevant,112,Uncertain,False,0
LRM,irrelevant,113,False,True,0
LRM,irrelevant,114,False,False,1
LRM,irrelevant,115,True,True,1
LRM,irrelevant,116,Uncertain,Uncertain,1
LRM,irrelevant,117,Uncertain,False,0
LRM,irrelevant,118,True,True,1
LRM,irrelevant,119,False,False,1
LRM,irrelevant,120,Uncertain,False,0
LRM,irrelevant,121,Uncertain,False,0
LRM,irrelevant,123,True,True,1
LRM,irrelevant,124,Uncertain,False,0
LRM,irrelevant,125,True,True,1
LRM,irrelevant,126,False,False,1
LRM,irrelevant,127,False,Uncertain,0
LRM,irrelevant,128,True,True,1
LRM,irrelevant,129,Uncertain,False,0
LRM,irrelevant,130,True,Uncertain,0
LRM,irrelevant,131,True,True,1
LRM,irrelevant,132,Uncertain,False,0
LRM,irrelevant,133,Uncertain,True,0
LRM,irrelevant,134,True,Uncertain,0
LRM,irrelevant,136,False,False,1
LRM,irrelevant,137,True,True,1
LRM,irrelevant,138,False,False,1
LRM,irrelevant,139,Uncertain,False,0
LRM,irrelevant,140,False,True,0
LRM,irrelevant,143,Uncertain,True,0
LRM,irrelevant,144,Uncertain,False,0
LRM,irrelevant,145,Uncertain,False,0
LRM,irrelevant,146,True,True,1
LRM,irrelevant,147,True,True,1
LRM,irrelevant,148,False,True,0
LRM,irrelevant,149,True,False,0
LRM,irrelevant,150,Uncertain,False,0
LRM,irrelevant,151,Uncertain,False,0
LRM,irrelevant,153,False,False,1
LRM,irrelevant,154,True,False,0
LRM,irrelevant,155,Uncertain,False,0
LRM,irrelevant,156,False,False,1
LRM,irrelevant,157,True,True,1
LRM,irrelevant,158,True,True,1
LRM,irrelevant,159,Uncertain,True,0
LRM,irrelevant,160,True,True,1
LRM,irrelevant,161,Uncertain,False,0
LRM,irrelevant,162,False,False,1
LRM,irrelevant,163,Uncertain,False,0
LRM,irrelevant,164,False,False,1
LRM,irrelevant,165,True,False,0
LRM,irrelevant,166,True,True,1
LRM,irrelevant,167,True,True,1
LRM,irrelevant,168,False,False,1
LRM,irrelevant,169,Uncertain,True,0
LRM,irrelevant,170,True,True,1
LRM,irrelevant,171,False,False,1
LRM,irrelevant,172,Uncertain,Uncertain,1
LRM,irrelevant,173,False,Uncertain,0
LRM,irrelevant,174,True,True,1
LRM,irrelevant,175,Uncertain,False,0
LRM,irrelevant,176,False,False,1
LRM,irrelevant,177,True,True,1
LRM,irrelevant,178,False,False,1
LRM,irrelevant,179,False,False,1
LRM,irrelevant,180,False,False,1
LRM,irrelevant,181,Uncertain,False,0
LRM,irrelevant,182,True,True,1
LRM,irrelevant,183,False,False,1
LRM,irrelevant,184,True,True,1
LRM,irrelevant,185,False,False,1
LRM,irrelevant,186,Uncertain,False,0
LRM,irrelevant,187,Uncertain,False,0
LRM,irrelevant,188,True,True,1
LRM,irrelevant,189,False,False,1
LRM,irrelevant,190,False,False,1
LRM,irrelevant,191,False,True,0
LRM,irrelevant,192,False,False,1
LRM,irrelevant,193,False,False,1
LRM,irrelevant,194,Uncertain,True,0
LRM,irrelevant,195,Uncertain,True,0
LRM,irrelevant,197,True,Uncertain,0
LRM,irrelevant,198,False,False,1
LRM,irrelevant,199,False,False,1
LRM,irrelevant,200,False,False,1
LRM,irrelevant,201,Uncertain,False,0
LRM,irrelevant,202,Uncertain,True,0
LRM,irrelevant,100000,True,True,1
LRM,irrelevant,100001,True,Uncertain,0
LRM,irrelevant,100003,True,True,1
LRM,irrelevant,100005,True,True,1
LRM,irrelevant,100008,False,False,1
LRM,irrelevant,100009,True,True,1
LRM,irrelevant,100024,False,False,1
LRM,irrelevant,100025,True,True,1
LRM,irrelevant,100028,Uncertain,False,0
LRM,irrelevant,100036,False,True,0
LRM,irrelevant,100039,False,False,1
LRM,irrelevant,100040,Uncertain,False,0
LRM,irrelevant,100042,False,False,1
LRM,irrelevant,100045,Uncertain,False,0
LRM,irrelevant,100047,True,False,0
LRM,irrelevant,100051,False,False,1
LRM,irrelevant,100052,True,True,1
LRM,irrelevant,100070,True,True,1
LRM,irrelevant,100071,False,False,1
LRM,irrelevant,100074,Uncertain,True,0
LRM,irrelevant,100075,Uncertain,False,0
LRM,irrelevant,100077,False,False,1
LRM,irrelevant,100083,False,False,1
LRM,irrelevant,100086,Uncertain,Uncertain,1
LRM,irrelevant,100094,Uncertain,Uncertain,1
LRM,irrelevant,100095,False,False,1
LRM,irrelevant,100102,False,False,1
LRM,irrelevant,100105,False,False,1
LRM,irrelevant,100106,True,True,1
LRM,irrelevant,100109,False,False,1
LRM,irrelevant,100110,True,True,1
LRM,irrelevant,100111,Uncertain,False,0
LRM,irrelevant,100114,False,False,1
LRM,irrelevant,100118,True,Uncertain,0
LRM,irrelevant,100124,Uncertain,False,0
LRM,irrelevant,100127,True,True,1
LRM,irrelevant,100130,False,False,1
LRM,irrelevant,100133,False,False,1
LRM,irrelevant,100134,True,True,1
LRM,irrelevant,100135,True,True,1
LRM,irrelevant,100136,False,False,1
LRM,irrelevant,100137,Uncertain,False,0
LRM,irrelevant,100150,True,True,1
LRM,irrelevant,100151,Uncertain,False,0
LRM,irrelevant,100152,Uncertain,False,0
LRM,irrelevant,100158,True,False,0
LRM,irrelevant,100159,False,True,0
LRM,irrelevant,100161,True,True,1
LRM,irrelevant,100163,Uncertain,False,0
LRM,irrelevant,100165,Uncertain,False,0
LRM,irrelevant,100166,True,True,1
LRM,irrelevant,100173,Uncertain,Uncertain,1
LRM,irrelevant,100178,Uncertain,False,0
LRM,irrelevant,100180,True,True,1
LRM,irrelevant,100181,Uncertain,False,0
LRM,irrelevant,100182,False,False,1
LRM,irrelevant,100183,True,Uncertain,0
LRM,irrelevant,100194,True,True,1
LRM,irrelevant,100196,True,False,0
LRM,irrelevant,100197,True,True,1
LRM,irrelevant,100199,Uncertain,False,0
LRM,irrelevant,100201,False,False,1
LRM,irrelevant,100203,True,True,1
LRM,irrelevant,100204,Uncertain,False,0
LRM,irrelevant,100208,True,True,1
LRM,irrelevant,100209,Uncertain,Uncertain,1
LRM,irrelevant,100215,False,False,1
LRM,irrelevant,100218,True,False,0
LRM,irrelevant,100224,False,False,1
LRM,irrelevant,100227,False,False,1
LRM,irrelevant,100228,False,False,1
LRM,irrelevant,100230,Uncertain,False,0
LRM,irrelevant,100233,False,False,1
LRM,irrelevant,100240,True,False,0
LRM,irrelevant,100242,Uncertain,True,0
LRM,irrelevant,100244,Uncertain,False,0
LRM,irrelevant,100250,Uncertain,False,0
LRM,irrelevant,100252,True,True,1
LRM,irrelevant,100254,Uncertain,Uncertain,1
LRM,irrelevant,100255,True,True,1
LRM,irrelevant,100257,False,False,1
LRM,irrelevant,100260,True,True,1
LRM,irrelevant,100267,False,True,0
LRM,irrelevant,100268,False,False,1
LRM,irrelevant,100270,Uncertain,False,0
LRM,irrelevant,100271,True,True,1
LRM,irrelevant,100273,False,False,1
LRM,irrelevant,100278,True,True,1
LRM,irrelevant,100283,False,False,1
LRM,irrelevant,100285,Uncertain,False,0
LRM,irrelevant,100288,True,True,1
LRM,irrelevant,100290,Uncertain,False,0
LRM,irrelevant,100291,False,False,1
LRM,irrelevant,100293,False,False,1
LRM,irrelevant,100302,False,True,0
LRM,irrelevant,100306,True,True,1
LRM,irrelevant,100307,False,False,1
LRM,irrelevant,100308,True,True,1
LRM,irrelevant,100309,True,False,0
LRM,irrelevant,100311,True,True,1
LRM,irrelevant,100312,False,False,1
LRM,irrelevant,100315,Uncertain,True,0
LRM,irrelevant,100316,True,False,0
LRM,irrelevant,100317,True,True,1
LRM,irrelevant,100321,Uncertain,False,0
LRM,irrelevant,100323,Uncertain,False,0
LRM,irrelevant,100329,True,True,1
LRM,irrelevant,100334,True,True,1
LRM,irrelevant,100336,True,False,0
LRM,irrelevant,100338,False,False,1
LRM,irrelevant,100339,True,False,0
LRM,irrelevant,100340,False,False,1
LRM,irrelevant,100341,True,False,0
LRM,irrelevant,100343,False,False,1
LRM,irrelevant,100351,True,True,1
LRM,irrelevant,100353,Uncertain,False,0
LRM,irrelevant,100357,True,True,1
LRM,irrelevant,100358,Uncertain,False,0
LRM,irrelevant,100359,False,False,1
LRM,irrelevant,100362,Uncertain,False,0
LRM,irrelevant,100366,False,False,1
LRM,irrelevant,100372,Uncertain,False,0
LRM,irrelevant,100373,False,False,1
LRM,irrelevant,100378,True,True,1
LRM,irrelevant,100388,Uncertain,False,0
LRM,irrelevant,100391,True,False,0
LRM,irrelevant,100393,False,Uncertain,0
LRM,irrelevant,100394,True,True,1
LRM,irrelevant,100405,True,True,1
LRM,irrelevant,100408,False,False,1
LRM,irrelevant,100409,Uncertain,False,0
LRM,irrelevant,100412,Uncertain,False,0
LRM,irrelevant,100415,True,False,0
LRM,irrelevant,100416,Uncertain,False,0
LRM,irrelevant,100418,True,True,1
LRM,irrelevant,100421,Uncertain,False,0
LRM,irrelevant,100422,Uncertain,False,0
LRM,irrelevant,100424,False,False,1
LRM,irrelevant,100430,False,False,1
LRM,irrelevant,100433,False,False,1
LRM,irrelevant,100435,Uncertain,False,0
LRM,irrelevant,100437,False,False,1
LRM,irrelevant,100440,False,False,1
LRM,irrelevant,100441,Uncertain,False,0
LRM,irrelevant,100444,True,False,0
LRM,irrelevant,100446,Uncertain,False,0
LRM,irrelevant,100448,True,Uncertain,0
LRM,irrelevant,100466,True,True,1
LRM,irrelevant,100467,True,True,1
LRM,irrelevant,100468,Uncertain,False,0
LRM,irrelevant,100469,True,True,1
LRM,irrelevant,100471,False,False,1
LRM,irrelevant,100475,False,False,1
LRM,irrelevant,100476,True,False,0
LRM,irrelevant,100481,False,False,1
LRM,irrelevant,100484,False,False,1
LRM,irrelevant,100486,Uncertain,False,0
LRM,irrelevant,100500,True,False,0
LRM,irrelevant,100506,True,True,1
LRM,irrelevant,100517,False,False,1
LRM,irrelevant,100518,False,False,1
LRM,irrelevant,100519,False,False,1
LRM,irrelevant,100521,Uncertain,False,0
LRM,irrelevant,100523,True,False,0
LRM,irrelevant,100530,Uncertain,False,0
LRM,irrelevant,100532,False,False,1
LRM,irrelevant,100535,True,True,1
LRM,irrelevant,100541,Uncertain,False,0
LRM,irrelevant,100543,Uncertain,False,0
LRM,irrelevant,100549,True,True,1
LRM,irrelevant,100550,Uncertain,Uncertain,1
LRM,irrelevant,100551,True,True,1
LRM,irrelevant,100556,True,True,1
LRM,irrelevant,100558,True,True,1
LRM,irrelevant,100561,Uncertain,Uncertain,1
LRM,irrelevant,100564,Uncertain,False,0
LRM,irrelevant,100565,True,True,1
LRM,irrelevant,100566,True,True,1
LRM,irrelevant,100570,False,False,1
LRM,irrelevant,100572,Uncertain,True,0
LRM,irrelevant,100573,Uncertain,False,0
LRM,irrelevant,100574,False,False,1
LRM,irrelevant,100576,Uncertain,False,0
LRM,irrelevant,100578,True,True,1
LRM,irrelevant,100582,False,Uncertain,0
LRM,irrelevant,100583,False,Uncertain,0
LRM,irrelevant,100589,True,False,0
LRM,irrelevant,100590,Uncertain,True,0
LRM,irrelevant,100592,True,Uncertain,0
LRM,irrelevant,100593,True,True,1
LRM,irrelevant,100594,Uncertain,False,0
LRM,irrelevant,100596,True,True,1
LRM,irrelevant,100608,False,False,1
LRM,irrelevant,100610,False,True,0
LRM,irrelevant,100619,Uncertain,False,0
LRM,irrelevant,100620,True,True,1
LRM,irrelevant,100621,Uncertain,True,0
LRM,irrelevant,100625,False,False,1
LRM,irrelevant,100626,False,False,1
LRM,irrelevant,100630,False,Uncertain,0
LRM,irrelevant,100634,Uncertain,True,0
LRM,irrelevant,100635,True,True,1
LRM,irrelevant,100636,False,True,0
LRM,irrelevant,100644,Uncertain,Uncertain,1
LRM,irrelevant,100648,True,False,0
LRM,irrelevant,100649,False,False,1
LRM,irrelevant,100652,True,True,1
LRM,irrelevant,100656,False,False,1
LRM,irrelevant,100660,True,True,1
LRM,irrelevant,100669,True,True,1
LRM,irrelevant,100670,Uncertain,False,0
LRM,irrelevant,100671,Uncertain,True,0
LRM,irrelevant,100673,True,True,1
LRM,irrelevant,100674,Uncertain,True,0
LRM,irrelevant,100675,True,True,1
LRM,irrelevant,100679,False,False,1
LRM,irrelevant,100680,False,True,0
LRM,irrelevant,100682,False,False,1
LRM,irrelevant,100683,True,True,1
LRM,irrelevant,100685,False,False,1
LRM,irrelevant,100686,Uncertain,False,0
LRM,irrelevant,100687,True,True,1
LRM,irrelevant,100688,Uncertain,True,0
LRM,irrelevant,100691,False,False,1
LRM,irrelevant,100693,Uncertain,Uncertain,1
LRM,irrelevant,100695,True,Uncertain,0
LRM,irrelevant,100698,True,True,1
LRM,irrelevant,100703,False,False,1
LRM,irrelevant,100707,True,True,1
LRM,irrelevant,100713,False,True,0
LRM,irrelevant,100718,Uncertain,True,0
LRM,irrelevant,100720,False,False,1
LRM,irrelevant,100722,Uncertain,Uncertain,1
LRM,irrelevant,100725,True,True,1
LRM,irrelevant,100730,True,True,1
LRM,irrelevant,100733,False,False,1
LRM,irrelevant,100734,False,False,1
LRM,irrelevant,100736,False,True,0
LRM,irrelevant,100737,True,False,0
LRM,irrelevant,100752,True,Uncertain,0
LRM,irrelevant,100754,True,True,1
LRM,irrelevant,100759,True,False,0
LRM,irrelevant,100760,Uncertain,True,0
LRM,irrelevant,100765,Uncertain,False,0
LRM,irrelevant,100767,True,True,1
LRM,irrelevant,100769,Uncertain,True,0
LRM,irrelevant,100789,True,True,1
LRM,irrelevant,100790,Uncertain,True,0
LRM,irrelevant,100791,Uncertain,False,0
LRM,irrelevant,100792,Uncertain,Uncertain,1
LRM,irrelevant,100793,False,False,1
LRM,irrelevant,100798,True,True,1
LRM,irrelevant,100801,Uncertain,False,0
LRM,irrelevant,100804,Uncertain,False,0
LRM,irrelevant,100806,False,False,1
LRM,irrelevant,100809,True,True,1
LRM,irrelevant,100814,True,True,1
LRM,irrelevant,100815,Uncertain,False,0
LRM,irrelevant,100816,False,False,1
LRM,irrelevant,100819,False,False,1
LRM,irrelevant,100821,False,False,1
LRM,irrelevant,100826,Uncertain,False,0
LRM,irrelevant,100830,False,Uncertain,0
LRM,irrelevant,100831,True,True,1
LRM,irrelevant,100836,False,False,1
LRM,irrelevant,100841,Uncertain,False,0
LRM,irrelevant,100846,True,True,1
LRM,irrelevant,100849,False,False,1
LRM,irrelevant,100851,Uncertain,False,0
LRM,irrelevant,100853,Uncertain,False,0
LRM,irrelevant,100854,Uncertain,Uncertain,1
LRM,irrelevant,100863,False,False,1
LRM,irrelevant,100864,True,False,0
LRM,irrelevant,100866,True,True,1
LRM,irrelevant,100869,False,False,1
LRM,irrelevant,100873,False,False,1
LRM,irrelevant,100874,False,False,1
LRM,irrelevant,100875,True,True,1
LRM,irrelevant,100891,True,True,1
LRM,irrelevant,100892,False,False,1
LRM,irrelevant,100900,Uncertain,False,0
LRM,irrelevant,100902,True,True,1
LRM,irrelevant,100907,True,True,1
LRM,irrelevant,100911,False,False,1
LRM,irrelevant,100912,True,False,0
LRM,irrelevant,100913,Uncertain,False,0
LRM,irrelevant,100914,True,False,0
LRM,irrelevant,100918,True,True,1
LRM,irrelevant,100925,Uncertain,False,0
LRM,irrelevant,100927,False,False,1
LRM,irrelevant,100932,False,False,1
LRM,irrelevant,100934,Uncertain,False,0
LRM,irrelevant,100949,Uncertain,False,0
LRM,irrelevant,100950,True,True,1
LRM,irrelevant,100951,False,False,1
LRM,irrelevant,100955,Uncertain,False,0
LRM,irrelevant,100957,True,True,1
LRM,irrelevant,100958,False,False,1
LRM,irrelevant,100959,False,False,1
LRM,irrelevant,100964,Uncertain,False,0
LRM,irrelevant,100966,Uncertain,False,0
LRM,irrelevant,100967,Uncertain,True,0
LRM,irrelevant,100970,True,False,0
LRM,irrelevant,100973,Uncertain,False,0
LRM,irrelevant,100978,True,True,1
LRM,irrelevant,100980,False,Uncertain,0
LRM,irrelevant,100982,True,True,1
LRM,irrelevant,100984,True,True,1
LRM,irrelevant,100986,True,False,0
LRM,irrelevant,100993,Uncertain,False,0
LRM,irrelevant,100994,False,False,1
LRM,irrelevant,100999,False,False,1
LRM,irrelevant,16,Uncertain,False,0
LRM,irrelevant,26,Uncertain,False,0
LRM,irrelevant,27,Uncertain,Uncertain,1
LRM,irrelevant,28,True,True,1
LRM,irrelevant,57,False,False,1
LRM,irrelevant,75,Uncertain,False,0
LRM,irrelevant,85,Uncertain,False,0
LRM,irrelevant,122,False,False,1
LRM,irrelevant,135,Uncertain,False,0
LRM,irrelevant,141,True,False,0
LRM,irrelevant,142,True,False,0
LRM,irrelevant,152,Uncertain,True,0
LRM,irrelevant,196,False,False,1
LRM,irrelevant,100249,Uncertain,False,0
LRM,irrelevant,100429,Uncertain,True,0
LRM,irrelevant,100452,True,True,1
LRM,irrelevant,100527,Uncertain,False,0
LRM,irrelevant,100567,Uncertain,False,0
LRM,irrelevant,100597,False,False,1
LRM,missing,0,Uncertain,SKIP,
LRM,missing,1,True,SKIP,
LRM,missing,2,False,SKIP,
LRM,missing,3,Uncertain,SKIP,
LRM,missing,4,Uncertain,SKIP,
LRM,missing,5,True,True,1
LRM,missing,6,True,True,1
LRM,missing,7,Uncertain,SKIP,
LRM,missing,8,Uncertain,SKIP,
LRM,missing,9,True,True,1
LRM,missing,10,False,False,1
LRM,missing,11,Uncertain,SKIP,
LRM,missing,12,True,True,1
LRM,missing,13,Uncertain,SKIP,
LRM,missing,14,False,False,1
LRM,missing,15,True,True,1
LRM,missing,17,Uncertain,SKIP,
LRM,missing,18,True,False,0
LRM,missing,19,True,True,1
LRM,missing,20,False,False,1
LRM,missing,21,True,False,0
LRM,missing,22,False,False,1
LRM,missing,23,Uncertain,SKIP,
LRM,missing,24,True,False,0
LRM,missing,25,Uncertain,SKIP,
LRM,missing,29,False,False,1
LRM,missing,30,Uncertain,SKIP,
LRM,missing,31,True,True,1
LRM,missing,32,False,False,1
LRM,missing,33,True,True,1
LRM,missing,34,Uncertain,SKIP,
LRM,missing,35,False,False,1
LRM,missing,36,True,SKIP,
LRM,missing,37,True,True,1
LRM,missing,38,False,SKIP,
LRM,missing,39,Uncertain,SKIP,
LRM,missing,40,True,SKIP,
LRM,missing,41,False,SKIP,
LRM,missing,42,True,SKIP,
LRM,missing,43,Uncertain,SKIP,
LRM,missing,44,False,SKIP,
LRM,missing,45,Uncertain,SKIP,
LRM,missing,46,True,False,0
LRM,missing,47,Uncertain,SKIP,
LRM,missing,48,Uncertain,SKIP,
LRM,missing,49,False,Uncertain,0
LRM,missing,50,True,True,1
LRM,missing,51,False,SKIP,
LRM,missing,52,Uncertain,SKIP,
LRM,missing,53,True,True,1
LRM,missing,54,True,True,1
LRM,missing,55,False,True,0
LRM,missing,56,Uncertain,SKIP,
LRM,missing,58,Uncertain,SKIP,
LRM,missing,59,True,False,0
LRM,missing,60,Uncertain,SKIP,
LRM,missing,61,Uncertain,SKIP,
LRM,missing,62,Uncertain,SKIP,
LRM,missing,63,False,Uncertain,0
LRM,missing,64,True,True,1
LRM,missing,65,True,True,1
LRM,missing,66,Uncertain,SKIP,
LRM,missing,67,True,SKIP,
LRM,missing,68,True,False,0
LRM,missing,69,False,False,1
LRM,missing,70,Uncertain,SKIP,
LRM,missing,71,False,SKIP,
LRM,missing,72,True,SKIP,
LRM,missing,73,True,True,1
LRM,missing,74,False,SKIP,
LRM,missing,76,True,Uncertain,0
LRM,missing,77,False,SKIP,
LRM,missing,78,False,False,1
LRM,missing,79,True,False,0
LRM,missing,80,Uncertain,SKIP,
LRM,missing,81,True,True,1
LRM,missing,82,False,True,0
LRM,missing,83,False,SKIP,
LRM,missing,84,True,False,0
LRM,missing,86,True,SKIP,
LRM,missing,87,True,False,0
LRM,missing,88,True,True,1
LRM,missing,89,Uncertain,SKIP,
LRM,missing,90,True,SKIP,
LRM,missing,91,False,SKIP,
LRM,missing,92,False,SKIP,
LRM,missing,93,Uncertain,SKIP,
LRM,missing,94,True,SKIP,
LRM,missing,95,Uncertain,SKIP,
LRM,missing,96,False,False,1
LRM,missing,97,True,False,0
LRM,missing,98,Uncertain,SKIP,
LRM,missing,99,True,SKIP,
LRM,missing,100,False,SKIP,
LRM,missing,101,Uncertain,SKIP,
LRM,missing,102,False,False,1
LRM,missing,103,True,SKIP,
LRM,missing,104,True,SKIP,
LRM,missing,105,True,SKIP,
LRM,missing,106,False,SKIP,
LRM,missing,107,Uncertain,SKIP,
LRM,missing,108,False,SKIP,
LRM,missing,109,True,SKIP,
LRM,missing,110,Uncertain,SKIP,
LRM,missing,111,True,True,1
LRM,missing,112,Uncertain,SKIP,
LRM,missing,113,False,False,1
LRM,missing,114,False,True,0
LRM,missing,115,True,False,0
LRM,missing,116,Uncertain,SKIP,
LRM,missing,117,Uncertain,SKIP,
LRM,missing,118,True,SKIP,
LRM,missing,119,False,True,0
LRM,missing,120,Uncertain,SKIP,
LRM,missing,121,Uncertain,SKIP,
LRM,missing,123,True,SKIP,
LRM,missing,124,Uncertain,SKIP,
LRM,missing,125,True,True,1
LRM,missing,126,False,False,1
LRM,missing,127,False,SKIP,
LRM,missing,128,True,SKIP,
LRM,missing,129,Uncertain,SKIP,
LRM,missing,130,True,SKIP,
LRM,missing,131,True,Uncertain,0
LRM,missing,132,Uncertain,SKIP,
LRM,missing,133,Uncertain,SKIP,
LRM,missing,134,True,False,0
LRM,missing,136,False,SKIP,
LRM,missing,137,True,SKIP,
LRM,missing,138,False,False,1
LRM,missing,139,Uncertain,SKIP,
LRM,missing,140,False,SKIP,
LRM,missing,143,Uncertain,SKIP,
LRM,missing,144,Uncertain,SKIP,
LRM,missing,145,Uncertain,SKIP,
LRM,missing,146,True,True,1
LRM,missing,147,True,Uncertain,0
LRM,missing,148,False,SKIP,
LRM,missing,149,True,True,1
LRM,missing,150,Uncertain,SKIP,
LRM,missing,151,Uncertain,SKIP,
LRM,missing,153,False,False,1
LRM,missing,154,True,True,1
LRM,missing,155,Uncertain,SKIP,
LRM,missing,156,False,SKIP,
LRM,missing,157,True,False,0
LRM,missing,158,True,Uncertain,0
LRM,missing,159,Uncertain,SKIP,
LRM,missing,160,True,False,0
LRM,missing,161,Uncertain,SKIP,
LRM,missing,162,False,False,1
LRM,missing,163,Uncertain,SKIP,
LRM,missing,164,False,SKIP,
LRM,missing,165,True,SKIP,
LRM,missing,166,True,False,0
LRM,missing,167,True,True,1
LRM,missing,168,False,False,1
LRM,missing,169,Uncertain,SKIP,
LRM,missing,170,True,False,0
LRM,missing,171,False,True,0
LRM,missing,172,Uncertain,SKIP,
LRM,missing,173,False,SKIP,
LRM,missing,174,True,SKIP,
LRM,missing,175,Uncertain,SKIP,
LRM,missing,176,False,Uncertain,0
LRM,missing,177,True,True,1
LRM,missing,178,False,False,1
LRM,missing,179,False,False,1
LRM,missing,180,False,False,1
LRM,missing,181,Uncertain,SKIP,
LRM,missing,182,True,True,1
LRM,missing,183,False,Uncertain,0
LRM,missing,184,True,True,1
LRM,missing,185,False,SKIP,
LRM,missing,186,Uncertain,SKIP,
LRM,missing,187,Uncertain,SKIP,
LRM,missing,188,True,Uncertain,0
LRM,missing,189,False,Uncertain,0
LRM,missing,190,False,False,1
LRM,missing,191,False,False,1
LRM,missing,192,False,False,1
LRM,missing,193,False,False,1
LRM,missing,194,Uncertain,SKIP,
LRM,missing,195,Uncertain,SKIP,
LRM,missing,197,True,False,0
LRM,missing,198,False,False,1
LRM,missing,199,False,False,1
LRM,missing,200,False,False,1
LRM,missing,201,Uncertain,SKIP,
LRM,missing,202,Uncertain,SKIP,
LRM,missing,100000,True,False,0
LRM,missing,100001,True,SKIP,
LRM,missing,100003,True,SKIP,
LRM,missing,100005,True,SKIP,
LRM,missing,100008,False,False,1
LRM,missing,100009,True,True,1
LRM,missing,100024,False,SKIP,
LRM,missing,100025,True,True,1
LRM,missing,100028,Uncertain,SKIP,
LRM,missing,100036,False,False,1
LRM,missing,100039,False,SKIP,
LRM,missing,100040,Uncertain,SKIP,
LRM,missing,100042,False,SKIP,
LRM,missing,100045,Uncertain,SKIP,
LRM,missing,100047,True,SKIP,
LRM,missing,100051,False,False,1
LRM,missing,100052,True,False,0
LRM,missing,100070,True,SKIP,
LRM,missing,100071,False,SKIP,
LRM,missing,100074,Uncertain,SKIP,
LRM,missing,100075,Uncertain,SKIP,
LRM,missing,100077,False,SKIP,
LRM,missing,100083,False,SKIP,
LRM,missing,100086,Uncertain,SKIP,
LRM,missing,100094,Uncertain,SKIP,
LRM,missing,100095,False,False,1
LRM,missing,100102,False,True,0
LRM,missing,100105,False,False,1
LRM,missing,100106,True,False,0
LRM,missing,100109,False,SKIP,
LRM,missing,100110,True,SKIP,
LRM,missing,100111,Uncertain,SKIP,
LRM,missing,100114,False,SKIP,
LRM,missing,100118,True,SKIP,
LRM,missing,100124,Uncertain,SKIP,
LRM,missing,100127,True,False,0
LRM,missing,100130,False,False,1
LRM,missing,100133,False,Uncertain,0
LRM,missing,100134,True,True,1
LRM,missing,100135,True,True,1
LRM,missing,100136,False,SKIP,
LRM,missing,100137,Uncertain,SKIP,
LRM,missing,100150,True,Uncertain,0
LRM,missing,100151,Uncertain,SKIP,
LRM,missing,100152,Uncertain,SKIP,
LRM,missing,100158,True,SKIP,
LRM,missing,100159,False,SKIP,
LRM,missing,100161,True,SKIP,
LRM,missing,100163,Uncertain,SKIP,
LRM,missing,100165,Uncertain,SKIP,
LRM,missing,100166,True,SKIP,
LRM,missing,100173,Uncertain,SKIP,
LRM,missing,100178,Uncertain,SKIP,
LRM,missing,100180,True,False,0
LRM,missing,100181,Uncertain,SKIP,
LRM,missing,100182,False,False,1
LRM,missing,100183,True,False,0
LRM,missing,100194,True,Uncertain,0
LRM,missing,100196,True,SKIP,
LRM,missing,100197,True,False,0
LRM,missing,100199,Uncertain,SKIP,
LRM,missing,100201,False,SKIP,
LRM,missing,100203,True,False,0
LRM,missing,100204,Uncertain,SKIP,
LRM,missing,100208,True,SKIP,
LRM,missing,100209,Uncertain,SKIP,
LRM,missing,100215,False,True,0
LRM,missing,100218,True,SKIP,
LRM,missing,100224,False,False,1
LRM,missing,100227,False,SKIP,
LRM,missing,100228,False,SKIP,
LRM,missing,100230,Uncertain,SKIP,
LRM,missing,100233,False,False,1
LRM,missing,100240,True,SKIP,
LRM,missing,100242,Uncertain,SKIP,
LRM,missing,100244,Uncertain,SKIP,
LRM,missing,100250,Uncertain,SKIP,
LRM,missing,100252,True,False,0
LRM,missing,100254,Uncertain,SKIP,
LRM,missing,100255,True,SKIP,
LRM,missing,100257,False,False,1
LRM,missing,100260,True,False,0
LRM,missing,100267,False,SKIP,
LRM,missing,100268,False,SKIP,
LRM,missing,100270,Uncertain,SKIP,
LRM,missing,100271,True,SKIP,
LRM,missing,100273,False,False,1
LRM,missing,100278,True,SKIP,
LRM,missing,100283,False,SKIP,
LRM,missing,100285,Uncertain,SKIP,
LRM,missing,100288,True,SKIP,
LRM,missing,100290,Uncertain,SKIP,
LRM,missing,100291,False,SKIP,
LRM,missing,100293,False,False,1
LRM,missing,100302,False,SKIP,
LRM,missing,100306,True,False,0
LRM,missing,100307,False,False,1
LRM,missing,100308,True,Uncertain,0
LRM,missing,100309,True,False,0
LRM,missing,100311,True,True,1
LRM,missing,100312,False,True,0
LRM,missing,100315,Uncertain,SKIP,
LRM,missing,100316,True,SKIP,
LRM,missing,100317,True,SKIP,
LRM,missing,100321,Uncertain,SKIP,
LRM,missing,100323,Uncertain,SKIP,
LRM,missing,100329,True,False,0
LRM,missing,100334,True,SKIP,
LRM,missing,100336,True,SKIP,
LRM,missing,100338,False,SKIP,
LRM,missing,100339,True,SKIP,
LRM,missing,100340,False,SKIP,
LRM,missing,100341,True,SKIP,
LRM,missing,100343,False,False,1
LRM,missing,100351,True,SKIP,
LRM,missing,100353,Uncertain,SKIP,
LRM,missing,100357,True,False,0
LRM,missing,100358,Uncertain,SKIP,
LRM,missing,100359,False,False,1
LRM,missing,100362,Uncertain,SKIP,
LRM,missing,100366,False,Uncertain,0
LRM,missing,100372,Uncertain,SKIP,
LRM,missing,100373,False,SKIP,
LRM,missing,100378,True,False,0
LRM,missing,100388,Uncertain,SKIP,
LRM,missing,100391,True,SKIP,
LRM,missing,100393,False,False,1
LRM,missing,100394,True,True,1
LRM,missing,100405,True,False,0
LRM,missing,100408,False,Uncertain,0
LRM,missing,100409,Uncertain,SKIP,
LRM,missing,100412,Uncertain,SKIP,
LRM,missing,100415,True,False,0
LRM,missing,100416,Uncertain,SKIP,
LRM,missing,100418,True,SKIP,
LRM,missing,100421,Uncertain,SKIP,
LRM,missing,100422,Uncertain,SKIP,
LRM,missing,100424,False,False,1
LRM,missing,100430,False,SKIP,
LRM,missing,100433,False,False,1
LRM,missing,100435,Uncertain,SKIP,
LRM,missing,100437,False,SKIP,
LRM,missing,100440,False,False,1
LRM,missing,100441,Uncertain,SKIP,
LRM,missing,100444,True,False,0
LRM,missing,100446,Uncertain,SKIP,
LRM,missing,100448,True,SKIP,
LRM,missing,100466,True,False,0
LRM,missing,100467,True,True,1
LRM,missing,100468,Uncertain,SKIP,
LRM,missing,100469,True,False,0
LRM,missing,100471,False,SKIP,
LRM,missing,100475,False,SKIP,
LRM,missing,100476,True,SKIP,
LRM,missing,100481,False,False,1
LRM,missing,100484,False,False,1
LRM,missing,100486,Uncertain,SKIP,
LRM,missing,100500,True,SKIP,
LRM,missing,100506,True,False,0
LRM,missing,100517,False,SKIP,
LRM,missing,100518,False,SKIP,
LRM,missing,100519,False,SKIP,
LRM,missing,100521,Uncertain,SKIP,
LRM,missing,100523,True,SKIP,
LRM,missing,100530,Uncertain,SKIP,
LRM,missing,100532,False,False,1
LRM,missing,100535,True,False,0
LRM,missing,100541,Uncertain,SKIP,
LRM,missing,100543,Uncertain,SKIP,
LRM,missing,100549,True,SKIP,
LRM,missing,100550,Uncertain,SKIP,
LRM,missing,100551,True,SKIP,
LRM,missing,100556,True,True,1
LRM,missing,100558,True,False,0
LRM,missing,100561,Uncertain,SKIP,
LRM,missing,100564,Uncertain,SKIP,
LRM,missing,100565,True,SKIP,
LRM,missing,100566,True,SKIP,
LRM,missing,100570,False,SKIP,
LRM,missing,100572,Uncertain,SKIP,
LRM,missing,100573,Uncertain,SKIP,
LRM,missing,100574,False,False,1
LRM,missing,100576,Uncertain,SKIP,
LRM,missing,100578,True,True,1
LRM,missing,100582,False,False,1
LRM,missing,100583,False,SKIP,
LRM,missing,100589,True,SKIP,
LRM,missing,100590,Uncertain,SKIP,
LRM,missing,100592,True,SKIP,
LRM,missing,100593,True,False,0
LRM,missing,100594,Uncertain,SKIP,
LRM,missing,100596,True,True,1
LRM,missing,100608,False,False,1
LRM,missing,100610,False,SKIP,
LRM,missing,100619,Uncertain,SKIP,
LRM,missing,100620,True,SKIP,
LRM,missing,100621,Uncertain,SKIP,
LRM,missing,100625,False,SKIP,
LRM,missing,100626,False,SKIP,
LRM,missing,100630,False,SKIP,
LRM,missing,100634,Uncertain,SKIP,
LRM,missing,100635,True,SKIP,
LRM,missing,100636,False,SKIP,
LRM,missing,100644,Uncertain,SKIP,
LRM,missing,100648,True,False,0
LRM,missing,100649,False,False,1
LRM,missing,100652,True,True,1
LRM,missing,100656,False,False,1
LRM,missing,100660,True,False,0
LRM,missing,100669,True,True,1
LRM,missing,100670,Uncertain,SKIP,
LRM,missing,100671,Uncertain,SKIP,
LRM,missing,100673,True,SKIP,
LRM,missing,100674,Uncertain,SKIP,
LRM,missing,100675,True,False,0
LRM,missing,100679,False,SKIP,
LRM,missing,100680,False,SKIP,
LRM,missing,100682,False,Error,
LRM,missing,100683,True,SKIP,
LRM,missing,100685,False,False,1
LRM,missing,100686,Uncertain,SKIP,
LRM,missing,100687,True,False,0
LRM,missing,100688,Uncertain,SKIP,
LRM,missing,100691,False,False,1
LRM,missing,100693,Uncertain,SKIP,
LRM,missing,100695,True,SKIP,
LRM,missing,100698,True,SKIP,
LRM,missing,100703,False,SKIP,
LRM,missing,100707,True,False,0
LRM,missing,100713,False,SKIP,
LRM,missing,100718,Uncertain,SKIP,
LRM,missing,100720,False,True,0
LRM,missing,100722,Uncertain,SKIP,
LRM,missing,100725,True,Uncertain,0
LRM,missing,100730,True,SKIP,
LRM,missing,100733,False,SKIP,
LRM,missing,100734,False,SKIP,
LRM,missing,100736,False,SKIP,
LRM,missing,100737,True,SKIP,
LRM,missing,100752,True,SKIP,
LRM,missing,100754,True,False,0
LRM,missing,100759,True,SKIP,
LRM,missing,100760,Uncertain,SKIP,
LRM,missing,100765,Uncertain,SKIP,
LRM,missing,100767,True,SKIP,
LRM,missing,100769,Uncertain,SKIP,
LRM,missing,100789,True,SKIP,
LRM,missing,100790,Uncertain,SKIP,
LRM,missing,100791,Uncertain,SKIP,
LRM,missing,100792,Uncertain,SKIP,
LRM,missing,100793,False,False,1
LRM,missing,100798,True,False,0
LRM,missing,100801,Uncertain,SKIP,
LRM,missing,100804,Uncertain,SKIP,
LRM,missing,100806,False,False,1
LRM,missing,100809,True,False,0
LRM,missing,100814,True,SKIP,
LRM,missing,100815,Uncertain,SKIP,
LRM,missing,100816,False,False,1
LRM,missing,100819,False,SKIP,
LRM,missing,100821,False,SKIP,
LRM,missing,100826,Uncertain,SKIP,
LRM,missing,100830,False,SKIP,
LRM,missing,100831,True,SKIP,
LRM,missing,100836,False,False,1
LRM,missing,100841,Uncertain,SKIP,
LRM,missing,100846,True,False,0
LRM,missing,100849,False,SKIP,
LRM,missing,100851,Uncertain,SKIP,
LRM,missing,100853,Uncertain,SKIP,
LRM,missing,100854,Uncertain,SKIP,
LRM,missing,100863,False,SKIP,
LRM,missing,100864,True,SKIP,
LRM,missing,100866,True,Uncertain,0
LRM,missing,100869,False,SKIP,
LRM,missing,100873,False,False,1
LRM,missing,100874,False,False,1
LRM,missing,100875,True,False,0
LRM,missing,100891,True,SKIP,
LRM,missing,100892,False,SKIP,
LRM,missing,100900,Uncertain,SKIP,
LRM,missing,100902,True,False,0
LRM,missing,100907,True,SKIP,
LRM,missing,100911,False,SKIP,
LRM,missing,100912,True,SKIP,
LRM,missing,100913,Uncertain,SKIP,
LRM,missing,100914,True,SKIP,
LRM,missing,100918,True,SKIP,
LRM,missing,100925,Uncertain,SKIP,
LRM,missing,100927,False,False,1
LRM,missing,100932,False,False,1
LRM,missing,100934,Uncertain,SKIP,
LRM,missing,100949,Uncertain,SKIP,
LRM,missing,100950,True,False,0
LRM,missing,100951,False,Uncertain,0
LRM,missing,100955,Uncertain,SKIP,
LRM,missing,100957,True,False,0
LRM,missing,100958,False,False,1
LRM,missing,100959,False,False,1
LRM,missing,100964,Uncertain,SKIP,
LRM,missing,100966,Uncertain,SKIP,
LRM,missing,100967,Uncertain,SKIP,
LRM,missing,100970,True,False,0
LRM,missing,100973,Uncertain,SKIP,
LRM,missing,100978,True,False,0
LRM,missing,100980,False,False,1
LRM,missing,100982,True,False,0
LRM,missing,100984,True,False,0
LRM,missing,100986,True,SKIP,
LRM,missing,100993,Uncertain,SKIP,
LRM,missing,100994,False,False,1
LRM,missing,100999,False,False,1
LRM,missing,16,Uncertain,SKIP,
LRM,missing,26,Uncertain,SKIP,
LRM,missing,27,Uncertain,SKIP,
LRM,missing,28,True,False,0
LRM,missing,57,False,SKIP,
LRM,missing,75,Uncertain,SKIP,
LRM,missing,85,Uncertain,SKIP,
LRM,missing,122,False,SKIP,
LRM,missing,135,Uncertain,SKIP,
LRM,missing,141,True,SKIP,
LRM,missing,142,True,SKIP,
LRM,missing,152,Uncertain,SKIP,
LRM,missing,196,False,False,1
LRM,missing,100249,Uncertain,SKIP,
LRM,missing,100429,Uncertain,SKIP,
LRM,missing,100452,True,True,1
LRM,missing,100527,Uncertain,SKIP,
LRM,missing,100567,Uncertain,SKIP,
LRM,missing,100597,False,False,1
LRM,complex,0,Uncertain,Uncertain,1
LRM,complex,1,True,True,1
LRM,complex,2,False,False,1
LRM,complex,3,Uncertain,False,0
LRM,complex,4,Uncertain,Uncertain,1
LRM,complex,5,True,True,1
LRM,complex,6,True,True,1
LRM,complex,7,Uncertain,False,0
LRM,complex,8,Uncertain,False,0
LRM,complex,9,True,True,1
LRM,complex,10,False,False,1
LRM,complex,11,Uncertain,False,0
LRM,complex,12,True,True,1
LRM,complex,13,Uncertain,False,0
LRM,complex,14,False,False,1
LRM,complex,15,True,True,1
LRM,complex,17,Uncertain,True,0
LRM,complex,18,True,True,1
LRM,complex,19,True,True,1
LRM,complex,20,False,False,1
LRM,complex,21,True,True,1
LRM,complex,22,False,False,1
LRM,complex,23,Uncertain,False,0
LRM,complex,24,True,True,1
LRM,complex,25,Uncertain,False,0
LRM,complex,29,False,Uncertain,0
LRM,complex,30,Uncertain,False,0
LRM,complex,31,True,True,1
LRM,complex,32,False,False,1
LRM,complex,33,True,True,1
LRM,complex,34,Uncertain,True,0
LRM,complex,35,False,False,1
LRM,complex,36,True,True,1
LRM,complex,37,True,True,1
LRM,complex,38,False,False,1
LRM,complex,39,Uncertain,True,0
LRM,complex,40,True,True,1
LRM,complex,41,False,Uncertain,0
LRM,complex,42,True,True,1
LRM,complex,43,Uncertain,True,0
LRM,complex,44,False,False,1
LRM,complex,45,Uncertain,False,0
LRM,complex,46,True,True,1
LRM,complex,47,Uncertain,False,0
LRM,complex,48,Uncertain,False,0
LRM,complex,49,False,False,1
LRM,complex,50,True,True,1
LRM,complex,51,False,False,1
LRM,complex,52,Uncertain,False,0
LRM,complex,53,True,True,1
LRM,complex,54,True,True,1
LRM,complex,55,False,False,1
LRM,complex,56,Uncertain,False,0
LRM,complex,58,Uncertain,False,0
LRM,complex,59,True,True,1
LRM,complex,60,Uncertain,False,0
LRM,complex,61,Uncertain,False,0
LRM,complex,62,Uncertain,False,0
LRM,complex,63,False,False,1
LRM,complex,64,True,False,0
LRM,complex,65,True,True,1
LRM,complex,66,Uncertain,False,0
LRM,complex,67,True,True,1
LRM,complex,68,True,True,1
LRM,complex,69,False,False,1
LRM,complex,70,Uncertain,True,0
LRM,complex,71,False,False,1
LRM,complex,72,True,True,1
LRM,complex,73,True,True,1
LRM,complex,74,False,False,1
LRM,complex,76,True,False,0
LRM,complex,77,False,Uncertain,0
LRM,complex,78,False,False,1
LRM,complex,79,True,True,1
LRM,complex,80,Uncertain,True,0
LRM,complex,81,True,True,1
LRM,complex,82,False,False,1
LRM,complex,83,False,False,1
LRM,complex,84,True,True,1
LRM,complex,86,True,True,1
LRM,complex,87,True,True,1
LRM,complex,88,True,True,1
LRM,complex,89,Uncertain,False,0
LRM,complex,90,True,True,1
LRM,complex,91,False,False,1
LRM,complex,92,False,False,1
LRM,complex,93,Uncertain,False,0
LRM,complex,94,True,True,1
LRM,complex,95,Uncertain,True,0
LRM,complex,96,False,False,1
LRM,complex,97,True,False,0
LRM,complex,98,Uncertain,False,0
LRM,complex,99,True,True,1
LRM,complex,100,False,False,1
LRM,complex,101,Uncertain,False,0
LRM,complex,102,False,False,1
LRM,complex,103,True,Uncertain,0
LRM,complex,104,True,True,1
LRM,complex,105,True,True,1
LRM,complex,106,False,False,1
LRM,complex,107,Uncertain,Uncertain,1
LRM,complex,108,False,True,0
LRM,complex,109,True,Uncertain,0
LRM,complex,110,Uncertain,False,0
LRM,complex,111,True,True,1
LRM,complex,112,Uncertain,False,0
LRM,complex,113,False,False,1
LRM,complex,114,False,False,1
LRM,complex,115,True,True,1
LRM,complex,116,Uncertain,Uncertain,1
LRM,complex,117,Uncertain,False,0
LRM,complex,118,True,True,1
LRM,complex,119,False,False,1
LRM,complex,120,Uncertain,False,0
LRM,complex,121,Uncertain,True,0
LRM,complex,123,True,True,1
LRM,complex,124,Uncertain,False,0
LRM,complex,125,True,True,1
LRM,complex,126,False,False,1
LRM,complex,127,False,False,1
LRM,complex,128,True,False,0
LRM,complex,129,Uncertain,False,0
LRM,complex,130,True,Uncertain,0
LRM,complex,131,True,True,1
LRM,complex,132,Uncertain,False,0
LRM,complex,133,Uncertain,False,0
LRM,complex,134,True,True,1
LRM,complex,136,False,False,1
LRM,complex,137,True,True,1
LRM,complex,138,False,False,1
LRM,complex,139,Uncertain,Uncertain,1
LRM,complex,140,False,False,1
LRM,complex,143,Uncertain,False,0
LRM,complex,144,Uncertain,False,0
LRM,complex,145,Uncertain,False,0
LRM,complex,146,True,False,0
LRM,complex,147,True,True,1
LRM,complex,148,False,True,0
LRM,complex,149,True,True,1
LRM,complex,150,Uncertain,False,0
LRM,complex,151,Uncertain,Uncertain,1
LRM,complex,153,False,False,1
LRM,complex,154,True,False,0
LRM,complex,155,Uncertain,False,0
LRM,complex,156,False,False,1
LRM,complex,157,True,True,1
LRM,complex,158,True,Uncertain,0
LRM,complex,159,Uncertain,True,0
LRM,complex,160,True,True,1
LRM,complex,161,Uncertain,False,0
LRM,complex,162,False,False,1
LRM,complex,163,Uncertain,False,0
LRM,complex,164,False,False,1
LRM,complex,165,True,False,0
LRM,complex,166,True,True,1
LRM,complex,167,True,True,1
LRM,complex,168,False,False,1
LRM,complex,169,Uncertain,False,0
LRM,complex,170,True,True,1
LRM,complex,171,False,False,1
LRM,complex,172,Uncertain,False,0
LRM,complex,173,False,False,1
LRM,complex,174,True,True,1
LRM,complex,175,Uncertain,False,0
LRM,complex,176,False,False,1
LRM,complex,177,True,True,1
LRM,complex,178,False,False,1
LRM,complex,179,False,False,1
LRM,complex,180,False,False,1
LRM,complex,181,Uncertain,False,0
LRM,complex,182,True,True,1
LRM,complex,183,False,False,1
LRM,complex,184,True,True,1
LRM,complex,185,False,False,1
LRM,complex,186,Uncertain,False,0
LRM,complex,187,Uncertain,False,0
LRM,complex,188,True,True,1
LRM,complex,189,False,False,1
LRM,complex,190,False,False,1
LRM,complex,191,False,False,1
LRM,complex,192,False,False,1
LRM,complex,193,False,False,1
LRM,complex,194,Uncertain,False,0
LRM,complex,195,Uncertain,False,0
LRM,complex,197,True,True,1
LRM,complex,198,False,False,1
LRM,complex,199,False,False,1
LRM,complex,200,False,False,1
LRM,complex,201,Uncertain,False,0
LRM,complex,202,Uncertain,True,0
LRM,complex,100000,True,True,1
LRM,complex,100001,True,False,0
LRM,complex,100003,True,True,1
LRM,complex,100005,True,True,1
LRM,complex,100008,False,False,1
LRM,complex,100009,True,True,1
LRM,complex,100024,False,False,1
LRM,complex,100025,True,True,1
LRM,complex,100028,Uncertain,False,0
LRM,complex,100036,False,True,0
LRM,complex,100039,False,True,0
LRM,complex,100040,Uncertain,True,0
LRM,complex,100042,False,False,1
LRM,complex,100045,Uncertain,False,0
LRM,complex,100047,True,Uncertain,0
LRM,complex,100051,False,False,1
LRM,complex,100052,True,True,1
LRM,complex,100070,True,False,0
LRM,complex,100071,False,False,1
LRM,complex,100074,Uncertain,False,0
LRM,complex,100075,Uncertain,Uncertain,1
LRM,complex,100077,False,False,1
LRM,complex,100083,False,False,1
LRM,complex,100086,Uncertain,False,0
LRM,complex,100094,Uncertain,Uncertain,1
LRM,complex,100095,False,False,1
LRM,complex,100102,False,True,0
LRM,complex,100105,False,False,1
LRM,complex,100106,True,True,1
LRM,complex,100109,False,False,1
LRM,complex,100110,True,Uncertain,0
LRM,complex,100111,Uncertain,False,0
LRM,complex,100114,False,Uncertain,0
LRM,complex,100118,True,False,0
LRM,complex,100124,Uncertain,False,0
LRM,complex,100127,True,True,1
LRM,complex,100130,False,False,1
LRM,complex,100133,False,False,1
LRM,complex,100134,True,True,1
LRM,complex,100135,True,True,1
LRM,complex,100136,False,False,1
LRM,complex,100137,Uncertain,False,0
LRM,complex,100150,True,True,1
LRM,complex,100151,Uncertain,False,0
LRM,complex,100152,Uncertain,False,0
LRM,complex,100158,True,False,0
LRM,complex,100159,False,True,0
LRM,complex,100161,True,False,0
LRM,complex,100163,Uncertain,False,0
LRM,complex,100165,Uncertain,False,0
LRM,complex,100166,True,True,1
LRM,complex,100173,Uncertain,False,0
LRM,complex,100178,Uncertain,False,0
LRM,complex,100180,True,True,1
LRM,complex,100181,Uncertain,False,0
LRM,complex,100182,False,False,1
LRM,complex,100183,True,True,1
LRM,complex,100194,True,True,1
LRM,complex,100196,True,True,1
LRM,complex,100197,True,True,1
LRM,complex,100199,Uncertain,False,0
LRM,complex,100201,False,False,1
LRM,complex,100203,True,True,1
LRM,complex,100204,Uncertain,False,0
LRM,complex,100208,True,True,1
LRM,complex,100209,Uncertain,Uncertain,1
LRM,complex,100215,False,False,1
LRM,complex,100218,True,True,1
LRM,complex,100224,False,False,1
LRM,complex,100227,False,False,1
LRM,complex,100228,False,False,1
LRM,complex,100230,Uncertain,False,0
LRM,complex,100233,False,Uncertain,0
LRM,complex,100240,True,False,0
LRM,complex,100242,Uncertain,True,0
LRM,complex,100244,Uncertain,False,0
LRM,complex,100250,Uncertain,False,0
LRM,complex,100252,True,True,1
LRM,complex,100254,Uncertain,True,0
LRM,complex,100255,True,True,1
LRM,complex,100257,False,False,1
LRM,complex,100260,True,True,1
LRM,complex,100267,False,True,0
LRM,complex,100268,False,False,1
LRM,complex,100270,Uncertain,False,0
LRM,complex,100271,True,True,1
LRM,complex,100273,False,False,1
LRM,complex,100278,True,True,1
LRM,complex,100283,False,True,0
LRM,complex,100285,Uncertain,False,0
LRM,complex,100288,True,True,1
LRM,complex,100290,Uncertain,False,0
LRM,complex,100291,False,False,1
LRM,complex,100293,False,False,1
LRM,complex,100302,False,True,0
LRM,complex,100306,True,False,0
LRM,complex,100307,False,False,1
LRM,complex,100308,True,True,1
LRM,complex,100309,True,True,1
LRM,complex,100311,True,True,1
LRM,complex,100312,False,False,1
LRM,complex,100315,Uncertain,False,0
LRM,complex,100316,True,True,1
LRM,complex,100317,True,True,1
LRM,complex,100321,Uncertain,True,0
LRM,complex,100323,Uncertain,False,0
LRM,complex,100329,True,True,1
LRM,complex,100334,True,True,1
LRM,complex,100336,True,True,1
LRM,complex,100338,False,False,1
LRM,complex,100339,True,False,0
LRM,complex,100340,False,False,1
LRM,complex,100341,True,False,0
LRM,complex,100343,False,False,1
LRM,complex,100351,True,False,0
LRM,complex,100353,Uncertain,False,0
LRM,complex,100357,True,True,1
LRM,complex,100358,Uncertain,False,0
LRM,complex,100359,False,False,1
LRM,complex,100362,Uncertain,False,0
LRM,complex,100366,False,False,1
LRM,complex,100372,Uncertain,False,0
LRM,complex,100373,False,Uncertain,0
LRM,complex,100378,True,True,1
LRM,complex,100388,Uncertain,False,0
LRM,complex,100391,True,False,0
LRM,complex,100393,False,False,1
LRM,complex,100394,True,True,1
LRM,complex,100405,True,True,1
LRM,complex,100408,False,True,0
LRM,complex,100409,Uncertain,False,0
LRM,complex,100412,Uncertain,False,0
LRM,complex,100415,True,True,1
LRM,complex,100416,Uncertain,Uncertain,1
LRM,complex,100418,True,False,0
LRM,complex,100421,Uncertain,Uncertain,1
LRM,complex,100422,Uncertain,False,0
LRM,complex,100424,False,False,1
LRM,complex,100430,False,False,1
LRM,complex,100433,False,False,1
LRM,complex,100435,Uncertain,False,0
LRM,complex,100437,False,False,1
LRM,complex,100440,False,False,1
LRM,complex,100441,Uncertain,False,0
LRM,complex,100444,True,True,1
LRM,complex,100446,Uncertain,False,0
LRM,complex,100448,True,Uncertain,0
LRM,complex,100466,True,True,1
LRM,complex,100467,True,True,1
LRM,complex,100468,Uncertain,False,0
LRM,complex,100469,True,True,1
LRM,complex,100471,False,False,1
LRM,complex,100475,False,True,0
LRM,complex,100476,True,True,1
LRM,complex,100481,False,False,1
LRM,complex,100484,False,False,1
LRM,complex,100486,Uncertain,False,0
LRM,complex,100500,True,True,1
LRM,complex,100506,True,True,1
LRM,complex,100517,False,False,1
LRM,complex,100518,False,False,1
LRM,complex,100519,False,False,1
LRM,complex,100521,Uncertain,False,0
LRM,complex,100523,True,False,0
LRM,complex,100530,Uncertain,False,0
LRM,complex,100532,False,False,1
LRM,complex,100535,True,True,1
LRM,complex,100541,Uncertain,False,0
LRM,complex,100543,Uncertain,False,0
LRM,complex,100549,True,True,1
LRM,complex,100550,Uncertain,False,0
LRM,complex,100551,True,Uncertain,0
LRM,complex,100556,True,True,1
LRM,complex,100558,True,True,1
LRM,complex,100561,Uncertain,Uncertain,1
LRM,complex,100564,Uncertain,True,0
LRM,complex,100565,True,True,1
LRM,complex,100566,True,True,1
LRM,complex,100570,False,False,1
LRM,complex,100572,Uncertain,False,0
LRM,complex,100573,Uncertain,False,0
LRM,complex,100574,False,False,1
LRM,complex,100576,Uncertain,False,0
LRM,complex,100578,True,False,0
LRM,complex,100582,False,False,1
LRM,complex,100583,False,False,1
LRM,complex,100589,True,True,1
LRM,complex,100590,Uncertain,True,0
LRM,complex,100592,True,Uncertain,0
LRM,complex,100593,True,True,1
LRM,complex,100594,Uncertain,False,0
LRM,complex,100596,True,True,1
LRM,complex,100608,False,False,1
LRM,complex,100610,False,False,1
LRM,complex,100619,Uncertain,False,0
LRM,complex,100620,True,False,0
LRM,complex,100621,Uncertain,True,0
LRM,complex,100625,False,Uncertain,0
LRM,complex,100626,False,False,1
LRM,complex,100630,False,True,0
LRM,complex,100634,Uncertain,False,0
LRM,complex,100635,True,False,0
LRM,complex,100636,False,False,1
LRM,complex,100644,Uncertain,Uncertain,1
LRM,complex,100648,True,True,1
LRM,complex,100649,False,True,0
LRM,complex,100652,True,True,1
LRM,complex,100656,False,False,1
LRM,complex,100660,True,True,1
LRM,complex,100669,True,False,0
LRM,complex,100670,Uncertain,False,0
LRM,complex,100671,Uncertain,True,0
LRM,complex,100673,True,True,1
LRM,complex,100674,Uncertain,False,0
LRM,complex,100675,True,True,1
LRM,complex,100679,False,False,1
LRM,complex,100680,False,True,0
LRM,complex,100682,False,False,1
LRM,complex,100683,True,True,1
LRM,complex,100685,False,False,1
LRM,complex,100686,Uncertain,False,0
LRM,complex,100687,True,True,1
LRM,complex,100688,Uncertain,False,0
LRM,complex,100691,False,False,1
LRM,complex,100693,Uncertain,False,0
LRM,complex,100695,True,False,0
LRM,complex,100698,True,False,0
LRM,complex,100703,False,False,1
LRM,complex,100707,True,True,1
LRM,complex,100713,False,True,0
LRM,complex,100718,Uncertain,True,0
LRM,complex,100720,False,False,1
LRM,complex,100722,Uncertain,False,0
LRM,complex,100725,True,False,0
LRM,complex,100730,True,False,0
LRM,complex,100733,False,True,0
LRM,complex,100734,False,False,1
LRM,complex,100736,False,True,0
LRM,complex,100737,True,True,1
LRM,complex,100752,True,False,0
LRM,complex,100754,True,True,1
LRM,complex,100759,True,True,1
LRM,complex,100760,Uncertain,Uncertain,1
LRM,complex,100765,Uncertain,False,0
LRM,complex,100767,True,False,0
LRM,complex,100769,Uncertain,False,0
LRM,complex,100789,True,True,1
LRM,complex,100790,Uncertain,Uncertain,1
LRM,complex,100791,Uncertain,False,0
LRM,complex,100792,Uncertain,True,0
LRM,complex,100793,False,False,1
LRM,complex,100798,True,True,1
LRM,complex,100801,Uncertain,False,0
LRM,complex,100804,Uncertain,False,0
LRM,complex,100806,False,False,1
LRM,complex,100809,True,True,1
LRM,complex,100814,True,True,1
LRM,complex,100815,Uncertain,False,0
LRM,complex,100816,False,False,1
LRM,complex,100819,False,False,1
LRM,complex,100821,False,False,1
LRM,complex,100826,Uncertain,Uncertain,1
LRM,complex,100830,False,Uncertain,0
LRM,complex,100831,True,True,1
LRM,complex,100836,False,False,1
LRM,complex,100841,Uncertain,False,0
LRM,complex,100846,True,True,1
LRM,complex,100849,False,False,1
LRM,complex,100851,Uncertain,False,0
LRM,complex,100853,Uncertain,False,0
LRM,complex,100854,Uncertain,False,0
LRM,complex,100863,False,Uncertain,0
LRM,complex,100864,True,False,0
LRM,complex,100866,True,True,1
LRM,complex,100869,False,True,0
LRM,complex,100873,False,False,1
LRM,complex,100874,False,False,1
LRM,complex,100875,True,True,1
LRM,complex,100891,True,True,1
LRM,complex,100892,False,False,1
LRM,complex,100900,Uncertain,False,0
LRM,complex,100902,True,True,1
LRM,complex,100907,True,Uncertain,0
LRM,complex,100911,False,False,1
LRM,complex,100912,True,False,0
LRM,complex,100913,Uncertain,Uncertain,1
LRM,complex,100914,True,False,0
LRM,complex,100918,True,False,0
LRM,complex,100925,Uncertain,True,0
LRM,complex,100927,False,False,1
LRM,complex,100932,False,False,1
LRM,complex,100934,Uncertain,False,0
LRM,complex,100949,Uncertain,False,0
LRM,complex,100950,True,True,1
LRM,complex,100951,False,False,1
LRM,complex,100955,Uncertain,False,0
LRM,complex,100957,True,True,1
LRM,complex,100958,False,False,1
LRM,complex,100959,False,False,1
LRM,complex,100964,Uncertain,False,0
LRM,complex,100966,Uncertain,Uncertain,1
LRM,complex,100967,Uncertain,True,0
LRM,complex,100970,True,False,0
LRM,complex,100973,Uncertain,False,0
LRM,complex,100978,True,True,1
LRM,complex,100980,False,False,1
LRM,complex,100982,True,True,1
LRM,complex,100984,True,True,1
LRM,complex,100986,True,Uncertain,0
LRM,complex,100993,Uncertain,False,0
LRM,complex,100994,False,False,1
LRM,complex,100999,False,False,1
LRM,complex,16,Uncertain,False,0
LRM,complex,26,Uncertain,False,0
LRM,complex,27,Uncertain,False,0
LRM,complex,28,True,True,1
LRM,complex,57,False,False,1
LRM,complex,75,Uncertain,False,0
LRM,complex,85,Uncertain,True,0
LRM,complex,122,False,False,1
LRM,complex,135,Uncertain,False,0
LRM,complex,141,True,Uncertain,0
LRM,complex,142,True,False,0
LRM,complex,152,Uncertain,False,0
LRM,complex,196,False,False,1
LRM,complex,100249,Uncertain,False,0
LRM,complex,100429,Uncertain,False,0
LRM,complex,100452,True,True,1
LRM,complex,100527,Uncertain,False,0
LRM,complex,100567,Uncertain,False,0
LRM,complex,100597,False,False,1
LRM,contradiction,0,Uncertain,Uncertain,1
LRM,contradiction,1,True,False,0
LRM,contradiction,2,False,Uncertain,0
LRM,contradiction,3,Uncertain,False,0
LRM,contradiction,4,Uncertain,Uncertain,1
LRM,contradiction,5,True,True,1
LRM,contradiction,6,True,Uncertain,0
LRM,contradiction,7,Uncertain,Uncertain,1
LRM,contradiction,8,Uncertain,False,0
LRM,contradiction,9,True,True,1
LRM,contradiction,10,False,False,1
LRM,contradiction,11,Uncertain,False,0
LRM,contradiction,12,True,True,1
LRM,contradiction,13,Uncertain,False,0
LRM,contradiction,14,False,True,0
LRM,contradiction,15,True,True,1
LRM,contradiction,17,Uncertain,True,0
LRM,contradiction,18,True,True,1
LRM,contradiction,19,True,True,1
LRM,contradiction,20,False,Uncertain,0
LRM,contradiction,21,True,True,1
LRM,contradiction,22,False,False,1
LRM,contradiction,23,Uncertain,False,0
LRM,contradiction,24,True,True,1
LRM,contradiction,25,Uncertain,False,0
LRM,contradiction,29,False,False,1
LRM,contradiction,30,Uncertain,True,0
LRM,contradiction,31,True,False,0
LRM,contradiction,32,False,False,1
LRM,contradiction,33,True,Uncertain,0
LRM,contradiction,34,Uncertain,Uncertain,1
LRM,contradiction,35,False,Uncertain,0
LRM,contradiction,36,True,True,1
LRM,contradiction,37,True,Uncertain,0
LRM,contradiction,38,False,False,1
LRM,contradiction,39,Uncertain,True,0
LRM,contradiction,40,True,True,1
LRM,contradiction,41,False,False,1
LRM,contradiction,42,True,True,1
LRM,contradiction,43,Uncertain,True,0
LRM,contradiction,44,False,Uncertain,0
LRM,contradiction,45,Uncertain,False,0
LRM,contradiction,46,True,Uncertain,0
LRM,contradiction,47,Uncertain,False,0
LRM,contradiction,48,Uncertain,True,0
LRM,contradiction,49,False,False,1
LRM,contradiction,50,True,Uncertain,0
LRM,contradiction,51,False,False,1
LRM,contradiction,52,Uncertain,False,0
LRM,contradiction,53,True,True,1
LRM,contradiction,54,True,Uncertain,0
LRM,contradiction,55,False,True,0
LRM,contradiction,56,Uncertain,False,0
LRM,contradiction,58,Uncertain,Uncertain,1
LRM,contradiction,59,True,True,1
LRM,contradiction,60,Uncertain,False,0
LRM,contradiction,61,Uncertain,False,0
LRM,contradiction,62,Uncertain,False,0
LRM,contradiction,63,False,False,1
LRM,contradiction,64,True,False,0
LRM,contradiction,65,True,Uncertain,0
LRM,contradiction,66,Uncertain,False,0
LRM,contradiction,67,True,Uncertain,0
LRM,contradiction,68,True,Uncertain,0
LRM,contradiction,69,False,False,1
LRM,contradiction,70,Uncertain,True,0
LRM,contradiction,71,False,True,0
LRM,contradiction,72,True,True,1
LRM,contradiction,73,True,True,1
LRM,contradiction,74,False,False,1
LRM,contradiction,76,True,Uncertain,0
LRM,contradiction,77,False,Uncertain,0
LRM,contradiction,78,False,False,1
LRM,contradiction,79,True,True,1
LRM,contradiction,80,Uncertain,False,0
LRM,contradiction,81,True,True,1
LRM,contradiction,82,False,False,1
LRM,contradiction,83,False,False,1
LRM,contradiction,84,True,True,1
LRM,contradiction,86,True,Uncertain,0
LRM,contradiction,87,True,True,1
LRM,contradiction,88,True,False,0
LRM,contradiction,89,Uncertain,Uncertain,1
LRM,contradiction,90,True,Uncertain,0
LRM,contradiction,91,False,False,1
LRM,contradiction,92,False,True,0
LRM,contradiction,93,Uncertain,Uncertain,1
LRM,contradiction,94,True,True,1
LRM,contradiction,95,Uncertain,True,0
LRM,contradiction,96,False,False,1
LRM,contradiction,97,True,True,1
LRM,contradiction,98,Uncertain,True,0
LRM,contradiction,99,True,True,1
LRM,contradiction,100,False,True,0
LRM,contradiction,101,Uncertain,True,0
LRM,contradiction,102,False,False,1
LRM,contradiction,103,True,Uncertain,0
LRM,contradiction,104,True,True,1
LRM,contradiction,105,True,False,0
LRM,contradiction,106,False,False,1
LRM,contradiction,107,Uncertain,False,0
LRM,contradiction,108,False,False,1
LRM,contradiction,109,True,Uncertain,0
LRM,contradiction,110,Uncertain,False,0
LRM,contradiction,111,True,True,1
LRM,contradiction,112,Uncertain,False,0
LRM,contradiction,113,False,True,0
LRM,contradiction,114,False,True,0
LRM,contradiction,115,True,True,1
LRM,contradiction,116,Uncertain,Uncertain,1
LRM,contradiction,117,Uncertain,Uncertain,1
LRM,contradiction,118,True,False,0
LRM,contradiction,119,False,Uncertain,0
LRM,contradiction,120,Uncertain,False,0
LRM,contradiction,121,Uncertain,False,0
LRM,contradiction,123,True,True,1
LRM,contradiction,124,Uncertain,False,0
LRM,contradiction,125,True,True,1
LRM,contradiction,126,False,Uncertain,0
LRM,contradiction,127,False,False,1
LRM,contradiction,128,True,True,1
LRM,contradiction,129,Uncertain,Uncertain,1
LRM,contradiction,130,True,True,1
LRM,contradiction,131,True,True,1
LRM,contradiction,132,Uncertain,False,0
LRM,contradiction,133,Uncertain,Uncertain,1
LRM,contradiction,134,True,True,1
LRM,contradiction,136,False,False,1
LRM,contradiction,137,True,True,1
LRM,contradiction,138,False,Uncertain,0
LRM,contradiction,139,Uncertain,False,0
LRM,contradiction,140,False,False,1
LRM,contradiction,143,Uncertain,False,0
LRM,contradiction,144,Uncertain,False,0
LRM,contradiction,145,Uncertain,True,0
LRM,contradiction,146,True,True,1
LRM,contradiction,147,True,True,1
LRM,contradiction,148,False,Uncertain,0
LRM,contradiction,149,True,False,0
LRM,contradiction,150,Uncertain,Uncertain,1
LRM,contradiction,151,Uncertain,False,0
LRM,contradiction,153,False,False,1
LRM,contradiction,154,True,False,0
LRM,contradiction,155,Uncertain,False,0
LRM,contradiction,156,False,False,1
LRM,contradiction,157,True,True,1
LRM,contradiction,158,True,False,0
LRM,contradiction,159,Uncertain,True,0
LRM,contradiction,160,True,False,0
LRM,contradiction,161,Uncertain,False,0
LRM,contradiction,162,False,False,1
LRM,contradiction,163,Uncertain,False,0
LRM,contradiction,164,False,False,1
LRM,contradiction,165,True,Uncertain,0
LRM,contradiction,166,True,Uncertain,0
LRM,contradiction,167,True,Uncertain,0
LRM,contradiction,168,False,Uncertain,0
LRM,contradiction,169,Uncertain,False,0
LRM,contradiction,170,True,True,1
LRM,contradiction,171,False,False,1
LRM,contradiction,172,Uncertain,Uncertain,1
LRM,contradiction,173,False,False,1
LRM,contradiction,174,True,False,0
LRM,contradiction,175,Uncertain,False,0
LRM,contradiction,176,False,Uncertain,0
LRM,contradiction,177,True,False,0
LRM,contradiction,178,False,False,1
LRM,contradiction,179,False,Uncertain,0
LRM,contradiction,180,False,False,1
LRM,contradiction,181,Uncertain,False,0
LRM,contradiction,182,True,True,1
LRM,contradiction,183,False,Uncertain,0
LRM,contradiction,184,True,Uncertain,0
LRM,contradiction,185,False,False,1
LRM,contradiction,186,Uncertain,False,0
LRM,contradiction,187,Uncertain,False,0
LRM,contradiction,188,True,Uncertain,0
LRM,contradiction,189,False,Uncertain,0
LRM,contradiction,190,False,False,1
LRM,contradiction,191,False,False,1
LRM,contradiction,192,False,False,1
LRM,contradiction,193,False,False,1
LRM,contradiction,194,Uncertain,False,0
LRM,contradiction,195,Uncertain,False,0
LRM,contradiction,197,True,True,1
LRM,contradiction,198,False,False,1
LRM,contradiction,199,False,False,1
LRM,contradiction,200,False,False,1
LRM,contradiction,201,Uncertain,False,0
LRM,contradiction,202,Uncertain,Uncertain,1
LRM,contradiction,100000,True,False,0
LRM,contradiction,100001,True,Uncertain,0
LRM,contradiction,100003,True,True,1
LRM,contradiction,100005,True,Uncertain,0
LRM,contradiction,100008,False,False,1
LRM,contradiction,100009,True,False,0
LRM,contradiction,100024,False,False,1
LRM,contradiction,100025,True,True,1
LRM,contradiction,100028,Uncertain,False,0
LRM,contradiction,100036,False,True,0
LRM,contradiction,100039,False,True,0
LRM,contradiction,100040,Uncertain,True,0
LRM,contradiction,100042,False,False,1
LRM,contradiction,100045,Uncertain,False,0
LRM,contradiction,100047,True,False,0
LRM,contradiction,100051,False,False,1
LRM,contradiction,100052,True,False,0
LRM,contradiction,100070,True,False,0
LRM,contradiction,100071,False,Uncertain,0
LRM,contradiction,100074,Uncertain,False,0
LRM,contradiction,100075,Uncertain,False,0
LRM,contradiction,100077,False,False,1
LRM,contradiction,100083,False,False,1
LRM,contradiction,100086,Uncertain,False,0
LRM,contradiction,100094,Uncertain,False,0
LRM,contradiction,100095,False,False,1
LRM,contradiction,100102,False,Uncertain,0
LRM,contradiction,100105,False,False,1
LRM,contradiction,100106,True,False,0
LRM,contradiction,100109,False,False,1
LRM,contradiction,100110,True,Uncertain,0
LRM,contradiction,100111,Uncertain,False,0
LRM,contradiction,100114,False,False,1
LRM,contradiction,100118,True,False,0
LRM,contradiction,100124,Uncertain,Uncertain,1
LRM,contradiction,100127,True,False,0
LRM,contradiction,100130,False,False,1
LRM,contradiction,100133,False,Uncertain,0
LRM,contradiction,100134,True,True,1
LRM,contradiction,100135,True,False,0
LRM,contradiction,100136,False,False,1
LRM,contradiction,100137,Uncertain,Uncertain,1
LRM,contradiction,100150,True,True,1
LRM,contradiction,100151,Uncertain,Uncertain,1
LRM,contradiction,100152,Uncertain,Uncertain,1
LRM,contradiction,100158,True,True,1
LRM,contradiction,100159,False,True,0
LRM,contradiction,100161,True,Uncertain,0
LRM,contradiction,100163,Uncertain,False,0
LRM,contradiction,100165,Uncertain,False,0
LRM,contradiction,100166,True,False,0
LRM,contradiction,100173,Uncertain,False,0
LRM,contradiction,100178,Uncertain,Uncertain,1
LRM,contradiction,100180,True,True,1
LRM,contradiction,100181,Uncertain,True,0
LRM,contradiction,100182,False,False,1
LRM,contradiction,100183,True,True,1
LRM,contradiction,100194,True,False,0
LRM,contradiction,100196,True,True,1
LRM,contradiction,100197,True,False,0
LRM,contradiction,100199,Uncertain,False,0
LRM,contradiction,100201,False,False,1
LRM,contradiction,100203,True,Uncertain,0
LRM,contradiction,100204,Uncertain,False,0
LRM,contradiction,100208,True,Uncertain,0
LRM,contradiction,100209,Uncertain,Uncertain,1
LRM,contradiction,100215,False,False,1
LRM,contradiction,100218,True,False,0
LRM,contradiction,100224,False,Uncertain,0
LRM,contradiction,100227,False,Uncertain,0
LRM,contradiction,100228,False,False,1
LRM,contradiction,100230,Uncertain,Uncertain,1
LRM,contradiction,100233,False,False,1
LRM,contradiction,100240,True,Uncertain,0
LRM,contradiction,100242,Uncertain,True,0
LRM,contradiction,100244,Uncertain,Uncertain,1
LRM,contradiction,100250,Uncertain,False,0
LRM,contradiction,100252,True,False,0
LRM,contradiction,100254,Uncertain,Uncertain,1
LRM,contradiction,100255,True,Uncertain,0
LRM,contradiction,100257,False,False,1
LRM,contradiction,100260,True,Uncertain,0
LRM,contradiction,100267,False,False,1
LRM,contradiction,100268,False,False,1
LRM,contradiction,100270,Uncertain,False,0
LRM,contradiction,100271,True,False,0
LRM,contradiction,100273,False,True,0
LRM,contradiction,100278,True,True,1
LRM,contradiction,100283,False,Uncertain,0
LRM,contradiction,100285,Uncertain,False,0
LRM,contradiction,100288,True,False,0
LRM,contradiction,100290,Uncertain,False,0
LRM,contradiction,100291,False,False,1
LRM,contradiction,100293,False,False,1
LRM,contradiction,100302,False,True,0
LRM,contradiction,100306,True,False,0
LRM,contradiction,100307,False,False,1
LRM,contradiction,100308,True,False,0
LRM,contradiction,100309,True,True,1
LRM,contradiction,100311,True,True,1
LRM,contradiction,100312,False,True,0
LRM,contradiction,100315,Uncertain,False,0
LRM,contradiction,100316,True,Uncertain,0
LRM,contradiction,100317,True,True,1
LRM,contradiction,100321,Uncertain,Uncertain,1
LRM,contradiction,100323,Uncertain,False,0
LRM,contradiction,100329,True,False,0
LRM,contradiction,100334,True,False,0
LRM,contradiction,100336,True,False,0
LRM,contradiction,100338,False,False,1
LRM,contradiction,100339,True,Uncertain,0
LRM,contradiction,100340,False,Uncertain,0
LRM,contradiction,100341,True,False,0
LRM,contradiction,100343,False,Uncertain,0
LRM,contradiction,100351,True,True,1
LRM,contradiction,100353,Uncertain,False,0
LRM,contradiction,100357,True,True,1
LRM,contradiction,100358,Uncertain,Uncertain,1
LRM,contradiction,100359,False,False,1
LRM,contradiction,100362,Uncertain,False,0
LRM,contradiction,100366,False,False,1
LRM,contradiction,100372,Uncertain,False,0
LRM,contradiction,100373,False,False,1
LRM,contradiction,100378,True,True,1
LRM,contradiction,100388,Uncertain,False,0
LRM,contradiction,100391,True,False,0
LRM,contradiction,100393,False,False,1
LRM,contradiction,100394,True,True,1
LRM,contradiction,100405,True,True,1
LRM,contradiction,100408,False,False,1
LRM,contradiction,100409,Uncertain,False,0
LRM,contradiction,100412,Uncertain,False,0
LRM,contradiction,100415,True,False,0
LRM,contradiction,100416,Uncertain,False,0
LRM,contradiction,100418,True,True,1
LRM,contradiction,100421,Uncertain,True,0
LRM,contradiction,100422,Uncertain,False,0
LRM,contradiction,100424,False,False,1
LRM,contradiction,100430,False,Uncertain,0
LRM,contradiction,100433,False,False,1
LRM,contradiction,100435,Uncertain,False,0
LRM,contradiction,100437,False,False,1
LRM,contradiction,100440,False,True,0
LRM,contradiction,100441,Uncertain,False,0
LRM,contradiction,100444,True,True,1
LRM,contradiction,100446,Uncertain,Uncertain,1
LRM,contradiction,100448,True,Uncertain,0
LRM,contradiction,100466,True,True,1
LRM,contradiction,100467,True,True,1
LRM,contradiction,100468,Uncertain,False,0
LRM,contradiction,100469,True,False,0
LRM,contradiction,100471,False,False,1
LRM,contradiction,100475,False,Uncertain,0
LRM,contradiction,100476,True,True,1
LRM,contradiction,100481,False,False,1
LRM,contradiction,100484,False,False,1
LRM,contradiction,100486,Uncertain,False,0
LRM,contradiction,100500,True,False,0
LRM,contradiction,100506,True,Uncertain,0
LRM,contradiction,100517,False,True,0
LRM,contradiction,100518,False,False,1
LRM,contradiction,100519,False,False,1
LRM,contradiction,100521,Uncertain,True,0
LRM,contradiction,100523,True,True,1
LRM,contradiction,100530,Uncertain,False,0
LRM,contradiction,100532,False,False,1
LRM,contradiction,100535,True,True,1
LRM,contradiction,100541,Uncertain,Uncertain,1
LRM,contradiction,100543,Uncertain,False,0
LRM,contradiction,100549,True,True,1
LRM,contradiction,100550,Uncertain,False,0
LRM,contradiction,100551,True,False,0
LRM,contradiction,100556,True,True,1
LRM,contradiction,100558,True,True,1
LRM,contradiction,100561,Uncertain,False,0
LRM,contradiction,100564,Uncertain,Uncertain,1
LRM,contradiction,100565,True,True,1
LRM,contradiction,100566,True,True,1
LRM,contradiction,100570,False,False,1
LRM,contradiction,100572,Uncertain,False,0
LRM,contradiction,100573,Uncertain,False,0
LRM,contradiction,100574,False,False,1
LRM,contradiction,100576,Uncertain,False,0
LRM,contradiction,100578,True,True,1
LRM,contradiction,100582,False,False,1
LRM,contradiction,100583,False,Uncertain,0
LRM,contradiction,100589,True,Uncertain,0
LRM,contradiction,100590,Uncertain,True,0
LRM,contradiction,100592,True,False,0
LRM,contradiction,100593,True,Uncertain,0
LRM,contradiction,100594,Uncertain,False,0
LRM,contradiction,100596,True,False,0
LRM,contradiction,100608,False,False,1
LRM,contradiction,100610,False,False,1
LRM,contradiction,100619,Uncertain,True,0
LRM,contradiction,100620,True,Uncertain,0
LRM,contradiction,100621,Uncertain,Uncertain,1
LRM,contradiction,100625,False,Uncertain,0
LRM,contradiction,100626,False,False,1
LRM,contradiction,100630,False,False,1
LRM,contradiction,100634,Uncertain,False,0
LRM,contradiction,100635,True,Uncertain,0
LRM,contradiction,100636,False,False,1
LRM,contradiction,100644,Uncertain,Uncertain,1
LRM,contradiction,100648,True,True,1
LRM,contradiction,100649,False,True,0
LRM,contradiction,100652,True,True,1
LRM,contradiction,100656,False,Uncertain,0
LRM,contradiction,100660,True,True,1
LRM,contradiction,100669,True,True,1
LRM,contradiction,100670,Uncertain,True,0
LRM,contradiction,100671,Uncertain,True,0
LRM,contradiction,100673,True,True,1
LRM,contradiction,100674,Uncertain,True,0
LRM,contradiction,100675,True,True,1
LRM,contradiction,100679,False,False,1
LRM,contradiction,100680,False,True,0
LRM,contradiction,100682,False,False,1
LRM,contradiction,100683,True,True,1
LRM,contradiction,100685,False,False,1
LRM,contradiction,100686,Uncertain,Uncertain,1
LRM,contradiction,100687,True,False,0
LRM,contradiction,100688,Uncertain,True,0
LRM,contradiction,100691,False,False,1
LRM,contradiction,100693,Uncertain,Uncertain,1
LRM,contradiction,100695,True,False,0
LRM,contradiction,100698,True,True,1
LRM,contradiction,100703,False,False,1
LRM,contradiction,100707,True,False,0
LRM,contradiction,100713,False,True,0
LRM,contradiction,100718,Uncertain,Uncertain,1
LRM,contradiction,100720,False,Uncertain,0
LRM,contradiction,100722,Uncertain,False,0
LRM,contradiction,100725,True,Uncertain,0
LRM,contradiction,100730,True,Uncertain,0
LRM,contradiction,100733,False,False,1
LRM,contradiction,100734,False,False,1
LRM,contradiction,100736,False,False,1
LRM,contradiction,100737,True,True,1
LRM,contradiction,100752,True,True,1
LRM,contradiction,100754,True,Uncertain,0
LRM,contradiction,100759,True,Uncertain,0
LRM,contradiction,100760,Uncertain,True,0
LRM,contradiction,100765,Uncertain,False,0
LRM,contradiction,100767,True,False,0
LRM,contradiction,100769,Uncertain,Uncertain,1
LRM,contradiction,100789,True,True,1
LRM,contradiction,100790,Uncertain,Uncertain,1
LRM,contradiction,100791,Uncertain,False,0
LRM,contradiction,100792,Uncertain,Uncertain,1
LRM,contradiction,100793,False,True,0
LRM,contradiction,100798,True,Uncertain,0
LRM,contradiction,100801,Uncertain,Uncertain,1
LRM,contradiction,100804,Uncertain,Uncertain,1
LRM,contradiction,100806,False,False,1
LRM,contradiction,100809,True,True,1
LRM,contradiction,100814,True,True,1
LRM,contradiction,100815,Uncertain,False,0
LRM,contradiction,100816,False,False,1
LRM,contradiction,100819,False,True,0
LRM,contradiction,100821,False,False,1
LRM,contradiction,100826,Uncertain,False,0
LRM,contradiction,100830,False,False,1
LRM,contradiction,100831,True,True,1
LRM,contradiction,100836,False,False,1
LRM,contradiction,100841,Uncertain,Uncertain,1
LRM,contradiction,100846,True,False,0
LRM,contradiction,100849,False,False,1
LRM,contradiction,100851,Uncertain,False,0
LRM,contradiction,100853,Uncertain,False,0
LRM,contradiction,100854,Uncertain,True,0
LRM,contradiction,100863,False,True,0
LRM,contradiction,100864,True,False,0
LRM,contradiction,100866,True,True,1
LRM,contradiction,100869,False,True,0
LRM,contradiction,100873,False,False,1
LRM,contradiction,100874,False,False,1
LRM,contradiction,100875,True,True,1
LRM,contradiction,100891,True,True,1
LRM,contradiction,100892,False,False,1
LRM,contradiction,100900,Uncertain,False,0
LRM,contradiction,100902,True,True,1
LRM,contradiction,100907,True,True,1
LRM,contradiction,100911,False,True,0
LRM,contradiction,100912,True,Uncertain,0
LRM,contradiction,100913,Uncertain,False,0
LRM,contradiction,100914,True,Uncertain,0
LRM,contradiction,100918,True,False,0
LRM,contradiction,100925,Uncertain,True,0
LRM,contradiction,100927,False,Uncertain,0
LRM,contradiction,100932,False,False,1
LRM,contradiction,100934,Uncertain,False,0
LRM,contradiction,100949,Uncertain,False,0
LRM,contradiction,100950,True,False,0
LRM,contradiction,100951,False,True,0
LRM,contradiction,100955,Uncertain,False,0
LRM,contradiction,100957,True,True,1
LRM,contradiction,100958,False,False,1
LRM,contradiction,100959,False,Uncertain,0
LRM,contradiction,100964,Uncertain,True,0
LRM,contradiction,100966,Uncertain,False,0
LRM,contradiction,100967,Uncertain,Uncertain,1
LRM,contradiction,100970,True,True,1
LRM,contradiction,100973,Uncertain,True,0
LRM,contradiction,100978,True,True,1
LRM,contradiction,100980,False,False,1
LRM,contradiction,100982,True,True,1
LRM,contradiction,100984,True,True,1
LRM,contradiction,100986,True,Uncertain,0
LRM,contradiction,100993,Uncertain,False,0
LRM,contradiction,100994,False,False,1
LRM,contradiction,100999,False,False,1
LRM,contradiction,16,Uncertain,False,0
LRM,contradiction,26,Uncertain,False,0
LRM,contradiction,27,Uncertain,False,0
LRM,contradiction,28,True,False,0
LRM,contradiction,57,False,False,1
LRM,contradiction,75,Uncertain,False,0
LRM,contradiction,85,Uncertain,False,0
LRM,contradiction,122,False,False,1
LRM,contradiction,135,Uncertain,False,0
LRM,contradiction,141,True,Uncertain,0
LRM,contradiction,142,True,True,1
LRM,contradiction,152,Uncertain,True,0
LRM,contradiction,196,False,Uncertain,0
LRM,contradiction,100249,Uncertain,False,0
LRM,contradiction,100429,Uncertain,False,0
LRM,contradiction,100452,True,True,1
LRM,contradiction,100527,Uncertain,Uncertain,1
LRM,contradiction,100567,Uncertain,False,0
LRM,contradiction,100597,False,False,1
LRM,negation,0,Uncertain,Uncertain,1
LRM,negation,1,True,True,1
LRM,negation,2,False,False,1
LRM,negation,3,Uncertain,False,0
LRM,negation,4,Uncertain,False,0
LRM,negation,5,True,Uncertain,0
LRM,negation,6,True,False,0
LRM,negation,7,Uncertain,False,0
LRM,negation,8,Uncertain,False,0
LRM,negation,9,True,False,0
LRM,negation,10,False,False,1
LRM,negation,11,Uncertain,True,0
LRM,negation,12,True,False,0
LRM,negation,13,Uncertain,False,0
LRM,negation,14,False,True,0
LRM,negation,15,True,False,0
LRM,negation,17,Uncertain,False,0
LRM,negation,18,True,True,1
LRM,negation,19,True,False,0
LRM,negation,20,False,True,0
LRM,negation,21,True,False,0
LRM,negation,22,False,True,0
LRM,negation,23,Uncertain,False,0
LRM,negation,24,True,False,0
LRM,negation,25,Uncertain,True,0
LRM,negation,29,False,True,0
LRM,negation,30,Uncertain,False,0
LRM,negation,31,True,False,0
LRM,negation,32,False,True,0
LRM,negation,33,True,False,0
LRM,negation,34,Uncertain,False,0
LRM,negation,35,False,True,0
LRM,negation,36,True,False,0
LRM,negation,37,True,False,0
LRM,negation,38,False,True,0
LRM,negation,39,Uncertain,False,0
LRM,negation,40,True,True,1
LRM,negation,41,False,False,1
LRM,negation,42,True,False,0
LRM,negation,43,Uncertain,False,0
LRM,negation,44,False,False,1
LRM,negation,45,Uncertain,False,0
LRM,negation,46,True,False,0
LRM,negation,47,Uncertain,Uncertain,1
LRM,negation,48,Uncertain,Uncertain,1
LRM,negation,49,False,True,0
LRM,negation,50,True,False,0
LRM,negation,51,False,True,0
LRM,negation,52,Uncertain,False,0
LRM,negation,53,True,False,0
LRM,negation,54,True,False,0
LRM,negation,55,False,True,0
LRM,negation,56,Uncertain,False,0
LRM,negation,58,Uncertain,Uncertain,1
LRM,negation,59,True,False,0
LRM,negation,60,Uncertain,False,0
LRM,negation,61,Uncertain,False,0
LRM,negation,62,Uncertain,False,0
LRM,negation,63,False,False,1
LRM,negation,64,True,False,0
LRM,negation,65,True,False,0
LRM,negation,66,Uncertain,False,0
LRM,negation,67,True,Uncertain,0
LRM,negation,68,True,Uncertain,0
LRM,negation,69,False,True,0
LRM,negation,70,Uncertain,False,0
LRM,negation,71,False,False,1
LRM,negation,72,True,False,0
LRM,negation,73,True,False,0
LRM,negation,74,False,False,1
LRM,negation,76,True,False,0
LRM,negation,77,False,False,1
LRM,negation,78,False,True,0
LRM,negation,79,True,False,0
LRM,negation,80,Uncertain,False,0
LRM,negation,81,True,True,1
LRM,negation,82,False,True,0
LRM,negation,83,False,True,0
LRM,negation,84,True,False,0
LRM,negation,86,True,False,0
LRM,negation,87,True,False,0
LRM,negation,88,True,False,0
LRM,negation,89,Uncertain,False,0
LRM,negation,90,True,False,0
LRM,negation,91,False,True,0
LRM,negation,92,False,False,1
LRM,negation,93,Uncertain,False,0
LRM,negation,94,True,False,0
LRM,negation,95,Uncertain,False,0
LRM,negation,96,False,True,0
LRM,negation,97,True,True,1
LRM,negation,98,Uncertain,False,0
LRM,negation,99,True,False,0
LRM,negation,100,False,Uncertain,0
LRM,negation,101,Uncertain,False,0
LRM,negation,102,False,Uncertain,0
LRM,negation,103,True,True,1
LRM,negation,104,True,False,0
LRM,negation,105,True,False,0
LRM,negation,106,False,True,0
LRM,negation,107,Uncertain,False,0
LRM,negation,108,False,False,1
LRM,negation,109,True,False,0
LRM,negation,110,Uncertain,False,0
LRM,negation,111,True,False,0
LRM,negation,112,Uncertain,True,0
LRM,negation,113,False,False,1
LRM,negation,114,False,True,0
LRM,negation,115,True,False,0
LRM,negation,116,Uncertain,Uncertain,1
LRM,negation,117,Uncertain,False,0
LRM,negation,118,True,False,0
LRM,negation,119,False,True,0
LRM,negation,120,Uncertain,False,0
LRM,negation,121,Uncertain,False,0
LRM,negation,123,True,False,0
LRM,negation,124,Uncertain,True,0
LRM,negation,125,True,False,0
LRM,negation,126,False,Uncertain,0
LRM,negation,127,False,True,0
LRM,negation,128,True,True,1
LRM,negation,129,Uncertain,True,0
LRM,negation,130,True,True,1
LRM,negation,131,True,False,0
LRM,negation,132,Uncertain,True,0
LRM,negation,133,Uncertain,False,0
LRM,negation,134,True,False,0
LRM,negation,136,False,True,0
LRM,negation,137,True,False,0
LRM,negation,138,False,True,0
LRM,negation,139,Uncertain,False,0
LRM,negation,140,False,Uncertain,0
LRM,negation,143,Uncertain,True,0
LRM,negation,144,Uncertain,False,0
LRM,negation,145,Uncertain,False,0
LRM,negation,146,True,False,0
LRM,negation,147,True,False,0
LRM,negation,148,False,False,1
LRM,negation,149,True,False,0
LRM,negation,150,Uncertain,False,0
LRM,negation,151,Uncertain,Uncertain,1
LRM,negation,153,False,True,0
LRM,negation,154,True,False,0
LRM,negation,155,Uncertain,False,0
LRM,negation,156,False,True,0
LRM,negation,157,True,False,0
LRM,negation,158,True,True,1
LRM,negation,159,Uncertain,False,0
LRM,negation,160,True,False,0
LRM,negation,161,Uncertain,False,0
LRM,negation,162,False,True,0
LRM,negation,163,Uncertain,False,0
LRM,negation,164,False,False,1
LRM,negation,165,True,False,0
LRM,negation,166,True,False,0
LRM,negation,167,True,False,0
LRM,negation,168,False,True,0
LRM,negation,169,Uncertain,True,0
LRM,negation,170,True,False,0
LRM,negation,171,False,True,0
LRM,negation,172,Uncertain,False,0
LRM,negation,173,False,False,1
LRM,negation,174,True,False,0
LRM,negation,175,Uncertain,False,0
LRM,negation,176,False,True,0
LRM,negation,177,True,False,0
LRM,negation,178,False,True,0
LRM,negation,179,False,True,0
LRM,negation,180,False,True,0
LRM,negation,181,Uncertain,True,0
LRM,negation,182,True,True,1
LRM,negation,183,False,True,0
LRM,negation,184,True,False,0
LRM,negation,185,False,True,0
LRM,negation,186,Uncertain,False,0
LRM,negation,187,Uncertain,True,0
LRM,negation,188,True,False,0
LRM,negation,189,False,True,0
LRM,negation,190,False,False,1
LRM,negation,191,False,True,0
LRM,negation,192,False,True,0
LRM,negation,193,False,True,0
LRM,negation,194,Uncertain,False,0
LRM,negation,195,Uncertain,False,0
LRM,negation,197,True,False,0
LRM,negation,198,False,True,0
LRM,negation,199,False,True,0
LRM,negation,200,False,True,0
LRM,negation,201,Uncertain,Uncertain,1
LRM,negation,202,Uncertain,False,0
LRM,negation,100000,True,False,0
LRM,negation,100001,True,True,1
LRM,negation,100003,True,False,0
LRM,negation,100005,True,False,0
LRM,negation,100008,False,True,0
LRM,negation,100009,True,False,0
LRM,negation,100024,False,True,0
LRM,negation,100025,True,False,0
LRM,negation,100028,Uncertain,False,0
LRM,negation,100036,False,True,0
LRM,negation,100039,False,False,1
LRM,negation,100040,Uncertain,True,0
LRM,negation,100042,False,True,0
LRM,negation,100045,Uncertain,True,0
LRM,negation,100047,True,True,1
LRM,negation,100051,False,True,0
LRM,negation,100052,True,False,0
LRM,negation,100070,True,True,1
LRM,negation,100071,False,True,0
LRM,negation,100074,Uncertain,False,0
LRM,negation,100075,Uncertain,False,0
LRM,negation,100077,False,True,0
LRM,negation,100083,False,True,0
LRM,negation,100086,Uncertain,True,0
LRM,negation,100094,Uncertain,False,0
LRM,negation,100095,False,True,0
LRM,negation,100102,False,False,1
LRM,negation,100105,False,True,0
LRM,negation,100106,True,False,0
LRM,negation,100109,False,False,1
LRM,negation,100110,True,True,1
LRM,negation,100111,Uncertain,False,0
LRM,negation,100114,False,True,0
LRM,negation,100118,True,False,0
LRM,negation,100124,Uncertain,True,0
LRM,negation,100127,True,False,0
LRM,negation,100130,False,True,0
LRM,negation,100133,False,True,0
LRM,negation,100134,True,True,1
LRM,negation,100135,True,False,0
LRM,negation,100136,False,True,0
LRM,negation,100137,Uncertain,False,0
LRM,negation,100150,True,True,1
LRM,negation,100151,Uncertain,Uncertain,1
LRM,negation,100152,Uncertain,False,0
LRM,negation,100158,True,True,1
LRM,negation,100159,False,False,1
LRM,negation,100161,True,True,1
LRM,negation,100163,Uncertain,Uncertain,1
LRM,negation,100165,Uncertain,False,0
LRM,negation,100166,True,False,0
LRM,negation,100173,Uncertain,Uncertain,1
LRM,negation,100178,Uncertain,Uncertain,1
LRM,negation,100180,True,False,0
LRM,negation,100181,Uncertain,True,0
LRM,negation,100182,False,False,1
LRM,negation,100183,True,False,0
LRM,negation,100194,True,False,0
LRM,negation,100196,True,False,0
LRM,negation,100197,True,False,0
LRM,negation,100199,Uncertain,True,0
LRM,negation,100201,False,True,0
LRM,negation,100203,True,False,0
LRM,negation,100204,Uncertain,True,0
LRM,negation,100208,True,True,1
LRM,negation,100209,Uncertain,True,0
LRM,negation,100215,False,True,0
LRM,negation,100218,True,True,1
LRM,negation,100224,False,True,0
LRM,negation,100227,False,True,0
LRM,negation,100228,False,True,0
LRM,negation,100230,Uncertain,False,0
LRM,negation,100233,False,True,0
LRM,negation,100240,True,True,1
LRM,negation,100242,Uncertain,False,0
LRM,negation,100244,Uncertain,Uncertain,1
LRM,negation,100250,Uncertain,False,0
LRM,negation,100252,True,False,0
LRM,negation,100254,Uncertain,True,0
LRM,negation,100255,True,False,0
LRM,negation,100257,False,True,0
LRM,negation,100260,True,False,0
LRM,negation,100267,False,False,1
LRM,negation,100268,False,True,0
LRM,negation,100270,Uncertain,False,0
LRM,negation,100271,True,False,0
LRM,negation,100273,False,True,0
LRM,negation,100278,True,True,1
LRM,negation,100283,False,True,0
LRM,negation,100285,Uncertain,Uncertain,1
LRM,negation,100288,True,False,0
LRM,negation,100290,Uncertain,Uncertain,1
LRM,negation,100291,False,True,0
LRM,negation,100293,False,True,0
LRM,negation,100302,False,False,1
LRM,negation,100306,True,Uncertain,0
LRM,negation,100307,False,True,0
LRM,negation,100308,True,False,0
LRM,negation,100309,True,False,0
LRM,negation,100311,True,False,0
LRM,negation,100312,False,True,0
LRM,negation,100315,Uncertain,Uncertain,1
LRM,negation,100316,True,False,0
LRM,negation,100317,True,False,0
LRM,negation,100321,Uncertain,False,0
LRM,negation,100323,Uncertain,False,0
LRM,negation,100329,True,False,0
LRM,negation,100334,True,Uncertain,0
LRM,negation,100336,True,Uncertain,0
LRM,negation,100338,False,Uncertain,0
LRM,negation,100339,True,True,1
LRM,negation,100340,False,True,0
LRM,negation,100341,True,False,0
LRM,negation,100343,False,True,0
LRM,negation,100351,True,False,0
LRM,negation,100353,Uncertain,False,0
LRM,negation,100357,True,False,0
LRM,negation,100358,Uncertain,False,0
LRM,negation,100359,False,True,0
LRM,negation,100362,Uncertain,False,0
LRM,negation,100366,False,True,0
LRM,negation,100372,Uncertain,False,0
LRM,negation,100373,False,Uncertain,0
LRM,negation,100378,True,False,0
LRM,negation,100388,Uncertain,False,0
LRM,negation,100391,True,True,1
LRM,negation,100393,False,True,0
LRM,negation,100394,True,False,0
LRM,negation,100405,True,False,0
LRM,negation,100408,False,Uncertain,0
LRM,negation,100409,Uncertain,True,0
LRM,negation,100412,Uncertain,False,0
LRM,negation,100415,True,False,0
LRM,negation,100416,Uncertain,True,0
LRM,negation,100418,True,False,0
LRM,negation,100421,Uncertain,Uncertain,1
LRM,negation,100422,Uncertain,False,0
LRM,negation,100424,False,True,0
LRM,negation,100430,False,False,1
LRM,negation,100433,False,True,0
LRM,negation,100435,Uncertain,Uncertain,1
LRM,negation,100437,False,False,1
LRM,negation,100440,False,True,0
LRM,negation,100441,Uncertain,Uncertain,1
LRM,negation,100444,True,True,1
LRM,negation,100446,Uncertain,True,0
LRM,negation,100448,True,Uncertain,0
LRM,negation,100466,True,False,0
LRM,negation,100467,True,False,0
LRM,negation,100468,Uncertain,False,0
LRM,negation,100469,True,False,0
LRM,negation,100471,False,False,1
LRM,negation,100475,False,True,0
LRM,negation,100476,True,False,0
LRM,negation,100481,False,True,0
LRM,negation,100484,False,True,0
LRM,negation,100486,Uncertain,True,0
LRM,negation,100500,True,Uncertain,0
LRM,negation,100506,True,False,0
LRM,negation,100517,False,False,1
LRM,negation,100518,False,True,0
LRM,negation,100519,False,True,0
LRM,negation,100521,Uncertain,Uncertain,1
LRM,negation,100523,True,False,0
LRM,negation,100530,Uncertain,Uncertain,1
LRM,negation,100532,False,True,0
LRM,negation,100535,True,False,0
LRM,negation,100541,Uncertain,False,0
LRM,negation,100543,Uncertain,Uncertain,1
LRM,negation,100549,True,False,0
LRM,negation,100550,Uncertain,False,0
LRM,negation,100551,True,Uncertain,0
LRM,negation,100556,True,False,0
LRM,negation,100558,True,False,0
LRM,negation,100561,Uncertain,True,0
LRM,negation,100564,Uncertain,False,0
LRM,negation,100565,True,False,0
LRM,negation,100566,True,Uncertain,0
LRM,negation,100570,False,True,0
LRM,negation,100572,Uncertain,False,0
LRM,negation,100573,Uncertain,False,0
LRM,negation,100574,False,True,0
LRM,negation,100576,Uncertain,False,0
LRM,negation,100578,True,False,0
LRM,negation,100582,False,True,0
LRM,negation,100583,False,True,0
LRM,negation,100589,True,False,0
LRM,negation,100590,Uncertain,True,0
LRM,negation,100592,True,Uncertain,0
LRM,negation,100593,True,False,0
LRM,negation,100594,Uncertain,True,0
LRM,negation,100596,True,False,0
LRM,negation,100608,False,True,0
LRM,negation,100610,False,False,1
LRM,negation,100619,Uncertain,True,0
LRM,negation,100620,True,False,0
LRM,negation,100621,Uncertain,False,0
LRM,negation,100625,False,False,1
LRM,negation,100626,False,True,0
LRM,negation,100630,False,True,0
LRM,negation,100634,Uncertain,True,0
LRM,negation,100635,True,Uncertain,0
LRM,negation,100636,False,False,1
LRM,negation,100644,Uncertain,Uncertain,1
LRM,negation,100648,True,True,1
LRM,negation,100649,False,True,0
LRM,negation,100652,True,False,0
LRM,negation,100656,False,True,0
LRM,negation,100660,True,False,0
LRM,negation,100669,True,False,0
LRM,negation,100670,Uncertain,False,0
LRM,negation,100671,Uncertain,False,0
LRM,negation,100673,True,False,0
LRM,negation,100674,Uncertain,False,0
LRM,negation,100675,True,False,0
LRM,negation,100679,False,True,0
LRM,negation,100680,False,False,1
LRM,negation,100682,False,True,0
LRM,negation,100683,True,False,0
LRM,negation,100685,False,True,0
LRM,negation,100686,Uncertain,Uncertain,1
LRM,negation,100687,True,False,0
LRM,negation,100688,Uncertain,False,0
LRM,negation,100691,False,True,0
LRM,negation,100693,Uncertain,False,0
LRM,negation,100695,True,False,0
LRM,negation,100698,True,False,0
LRM,negation,100703,False,False,1
LRM,negation,100707,True,False,0
LRM,negation,100713,False,Uncertain,0
LRM,negation,100718,Uncertain,False,0
LRM,negation,100720,False,True,0
LRM,negation,100722,Uncertain,False,0
LRM,negation,100725,True,False,0
LRM,negation,100730,True,True,1
LRM,negation,100733,False,False,1
LRM,negation,100734,False,True,0
LRM,negation,100736,False,True,0
LRM,negation,100737,True,True,1
LRM,negation,100752,True,True,1
LRM,negation,100754,True,False,0
LRM,negation,100759,True,False,0
LRM,negation,100760,Uncertain,False,0
LRM,negation,100765,Uncertain,False,0
LRM,negation,100767,True,Uncertain,0
LRM,negation,100769,Uncertain,True,0
LRM,negation,100789,True,False,0
LRM,negation,100790,Uncertain,False,0
LRM,negation,100791,Uncertain,Uncertain,1
LRM,negation,100792,Uncertain,True,0
LRM,negation,100793,False,False,1
LRM,negation,100798,True,False,0
LRM,negation,100801,Uncertain,True,0
LRM,negation,100804,Uncertain,False,0
LRM,negation,100806,False,True,0
LRM,negation,100809,True,True,1
LRM,negation,100814,True,False,0
LRM,negation,100815,Uncertain,True,0
LRM,negation,100816,False,True,0
LRM,negation,100819,False,True,0
LRM,negation,100821,False,True,0
LRM,negation,100826,Uncertain,False,0
LRM,negation,100830,False,True,0
LRM,negation,100831,True,True,1
LRM,negation,100836,False,True,0
LRM,negation,100841,Uncertain,False,0
LRM,negation,100846,True,False,0
LRM,negation,100849,False,True,0
LRM,negation,100851,Uncertain,False,0
LRM,negation,100853,Uncertain,False,0
LRM,negation,100854,Uncertain,True,0
LRM,negation,100863,False,Uncertain,0
LRM,negation,100864,True,False,0
LRM,negation,100866,True,False,0
LRM,negation,100869,False,True,0
LRM,negation,100873,False,True,0
LRM,negation,100874,False,True,0
LRM,negation,100875,True,False,0
LRM,negation,100891,True,Uncertain,0
LRM,negation,100892,False,True,0
LRM,negation,100900,Uncertain,False,0
LRM,negation,100902,True,False,0
LRM,negation,100907,True,False,0
LRM,negation,100911,False,Uncertain,0
LRM,negation,100912,True,False,0
LRM,negation,100913,Uncertain,False,0
LRM,negation,100914,True,Uncertain,0
LRM,negation,100918,True,False,0
LRM,negation,100925,Uncertain,Uncertain,1
LRM,negation,100927,False,True,0
LRM,negation,100932,False,True,0
LRM,negation,100934,Uncertain,True,0
LRM,negation,100949,Uncertain,False,0
LRM,negation,100950,True,False,0
LRM,negation,100951,False,True,0
LRM,negation,100955,Uncertain,False,0
LRM,negation,100957,True,False,0
LRM,negation,100958,False,Uncertain,0
LRM,negation,100959,False,True,0
LRM,negation,100964,Uncertain,True,0
LRM,negation,100966,Uncertain,False,0
LRM,negation,100967,Uncertain,False,0
LRM,negation,100970,True,False,0
LRM,negation,100973,Uncertain,True,0
LRM,negation,100978,True,False,0
LRM,negation,100980,False,True,0
LRM,negation,100982,True,False,0
LRM,negation,100984,True,True,1
LRM,negation,100986,True,Uncertain,0
LRM,negation,100993,Uncertain,False,0
LRM,negation,100994,False,True,0
LRM,negation,100999,False,True,0
LRM,negation,16,Uncertain,True,0
LRM,negation,26,Uncertain,False,0
LRM,negation,27,Uncertain,True,0
LRM,negation,28,True,False,0
LRM,negation,57,False,True,0
LRM,negation,75,Uncertain,True,0
LRM,negation,85,Uncertain,Uncertain,1
LRM,negation,122,False,True,0
LRM,negation,135,Uncertain,True,0
LRM,negation,141,True,False,0
LRM,negation,142,True,False,0
LRM,negation,152,Uncertain,True,0
LRM,negation,196,False,True,0
LRM,negation,100249,Uncertain,Uncertain,1
LRM,negation,100429,Uncertain,False,0
LRM,negation,100452,True,False,0
LRM,negation,100527,Uncertain,False,0
LRM,negation,100567,Uncertain,True,0
LRM,negation,100597,False,True,0
