model,id,split,task,gt,gt_effective,p,correct,prompt,response,tokens,duration_s,tps,input_len,truncated,nl_wc,fol_tc,nl_bin,fol_bin
LRM,0,validation,original,Uncertain,Uncertain,False,False,,,4863.0,,6.78,302.0,False,149,211,Q4,Q4
LRM,1,validation,original,True,True,True,True,,,8054.0,,5.1,359.0,False,205,259,Q4,Q4
LRM,2,validation,original,False,False,False,True,,,8556.0,,4.89,357.0,False,189,252,Q4,Q4
LRM,3,validation,original,Uncertain,Uncertain,Uncertain,True,,,5817.0,,6.3,207.0,False,90,163,Q4,Q4
LRM,4,validation,original,Uncertain,Uncertain,Uncertain,True,,,6379.0,,5.98,208.0,False,92,164,Q4,Q4
LRM,5,validation,original,True,True,True,True,,,3898.0,,7.7,211.0,False,137,169,Q4,Q4
LRM,6,validation,original,True,True,True,True,,,1199.0,,11.54,190.0,False,46,120,Q1,Q3
LRM,7,validation,original,Uncertain,Uncertain,False,False,,,4339.0,,7.35,197.0,False,47,128,Q2,Q3
LRM,8,validation,original,Uncertain,Uncertain,False,False,,,2327.0,,9.54,204.0,False,47,127,Q2,Q3
LRM,9,validation,original,True,True,True,True,,,733.0,,12.68,177.0,False,71,81,Q3,Q2
LRM,10,validation,original,False,False,False,True,,,942.0,,12.15,175.0,False,71,81,Q3,Q2
LRM,11,validation,original,Uncertain,Uncertain,False,False,,,1272.0,,11.47,175.0,False,70,81,Q3,Q2
LRM,12,validation,original,True,True,True,True,,,1667.0,,10.77,172.0,False,62,109,Q2,Q3
LRM,13,validation,original,Uncertain,Uncertain,False,False,,,1972.0,,10.16,184.0,False,62,125,Q2,Q3
LRM,14,validation,original,False,False,False,True,,,1530.0,,11.03,173.0,False,63,110,Q2,Q3
LRM,15,validation,original,True,True,True,True,,,977.0,,12.47,92.0,False,13,39,Q1,Q1
LRM,17,validation,original,Uncertain,Uncertain,True,False,,,1569.0,,10.83,183.0,False,69,107,Q3,Q3
LRM,18,validation,original,True,True,True,True,,,1469.0,,11.05,189.0,False,70,111,Q3,Q3
LRM,19,validation,original,True,True,True,True,,,3101.0,,8.51,206.0,False,81,124,Q3,Q3
LRM,20,validation,original,False,False,False,True,,,2693.0,,9.02,204.0,False,76,121,Q3,Q3
LRM,21,validation,original,True,True,True,True,,,975.0,,12.36,169.0,False,60,100,Q2,Q2
LRM,22,validation,original,False,False,False,True,,,1390.0,,11.37,163.0,False,57,96,Q2,Q2
LRM,23,validation,original,Uncertain,Uncertain,Uncertain,True,,,2494.0,,9.35,169.0,False,60,100,Q2,Q2
LRM,24,validation,original,True,True,True,True,,,921.0,,12.24,221.0,False,76,100,Q3,Q2
LRM,25,validation,original,Uncertain,Uncertain,False,False,,,1073.0,,12.08,208.0,False,71,93,Q3,Q2
LRM,29,validation,original,False,False,False,True,,,3551.0,,8.09,177.0,False,66,106,Q3,Q3
LRM,30,validation,original,Uncertain,Uncertain,False,False,,,5507.0,,6.41,273.0,False,99,210,Q4,Q4
LRM,31,validation,original,True,True,True,True,,,2870.0,,8.68,269.0,False,99,207,Q4,Q4
LRM,32,validation,original,False,False,False,True,,,4743.0,,6.93,270.0,False,101,208,Q4,Q4
LRM,33,validation,original,True,True,True,True,,,890.0,,12.63,138.0,False,37,51,Q1,Q1
LRM,34,validation,original,Uncertain,Uncertain,False,False,,,2722.0,,9.15,128.0,False,36,42,Q1,Q1
LRM,35,validation,original,False,False,False,True,,,1598.0,,10.94,146.0,False,44,61,Q1,Q1
LRM,36,validation,original,True,True,True,True,,,1186.0,,11.71,154.0,False,43,78,Q1,Q1
LRM,37,validation,original,True,True,True,True,,,1127.0,,11.84,171.0,False,44,96,Q1,Q2
LRM,38,validation,original,False,False,False,True,,,1236.0,,11.53,156.0,False,44,79,Q1,Q2
LRM,39,validation,original,Uncertain,Uncertain,True,False,,,2957.0,,8.6,252.0,False,86,184,Q3,Q4
LRM,40,validation,original,True,True,Uncertain,False,,,6323.0,,5.97,257.0,False,86,189,Q3,Q4
LRM,41,validation,original,False,False,Uncertain,False,,,7908.0,,5.23,258.0,False,87,191,Q4,Q4
LRM,42,validation,original,True,True,True,True,,,3510.0,,7.87,349.0,False,121,204,Q4,Q4
LRM,43,validation,original,Uncertain,Uncertain,False,False,,,2541.0,,8.88,361.0,False,119,212,Q4,Q4
LRM,44,validation,original,False,False,False,True,,,4302.0,,7.19,378.0,False,138,223,Q4,Q4
LRM,45,validation,original,Uncertain,Uncertain,False,False,,,2086.0,,10.16,94.0,False,12,41,Q1,Q1
LRM,46,validation,original,True,True,True,True,,,1614.0,,10.58,244.0,False,52,190,Q2,Q4
LRM,47,validation,original,Uncertain,Uncertain,False,False,,,6790.0,,5.78,244.0,False,52,190,Q2,Q4
LRM,48,validation,original,Uncertain,Uncertain,Uncertain,True,,,4479.0,,7.33,132.0,False,44,64,Q1,Q1
LRM,49,validation,original,False,False,False,True,,,2073.0,,10.07,131.0,False,45,64,Q1,Q1
LRM,50,validation,original,True,True,True,True,,,1339.0,,11.47,132.0,False,46,65,Q1,Q1
LRM,51,validation,original,False,False,False,True,,,2317.0,,9.58,165.0,False,47,102,Q2,Q2
LRM,52,validation,original,Uncertain,Uncertain,False,False,,,2510.0,,9.39,165.0,False,47,102,Q2,Q2
LRM,53,validation,original,True,True,True,True,,,1215.0,,11.74,165.0,False,47,102,Q2,Q2
LRM,54,validation,original,True,True,True,True,,,3166.0,,8.6,123.0,False,32,47,Q1,Q1
LRM,55,validation,original,False,False,False,True,,,2295.0,,9.74,129.0,False,32,49,Q1,Q1
LRM,56,validation,original,Uncertain,Uncertain,False,False,,,2444.0,,9.52,123.0,False,31,47,Q1,Q1
LRM,58,validation,original,Uncertain,Uncertain,False,False,,,5270.0,,6.54,299.0,False,83,213,Q3,Q4
LRM,59,validation,original,True,True,True,True,,,2346.0,,9.53,285.0,False,82,197,Q3,Q4
LRM,60,validation,original,Uncertain,Uncertain,Uncertain,True,,,2504.0,,9.37,159.0,False,63,87,Q2,Q2
LRM,61,validation,original,Uncertain,Uncertain,False,False,,,5175.0,,6.77,159.0,False,63,87,Q2,Q2
LRM,62,validation,original,Uncertain,Uncertain,False,False,,,2308.0,,9.7,124.0,False,29,61,Q1,Q1
LRM,63,validation,original,False,False,False,True,,,2945.0,,8.82,133.0,False,33,66,Q1,Q1
LRM,64,validation,original,True,True,True,True,,,2029.0,,10.11,134.0,False,38,67,Q1,Q1
LRM,65,validation,original,True,True,True,True,,,1194.0,,11.38,238.0,False,76,125,Q3,Q3
LRM,66,validation,original,Uncertain,Uncertain,False,False,,,1023.0,,11.94,233.0,False,77,116,Q3,Q3
LRM,67,validation,original,True,True,True,True,,,1811.0,,11.08,234.0,False,74,121,Q3,Q3
LRM,68,validation,original,True,True,True,True,,,1713.0,,10.66,183.0,False,54,81,Q2,Q2
LRM,69,validation,original,False,False,False,True,,,1476.0,,10.98,198.0,False,53,95,Q2,Q2
LRM,70,validation,original,Uncertain,Uncertain,False,False,,,2229.0,,9.81,148.0,False,56,71,Q2,Q1
LRM,71,validation,original,False,False,True,False,,,1691.0,,10.7,150.0,False,60,72,Q2,Q1
LRM,72,validation,original,True,True,True,True,,,4122.0,,7.56,190.0,False,78,94,Q3,Q2
LRM,73,validation,original,True,True,True,True,,,1006.0,,12.19,176.0,False,64,103,Q3,Q2
LRM,74,validation,original,False,False,False,True,,,3208.0,,8.45,179.0,False,62,103,Q2,Q2
LRM,76,validation,original,True,True,True,True,,,6521.0,,5.79,327.0,False,180,202,Q4,Q4
LRM,77,validation,original,False,False,True,False,,,5708.0,,6.24,327.0,False,186,201,Q4,Q4
LRM,78,validation,original,False,False,False,True,,,2912.0,,8.84,173.0,False,43,86,Q1,Q2
LRM,79,validation,original,True,True,True,True,,,2947.0,,8.74,175.0,False,44,89,Q1,Q2
LRM,80,validation,original,Uncertain,Uncertain,False,False,,,4857.0,,6.99,163.0,False,41,79,Q1,Q2
LRM,81,validation,original,True,True,True,True,,,2723.0,,9.0,186.0,False,47,95,Q2,Q2
LRM,82,validation,original,False,False,False,True,,,3082.0,,8.56,183.0,False,45,91,Q1,Q2
LRM,83,validation,original,False,False,False,True,,,7304.0,,5.48,265.0,False,100,159,Q4,Q3
LRM,84,validation,original,True,True,True,True,,,8253.0,,5.11,240.0,False,87,148,Q4,Q3
LRM,86,validation,original,True,True,True,True,,,1662.0,,10.39,242.0,False,94,146,Q4,Q3
LRM,87,validation,original,True,True,True,True,,,1153.0,,11.94,126.0,False,33,66,Q1,Q1
LRM,88,validation,original,True,True,True,True,,,1023.0,,12.26,124.0,False,35,64,Q1,Q1
LRM,89,validation,original,Uncertain,Uncertain,False,False,,,1616.0,,10.84,131.0,False,36,73,Q1,Q1
LRM,90,validation,original,True,True,True,True,,,887.0,,12.69,123.0,False,62,52,Q2,Q1
LRM,91,validation,original,False,False,False,True,,,1258.0,,11.7,123.0,False,62,52,Q2,Q1
LRM,92,validation,original,False,False,True,False,,,6267.0,,5.95,285.0,False,116,190,Q4,Q4
LRM,93,validation,original,Uncertain,Uncertain,False,False,,,6093.0,,6.05,288.0,False,121,192,Q4,Q4
LRM,94,validation,original,True,True,True,True,,,1028.0,,11.68,304.0,False,119,208,Q4,Q4
LRM,95,validation,original,Uncertain,Uncertain,True,False,,,3531.0,,8.13,155.0,False,54,79,Q2,Q2
LRM,96,validation,original,False,False,Uncertain,False,,,2420.0,,9.44,165.0,False,59,84,Q2,Q2
LRM,97,validation,original,True,True,True,True,,,2918.0,,8.79,176.0,False,67,89,Q3,Q2
LRM,98,validation,original,Uncertain,Uncertain,False,False,,,1717.0,,10.55,166.0,False,41,101,Q1,Q2
LRM,99,validation,original,True,True,True,True,,,1208.0,,11.67,173.0,False,44,106,Q1,Q3
LRM,100,validation,original,False,False,True,False,,,3451.0,,8.15,191.0,False,69,123,Q3,Q3
LRM,101,validation,original,Uncertain,Uncertain,Uncertain,True,,,4689.0,,7.08,197.0,False,129,128,Q4,Q3
LRM,102,validation,original,False,False,False,True,,,4156.0,,7.51,197.0,False,122,126,Q4,Q3
LRM,103,validation,original,True,True,True,True,,,3551.0,,8.03,210.0,False,130,138,Q4,Q3
LRM,104,validation,original,True,True,True,True,,,1220.0,,11.82,180.0,False,75,89,Q3,Q2
LRM,105,validation,original,True,True,False,False,,,2692.0,,9.12,184.0,False,79,95,Q3,Q2
LRM,106,validation,original,False,False,False,True,,,2715.0,,8.97,194.0,False,83,105,Q3,Q2
LRM,107,validation,original,Uncertain,Uncertain,False,False,,,4558.0,,7.15,223.0,False,111,140,Q4,Q3
LRM,108,validation,original,False,False,True,False,,,8456.0,,5.03,250.0,False,134,167,Q4,Q4
LRM,109,validation,original,True,True,Uncertain,False,,,7925.0,,5.23,252.0,False,159,170,Q4,Q4
LRM,110,validation,original,Uncertain,Uncertain,False,False,,,1463.0,,11.29,145.0,False,18,79,Q1,Q2
LRM,111,validation,original,True,True,True,True,,,1387.0,,11.36,200.0,False,53,99,Q2,Q2
LRM,112,validation,original,Uncertain,Uncertain,False,False,,,3046.0,,8.64,199.0,False,52,99,Q2,Q2
LRM,113,validation,original,False,False,True,False,,,3119.0,,8.51,204.0,False,57,102,Q2,Q2
LRM,114,validation,original,False,False,False,True,,,4135.0,,7.47,219.0,False,102,158,Q4,Q3
LRM,115,validation,original,True,True,True,True,,,951.0,,12.11,203.0,False,98,139,Q4,Q3
LRM,116,validation,original,Uncertain,Uncertain,Uncertain,True,,,5342.0,,6.6,204.0,False,98,141,Q4,Q3
LRM,117,validation,original,Uncertain,Uncertain,False,False,,,2186.0,,9.83,210.0,False,76,97,Q3,Q2
LRM,118,validation,original,True,True,True,True,,,1124.0,,11.91,223.0,False,81,111,Q3,Q3
LRM,119,validation,original,False,False,False,True,,,1757.0,,10.53,201.0,False,74,87,Q3,Q2
LRM,120,validation,original,Uncertain,Uncertain,False,False,,,2167.0,,10.03,90.0,False,11,39,Q1,Q1
LRM,121,validation,original,Uncertain,Uncertain,Uncertain,True,,,8969.0,,4.75,224.0,False,63,162,Q2,Q4
LRM,123,validation,original,True,True,False,False,,,6234.0,,6.04,232.0,False,63,170,Q2,Q4
LRM,124,validation,original,Uncertain,Uncertain,False,False,,,3233.0,,8.35,211.0,False,63,153,Q2,Q3
LRM,125,validation,original,True,True,True,True,,,1889.0,,10.01,239.0,False,62,185,Q2,Q4
LRM,126,validation,original,False,False,False,True,,,3653.0,,7.86,241.0,False,64,188,Q3,Q4
LRM,127,validation,original,False,False,True,False,,,3686.0,,7.77,338.0,False,87,269,Q4,Q4
LRM,128,validation,original,True,True,True,True,,,4764.0,,6.84,339.0,False,89,270,Q4,Q4
LRM,129,validation,original,Uncertain,Uncertain,True,False,,,4053.0,,7.44,336.0,False,85,267,Q3,Q4
LRM,130,validation,original,True,True,Uncertain,False,,,4482.0,,7.0,390.0,False,96,318,Q4,Q4
LRM,131,validation,original,True,True,True,True,,,785.0,,12.71,138.0,False,19,69,Q1,Q1
LRM,132,validation,original,Uncertain,Uncertain,False,False,,,1686.0,,10.97,127.0,False,16,59,Q1,Q1
LRM,133,validation,original,Uncertain,Uncertain,False,False,,,2080.0,,10.03,126.0,False,16,59,Q1,Q1
LRM,134,validation,original,True,True,True,True,,,794.0,,12.9,117.0,False,20,57,Q1,Q1
LRM,136,validation,original,False,False,False,True,,,1008.0,,12.18,126.0,False,26,66,Q1,Q1
LRM,137,validation,original,True,True,True,True,,,1502.0,,10.94,216.0,False,67,109,Q3,Q3
LRM,138,validation,original,False,False,False,True,,,1331.0,,11.3,217.0,False,67,109,Q3,Q3
LRM,139,validation,original,Uncertain,Uncertain,Uncertain,True,,,2896.0,,8.71,243.0,False,104,154,Q4,Q3
LRM,140,validation,original,False,False,False,True,,,4430.0,,7.17,265.0,False,114,168,Q4,Q4
LRM,143,validation,original,Uncertain,Uncertain,False,False,,,2420.0,,9.32,225.0,False,46,164,Q1,Q4
LRM,144,validation,original,Uncertain,Uncertain,False,False,,,2657.0,,9.04,225.0,False,86,114,Q3,Q3
LRM,145,validation,original,Uncertain,Uncertain,False,False,,,3146.0,,8.44,227.0,False,87,117,Q4,Q3
LRM,146,validation,original,True,True,True,True,,,2415.0,,9.31,242.0,False,96,118,Q4,Q3
LRM,147,validation,original,True,True,True,True,,,2075.0,,9.82,241.0,False,97,118,Q4,Q3
LRM,148,validation,original,False,False,True,False,,,2526.0,,9.15,244.0,False,105,118,Q4,Q3
LRM,149,validation,original,True,True,True,True,,,975.0,,12.35,178.0,False,56,74,Q2,Q1
LRM,150,validation,original,Uncertain,Uncertain,False,False,,,1030.0,,12.21,173.0,False,58,69,Q2,Q1
LRM,151,validation,original,Uncertain,Uncertain,False,False,,,1079.0,,12.14,171.0,False,57,69,Q2,Q1
LRM,153,validation,original,False,False,False,True,,,4792.0,,6.97,217.0,False,50,167,Q2,Q4
LRM,154,validation,original,True,True,True,True,,,8039.0,,5.18,256.0,False,63,208,Q2,Q4
LRM,155,validation,original,Uncertain,Uncertain,Uncertain,True,,,1189.0,,11.87,107.0,False,11,58,Q1,Q1
LRM,156,validation,original,False,False,False,True,,,3433.0,,8.07,247.0,False,107,190,Q4,Q4
LRM,157,validation,original,True,True,True,True,,,3199.0,,8.31,248.0,False,109,191,Q4,Q4
LRM,158,validation,original,True,True,False,False,,,4724.0,,6.96,256.0,False,113,198,Q4,Q4
LRM,159,validation,original,Uncertain,Uncertain,True,False,,,3043.0,,8.57,232.0,False,103,174,Q4,Q4
LRM,160,validation,original,True,True,True,True,,,1795.0,,10.56,133.0,False,41,50,Q1,Q1
LRM,161,validation,original,Uncertain,Uncertain,False,False,,,4607.0,,7.25,126.0,False,37,45,Q1,Q1
LRM,162,validation,original,False,False,False,True,,,1098.0,,12.13,106.0,False,10,59,Q1,Q1
LRM,163,validation,original,Uncertain,Uncertain,False,False,,,2149.0,,9.82,185.0,False,70,100,Q3,Q2
LRM,164,validation,original,False,False,False,True,,,5580.0,,6.44,203.0,False,79,121,Q3,Q3
LRM,165,validation,original,True,True,True,True,,,6386.0,,5.98,203.0,False,78,123,Q3,Q3
LRM,166,validation,original,True,True,True,True,,,928.0,,12.66,122.0,False,28,31,Q1,Q1
LRM,167,validation,original,True,True,True,True,,,1161.0,,12.04,136.0,False,35,49,Q1,Q1
LRM,168,validation,original,False,False,False,True,,,1166.0,,12.08,123.0,False,28,38,Q1,Q1
LRM,169,validation,original,Uncertain,Uncertain,False,False,,,6873.0,,5.75,194.0,False,63,88,Q2,Q2
LRM,170,validation,original,True,True,True,True,,,2913.0,,8.67,235.0,False,86,108,Q3,Q3
LRM,171,validation,original,False,False,False,True,,,5921.0,,6.22,221.0,False,82,100,Q3,Q2
LRM,172,validation,original,Uncertain,Uncertain,False,False,,,4092.0,,7.52,222.0,False,97,127,Q4,Q3
LRM,173,validation,original,False,False,False,True,,,2556.0,,9.17,221.0,False,102,127,Q4,Q3
LRM,174,validation,original,True,True,Uncertain,False,,,6115.0,,6.1,236.0,False,113,138,Q4,Q3
LRM,175,validation,original,Uncertain,Uncertain,False,False,,,1055.0,,12.21,91.0,False,32,18,Q1,Q1
LRM,176,validation,original,False,False,False,True,,,740.0,,12.98,94.0,False,34,19,Q1,Q1
LRM,177,validation,original,True,True,True,True,,,675.0,,13.16,105.0,False,38,29,Q1,Q1
LRM,178,validation,original,False,False,False,True,,,3098.0,,8.69,163.0,False,11,123,Q1,Q3
LRM,179,validation,original,False,False,False,True,,,1253.0,,11.72,104.0,False,25,37,Q1,Q1
LRM,180,validation,original,False,False,False,True,,,1683.0,,10.84,104.0,False,25,37,Q1,Q1
LRM,181,validation,original,Uncertain,Uncertain,False,False,,,1796.0,,10.56,130.0,False,38,69,Q1,Q1
LRM,182,validation,original,True,True,True,True,,,1755.0,,10.61,140.0,False,44,79,Q1,Q2
LRM,183,validation,original,False,False,False,True,,,4924.0,,6.95,155.0,False,56,92,Q2,Q2
LRM,184,validation,original,True,True,True,True,,,1010.0,,12.28,207.0,False,77,120,Q3,Q3
LRM,185,validation,original,False,False,False,True,,,1089.0,,11.79,208.0,False,76,120,Q3,Q3
LRM,186,validation,original,Uncertain,Uncertain,False,False,,,1252.0,,11.33,209.0,False,77,122,Q3,Q3
LRM,187,validation,original,Uncertain,Uncertain,False,False,,,3032.0,,8.72,145.0,False,50,80,Q2,Q2
LRM,188,validation,original,True,True,True,True,,,1869.0,,10.35,158.0,False,53,93,Q2,Q2
LRM,189,validation,original,False,False,False,True,,,2051.0,,10.06,156.0,False,52,90,Q2,Q2
LRM,190,validation,original,False,False,False,True,,,3055.0,,8.65,166.0,False,62,98,Q2,Q2
LRM,191,validation,original,False,False,False,True,,,2641.0,,9.13,170.0,False,61,105,Q2,Q2
LRM,192,validation,original,False,False,False,True,,,1553.0,,11.17,92.0,False,16,44,Q1,Q1
LRM,193,validation,original,False,False,True,False,,,2373.0,,9.56,193.0,False,78,85,Q3,Q2
LRM,194,validation,original,Uncertain,Uncertain,Uncertain,True,,,2999.0,,8.69,183.0,False,82,80,Q3,Q2
LRM,195,validation,original,Uncertain,Uncertain,True,False,,,4602.0,,7.02,278.0,False,57,244,Q2,Q4
LRM,197,validation,original,True,True,True,True,,,7306.0,,5.46,283.0,False,64,251,Q3,Q4
LRM,198,validation,original,False,False,False,True,,,1139.0,,12.09,167.0,False,50,69,Q2,Q1
LRM,199,validation,original,False,False,False,True,,,1214.0,,11.53,170.0,False,52,69,Q2,Q1
LRM,200,validation,original,False,False,False,True,,,1058.0,,11.87,169.0,False,52,69,Q2,Q1
LRM,201,validation,original,Uncertain,Uncertain,False,False,,,833.0,,12.81,163.0,False,48,59,Q2,Q1
LRM,202,validation,original,Uncertain,Uncertain,False,False,,,851.0,,12.64,170.0,False,52,68,Q2,Q1
LRM,100000,train,original,True,True,False,False,,,5172.0,,6.75,181.0,False,106,102,Q4,Q2
LRM,100001,train,original,True,True,False,False,,,5534.0,,6.51,180.0,False,107,100,Q4,Q2
LRM,100003,train,original,True,True,True,True,,,5069.0,,6.79,207.0,False,138,117,Q4,Q3
LRM,100005,train,original,True,True,True,True,,,1221.0,,11.69,194.0,False,46,103,Q1,Q2
LRM,100008,train,original,False,False,False,True,,,4868.0,,6.96,174.0,False,59,106,Q2,Q3
LRM,100009,train,original,True,True,True,True,,,2118.0,,9.81,183.0,False,62,111,Q2,Q3
LRM,100024,train,original,False,False,False,True,,,4069.0,,7.56,218.0,False,85,110,Q3,Q3
LRM,100025,train,original,True,True,True,True,,,770.0,,13.09,123.0,False,36,41,Q1,Q1
LRM,100028,train,original,Uncertain,Uncertain,False,False,,,1061.0,,12.35,123.0,False,37,41,Q1,Q1
LRM,100036,train,original,False,False,True,False,,,4335.0,,7.31,222.0,False,71,141,Q3,Q3
LRM,100039,train,original,False,False,True,False,,,5101.0,,6.72,249.0,False,92,160,Q4,Q4
LRM,100040,train,original,Uncertain,Uncertain,True,False,,,7183.0,,5.55,247.0,False,78,149,Q3,Q4
LRM,100042,train,original,False,False,False,True,,,5193.0,,6.57,304.0,False,108,182,Q4,Q4
LRM,100045,train,original,Uncertain,Uncertain,False,False,,,3999.0,,7.67,187.0,False,64,136,Q3,Q3
LRM,100047,train,original,True,True,False,False,,,4121.0,,7.42,272.0,False,101,205,Q4,Q4
LRM,100051,train,original,False,False,False,True,,,897.0,,12.68,116.0,False,30,39,Q1,Q1
LRM,100052,train,original,True,True,False,False,,,679.0,,13.29,115.0,False,30,38,Q1,Q1
LRM,100070,train,original,True,True,True,True,,,2473.0,,9.38,165.0,False,68,101,Q3,Q2
LRM,100071,train,original,False,False,False,True,,,4721.0,,7.07,178.0,False,79,115,Q3,Q3
LRM,100074,train,original,Uncertain,Uncertain,False,False,,,1577.0,,11.09,110.0,False,21,44,Q1,Q1
LRM,100075,train,original,Uncertain,Uncertain,False,False,,,4962.0,,6.86,211.0,False,82,154,Q3,Q4
LRM,100077,train,original,False,False,Uncertain,False,,,4385.0,,7.29,218.0,False,86,161,Q3,Q4
LRM,100083,train,original,False,False,False,True,,,4453.0,,7.1,321.0,False,107,257,Q4,Q4
LRM,100086,train,original,Uncertain,Uncertain,False,False,,,3659.0,,7.89,330.0,False,110,175,Q4,Q4
LRM,100094,train,original,Uncertain,Uncertain,False,False,,,2669.0,,9.2,134.0,False,17,81,Q1,Q2
LRM,100095,train,original,False,False,False,True,,,4374.0,,7.39,147.0,False,50,75,Q2,Q1
LRM,100102,train,original,False,False,True,False,,,2362.0,,9.41,213.0,False,82,125,Q3,Q3
LRM,100105,train,original,False,False,False,True,,,819.0,,12.78,120.0,False,50,71,Q2,Q1
LRM,100106,train,original,True,True,True,True,,,740.0,,12.79,121.0,False,49,71,Q2,Q1
LRM,100109,train,original,False,False,False,True,,,5158.0,,6.58,338.0,False,204,218,Q4,Q4
LRM,100110,train,original,True,True,Uncertain,False,,,3757.0,,7.63,356.0,False,215,232,Q4,Q4
LRM,100111,train,original,Uncertain,Uncertain,False,False,,,792.0,,12.93,162.0,False,47,54,Q2,Q1
LRM,100114,train,original,False,False,True,False,,,6222.0,,6.11,171.0,False,55,102,Q2,Q2
LRM,100118,train,original,True,True,True,True,,,3552.0,,7.97,241.0,False,88,159,Q4,Q4
LRM,100124,train,original,Uncertain,Uncertain,True,False,,,2448.0,,9.48,139.0,False,38,81,Q1,Q2
LRM,100127,train,original,True,True,True,True,,,2182.0,,9.88,137.0,False,39,82,Q1,Q2
LRM,100130,train,original,False,False,False,True,,,1475.0,,11.01,156.0,False,64,92,Q3,Q2
LRM,100133,train,original,False,False,False,True,,,3542.0,,8.1,185.0,False,63,110,Q3,Q3
LRM,100134,train,original,True,True,True,True,,,3157.0,,8.49,186.0,False,66,113,Q3,Q3
LRM,100135,train,original,True,True,True,True,,,1126.0,,11.93,151.0,False,34,53,Q1,Q1
LRM,100136,train,original,False,False,False,True,,,2645.0,,9.19,153.0,False,38,56,Q1,Q1
LRM,100137,train,original,Uncertain,Uncertain,False,False,,,2205.0,,9.88,144.0,False,32,44,Q1,Q1
LRM,100150,train,original,True,True,True,True,,,1329.0,,11.41,146.0,False,45,90,Q1,Q2
LRM,100151,train,original,Uncertain,Uncertain,False,False,,,3077.0,,8.67,139.0,False,40,85,Q1,Q2
LRM,100152,train,original,Uncertain,Uncertain,Uncertain,True,,,3105.0,,8.52,203.0,False,83,118,Q3,Q3
LRM,100158,train,original,True,True,False,False,,,3736.0,,7.86,224.0,False,102,136,Q4,Q3
LRM,100159,train,original,False,False,True,False,,,3383.0,,8.21,223.0,False,100,135,Q4,Q3
LRM,100161,train,original,True,True,False,False,,,3428.0,,8.16,224.0,False,109,136,Q4,Q3
LRM,100163,train,original,Uncertain,Uncertain,False,False,,,4492.0,,7.17,243.0,False,118,150,Q4,Q4
LRM,100165,train,original,Uncertain,Uncertain,False,False,,,2474.0,,9.56,124.0,False,11,78,Q1,Q2
LRM,100166,train,original,True,True,True,True,,,2451.0,,9.38,208.0,False,82,123,Q3,Q3
LRM,100173,train,original,Uncertain,Uncertain,False,False,,,4162.0,,7.49,194.0,False,63,121,Q3,Q3
LRM,100178,train,original,Uncertain,Uncertain,False,False,,,1635.0,,10.75,219.0,False,53,138,Q2,Q3
LRM,100180,train,original,True,True,True,True,,,1391.0,,11.24,229.0,False,54,154,Q2,Q4
LRM,100181,train,original,Uncertain,Uncertain,False,False,,,7179.0,,5.58,231.0,False,72,156,Q3,Q4
LRM,100182,train,original,False,False,False,True,,,7341.0,,5.51,232.0,False,73,156,Q3,Q4
LRM,100183,train,original,True,True,Uncertain,False,,,6313.0,,5.99,233.0,False,74,157,Q3,Q4
LRM,100194,train,original,True,True,True,True,,,841.0,,13.47,176.0,False,58,78,Q2,Q2
LRM,100196,train,original,True,True,True,True,,,1013.0,,12.29,212.0,False,106,74,Q4,Q1
LRM,100197,train,original,True,True,True,True,,,985.0,,12.27,138.0,False,27,61,Q1,Q1
LRM,100199,train,original,Uncertain,Uncertain,False,False,,,1065.0,,12.85,125.0,False,24,45,Q1,Q1
LRM,100201,train,original,False,False,False,True,,,2964.0,,8.59,267.0,False,138,161,Q4,Q4
LRM,100203,train,original,True,True,True,True,,,725.0,,13.17,143.0,False,54,76,Q2,Q2
LRM,100204,train,original,Uncertain,Uncertain,False,False,,,1120.0,,11.92,144.0,False,54,78,Q2,Q2
LRM,100208,train,original,True,True,False,False,,,3312.0,,8.12,303.0,False,150,168,Q4,Q4
LRM,100209,train,original,Uncertain,Uncertain,False,False,,,3904.0,,7.72,195.0,False,63,136,Q3,Q3
LRM,100215,train,original,False,False,Uncertain,False,,,5593.0,,6.36,278.0,False,124,231,Q4,Q4
LRM,100218,train,original,True,True,False,False,,,4997.0,,6.81,228.0,False,110,132,Q4,Q3
LRM,100224,train,original,False,False,False,True,,,4966.0,,6.94,141.0,False,40,74,Q1,Q1
LRM,100227,train,original,False,False,False,True,,,2035.0,,10.0,208.0,False,72,134,Q3,Q3
LRM,100228,train,original,False,False,True,False,,,2108.0,,9.9,189.0,False,88,100,Q4,Q2
LRM,100230,train,original,Uncertain,Uncertain,False,False,,,4377.0,,7.37,166.0,False,57,89,Q2,Q2
LRM,100233,train,original,False,False,False,True,,,2313.0,,9.63,151.0,False,47,92,Q2,Q2
LRM,100240,train,original,True,True,False,False,,,4978.0,,6.84,207.0,False,90,128,Q4,Q3
LRM,100242,train,original,Uncertain,Uncertain,True,False,,,1552.0,,11.01,142.0,False,33,74,Q1,Q1
LRM,100244,train,original,Uncertain,Uncertain,False,False,,,1289.0,,11.67,135.0,False,34,69,Q1,Q1
LRM,100250,train,original,Uncertain,Uncertain,Uncertain,True,,,1670.0,,10.77,159.0,False,51,57,Q2,Q1
LRM,100252,train,original,True,True,True,True,,,1253.0,,11.33,224.0,False,61,96,Q2,Q2
LRM,100254,train,original,Uncertain,Uncertain,False,False,,,1352.0,,11.27,203.0,False,51,71,Q2,Q1
LRM,100255,train,original,True,True,True,True,,,2111.0,,9.97,148.0,False,42,62,Q1,Q1
LRM,100257,train,original,False,False,False,True,,,2420.0,,9.45,187.0,False,62,67,Q2,Q1
LRM,100260,train,original,True,True,True,True,,,1802.0,,10.33,206.0,False,59,138,Q2,Q3
LRM,100267,train,original,False,False,True,False,,,4534.0,,7.03,317.0,False,139,219,Q4,Q4
LRM,100268,train,original,False,False,False,True,,,2443.0,,9.44,165.0,False,80,93,Q3,Q2
LRM,100270,train,original,Uncertain,Uncertain,True,False,,,4033.0,,7.66,166.0,False,80,95,Q3,Q2
LRM,100271,train,original,True,True,True,True,,,1542.0,,10.96,167.0,False,54,93,Q2,Q2
LRM,100273,train,original,False,False,False,True,,,2053.0,,10.09,148.0,False,47,75,Q2,Q1
LRM,100278,train,original,True,True,True,True,,,1696.0,,10.64,155.0,False,47,77,Q2,Q2
LRM,100283,train,original,False,False,False,True,,,2373.0,,9.36,224.0,False,94,113,Q4,Q3
LRM,100285,train,original,Uncertain,Uncertain,False,False,,,900.0,,12.41,223.0,False,74,88,Q3,Q2
LRM,100288,train,original,True,True,True,True,,,1080.0,,12.03,134.0,False,43,51,Q1,Q1
LRM,100290,train,original,Uncertain,Uncertain,False,False,,,1521.0,,11.19,132.0,False,43,50,Q1,Q1
LRM,100291,train,original,False,False,True,False,,,1739.0,,10.65,143.0,False,43,57,Q1,Q1
LRM,100293,train,original,False,False,False,True,,,1362.0,,11.39,174.0,False,34,106,Q1,Q3
LRM,100302,train,original,False,False,True,False,,,1823.0,,10.45,202.0,False,66,160,Q3,Q4
LRM,100306,train,original,True,True,True,True,,,3435.0,,8.15,218.0,False,97,131,Q4,Q3
LRM,100307,train,original,False,False,False,True,,,3499.0,,8.06,231.0,False,106,138,Q4,Q3
LRM,100308,train,original,True,True,True,True,,,2641.0,,9.05,231.0,False,107,138,Q4,Q3
LRM,100309,train,original,True,True,True,True,,,4159.0,,7.44,244.0,False,113,149,Q4,Q4
LRM,100311,train,original,True,True,True,True,,,3609.0,,7.99,202.0,False,59,157,Q2,Q4
LRM,100312,train,original,False,False,False,True,,,5116.0,,6.75,203.0,False,59,159,Q2,Q4
LRM,100315,train,original,Uncertain,Uncertain,False,False,,,1355.0,,11.28,162.0,False,44,86,Q1,Q2
LRM,100316,train,original,True,True,False,False,,,6992.0,,5.67,211.0,False,82,145,Q3,Q4
LRM,100317,train,original,True,True,True,True,,,1912.0,,10.14,208.0,False,80,143,Q3,Q4
LRM,100321,train,original,Uncertain,Uncertain,True,False,,,2991.0,,8.58,224.0,False,101,125,Q4,Q3
LRM,100323,train,original,Uncertain,Uncertain,False,False,,,1760.0,,10.59,146.0,False,28,89,Q1,Q2
LRM,100329,train,original,True,True,True,True,,,1282.0,,11.55,120.0,False,29,40,Q1,Q1
LRM,100334,train,original,True,True,Uncertain,False,,,4994.0,,6.85,199.0,False,64,125,Q3,Q3
LRM,100336,train,original,True,True,True,True,,,2389.0,,9.46,198.0,False,66,126,Q3,Q3
LRM,100338,train,original,False,False,Uncertain,False,,,4454.0,,7.23,218.0,False,76,143,Q3,Q4
LRM,100339,train,original,True,True,False,False,,,5467.0,,6.5,225.0,False,87,151,Q4,Q4
LRM,100340,train,original,False,False,False,True,,,2958.0,,8.68,218.0,False,70,144,Q3,Q4
LRM,100341,train,original,True,True,True,True,,,4034.0,,7.56,232.0,False,79,154,Q3,Q4
LRM,100343,train,original,False,False,False,True,,,2085.0,,9.98,179.0,False,48,104,Q2,Q2
LRM,100351,train,original,True,True,Uncertain,False,,,4379.0,,7.38,152.0,False,61,86,Q2,Q2
LRM,100353,train,original,Uncertain,Uncertain,False,False,,,1987.0,,10.16,171.0,False,58,91,Q2,Q2
LRM,100357,train,original,True,True,True,True,,,1121.0,,12.06,158.0,False,50,85,Q2,Q2
LRM,100358,train,original,Uncertain,Uncertain,True,False,,,3284.0,,8.42,161.0,False,53,86,Q2,Q2
LRM,100359,train,original,False,False,False,True,,,3214.0,,8.45,176.0,False,61,94,Q2,Q2
LRM,100362,train,original,Uncertain,Uncertain,False,False,,,2580.0,,9.33,126.0,False,52,68,Q2,Q1
LRM,100366,train,original,False,False,False,True,,,1281.0,,11.63,136.0,False,47,66,Q2,Q1
LRM,100372,train,original,Uncertain,Uncertain,False,False,,,3149.0,,8.4,254.0,False,126,132,Q4,Q3
LRM,100373,train,original,False,False,False,True,,,4762.0,,6.93,267.0,False,133,141,Q4,Q3
LRM,100378,train,original,True,True,True,True,,,1182.0,,11.72,171.0,False,38,110,Q1,Q3
LRM,100388,train,original,Uncertain,Uncertain,False,False,,,2346.0,,9.38,259.0,False,81,180,Q3,Q4
LRM,100391,train,original,True,True,False,False,,,4603.0,,7.04,272.0,False,89,191,Q4,Q4
LRM,100393,train,original,False,False,False,True,,,3191.0,,8.56,129.0,False,37,72,Q1,Q1
LRM,100394,train,original,True,True,True,True,,,2277.0,,9.75,130.0,False,38,73,Q1,Q1
LRM,100405,train,original,True,True,True,True,,,1969.0,,10.27,131.0,False,37,59,Q1,Q1
LRM,100408,train,original,False,False,Uncertain,False,,,5158.0,,6.77,174.0,False,67,108,Q3,Q3
LRM,100409,train,original,Uncertain,Uncertain,False,False,,,2569.0,,9.31,141.0,False,35,62,Q1,Q1
LRM,100412,train,original,Uncertain,Uncertain,False,False,,,6845.0,,5.75,198.0,False,50,141,Q2,Q3
LRM,100415,train,original,True,True,True,True,,,3416.0,,8.36,107.0,False,13,54,Q1,Q1
LRM,100416,train,original,Uncertain,Uncertain,False,False,,,4519.0,,7.1,287.0,False,175,195,Q4,Q4
LRM,100418,train,original,True,True,True,True,,,4506.0,,7.07,310.0,False,190,220,Q4,Q4
LRM,100421,train,original,Uncertain,Uncertain,False,False,,,3192.0,,8.51,159.0,False,44,69,Q1,Q1
LRM,100422,train,original,Uncertain,Uncertain,False,False,,,2584.0,,9.32,136.0,False,42,80,Q1,Q2
LRM,100424,train,original,False,False,False,True,,,1855.0,,10.43,149.0,False,49,92,Q2,Q2
LRM,100430,train,original,False,False,False,True,,,7291.0,,5.41,361.0,False,178,275,Q4,Q4
LRM,100433,train,original,False,False,False,True,,,3435.0,,8.19,186.0,False,88,122,Q4,Q3
LRM,100435,train,original,Uncertain,Uncertain,False,False,,,3939.0,,7.71,196.0,False,56,125,Q2,Q3
LRM,100437,train,original,False,False,False,True,,,2491.0,,9.36,191.0,False,57,119,Q2,Q3
LRM,100440,train,original,False,False,False,True,,,1434.0,,11.32,104.0,False,43,26,Q1,Q1
LRM,100441,train,original,Uncertain,Uncertain,Uncertain,True,,,974.0,,12.5,101.0,False,40,25,Q1,Q1
LRM,100444,train,original,True,True,False,False,,,5493.0,,6.37,322.0,False,133,208,Q4,Q4
LRM,100446,train,original,Uncertain,Uncertain,Uncertain,True,,,3894.0,,7.71,217.0,False,126,113,Q4,Q3
LRM,100448,train,original,True,True,Uncertain,False,,,6427.0,,5.94,236.0,False,131,133,Q4,Q3
LRM,100466,train,original,True,True,True,True,,,727.0,,13.12,161.0,False,51,47,Q2,Q1
LRM,100467,train,original,True,True,True,True,,,904.0,,12.63,108.0,False,24,53,Q1,Q1
LRM,100468,train,original,Uncertain,Uncertain,False,False,,,1489.0,,11.22,108.0,False,25,54,Q1,Q1
LRM,100469,train,original,True,True,True,True,,,572.0,,13.55,172.0,False,57,71,Q2,Q1
LRM,100471,train,original,False,False,Uncertain,False,,,2047.0,,10.07,174.0,False,55,78,Q2,Q2
LRM,100475,train,original,False,False,False,True,,,4268.0,,7.44,179.0,False,58,111,Q2,Q3
LRM,100476,train,original,True,True,Uncertain,False,,,5424.0,,6.55,207.0,False,72,129,Q3,Q3
LRM,100481,train,original,False,False,False,True,,,2236.0,,9.74,176.0,False,60,124,Q2,Q3
LRM,100484,train,original,False,False,False,True,,,2023.0,,10.16,126.0,False,30,66,Q1,Q1
LRM,100486,train,original,Uncertain,Uncertain,False,False,,,2937.0,,8.86,128.0,False,30,66,Q1,Q1
LRM,100500,train,original,True,True,True,True,,,6867.0,,5.71,236.0,False,84,153,Q3,Q4
LRM,100506,train,original,True,True,True,True,,,603.0,,13.45,99.0,False,20,25,Q1,Q1
LRM,100517,train,original,False,False,False,True,,,3844.0,,7.77,204.0,False,69,137,Q3,Q3
LRM,100518,train,original,False,False,False,True,,,1215.0,,11.73,169.0,False,47,67,Q2,Q1
LRM,100519,train,original,False,False,False,True,,,1362.0,,11.37,164.0,False,44,63,Q1,Q1
LRM,100521,train,original,Uncertain,Uncertain,False,False,,,6009.0,,6.13,272.0,False,77,154,Q3,Q4
LRM,100523,train,original,True,True,Uncertain,False,,,6025.0,,6.13,289.0,False,77,164,Q3,Q4
LRM,100530,train,original,Uncertain,Uncertain,False,False,,,806.0,,12.93,133.0,False,37,33,Q1,Q1
LRM,100532,train,original,False,False,False,True,,,2360.0,,9.62,165.0,False,38,75,Q1,Q1
LRM,100535,train,original,True,True,True,True,,,1241.0,,11.26,269.0,False,65,145,Q3,Q4
LRM,100541,train,original,Uncertain,Uncertain,False,False,,,1119.0,,12.02,122.0,False,22,59,Q1,Q1
LRM,100543,train,original,Uncertain,Uncertain,Uncertain,True,,,2848.0,,8.8,218.0,False,84,132,Q3,Q3
LRM,100549,train,original,True,True,True,True,,,3868.0,,7.72,222.0,False,73,147,Q3,Q4
LRM,100550,train,original,Uncertain,Uncertain,False,False,,,2230.0,,9.9,119.0,False,32,53,Q1,Q1
LRM,100551,train,original,True,True,False,False,,,2111.0,,10.02,127.0,False,36,58,Q1,Q1
LRM,100556,train,original,True,True,True,True,,,5473.0,,6.52,195.0,False,124,120,Q4,Q3
LRM,100558,train,original,True,True,True,True,,,1678.0,,10.72,178.0,False,50,100,Q2,Q2
LRM,100561,train,original,Uncertain,Uncertain,False,False,,,5324.0,,6.59,231.0,False,79,158,Q3,Q4
LRM,100564,train,original,Uncertain,Uncertain,False,False,,,3176.0,,8.44,196.0,False,46,131,Q1,Q3
LRM,100565,train,original,True,True,True,True,,,2694.0,,9.01,192.0,False,46,127,Q1,Q3
LRM,100566,train,original,True,True,False,False,,,3924.0,,7.74,190.0,False,44,126,Q1,Q3
LRM,100570,train,original,False,False,False,True,,,3662.0,,7.85,264.0,False,73,174,Q3,Q4
LRM,100572,train,original,Uncertain,Uncertain,False,False,,,5231.0,,6.74,148.0,False,36,91,Q1,Q2
LRM,100573,train,original,Uncertain,Uncertain,False,False,,,6551.0,,5.95,149.0,False,38,92,Q1,Q2
LRM,100574,train,original,False,False,False,True,,,2966.0,,8.76,156.0,False,39,96,Q1,Q2
LRM,100576,train,original,Uncertain,Uncertain,False,False,,,1702.0,,10.52,199.0,False,73,104,Q3,Q2
LRM,100578,train,original,True,True,True,True,,,1253.0,,11.52,197.0,False,77,102,Q3,Q2
LRM,100582,train,original,False,False,False,True,,,3290.0,,8.21,256.0,False,111,196,Q4,Q4
LRM,100583,train,original,False,False,False,True,,,3625.0,,7.89,253.0,False,109,192,Q4,Q4
LRM,100589,train,original,True,True,Uncertain,False,,,7172.0,,5.63,164.0,False,55,95,Q2,Q2
LRM,100590,train,original,Uncertain,Uncertain,True,False,,,4978.0,,6.69,336.0,False,147,239,Q4,Q4
LRM,100592,train,original,True,True,Uncertain,False,,,4983.0,,6.72,318.0,False,139,218,Q4,Q4
LRM,100593,train,original,True,True,True,True,,,3607.0,,7.9,239.0,False,107,144,Q4,Q4
LRM,100594,train,original,Uncertain,Uncertain,False,False,,,2850.0,,8.71,247.0,False,108,149,Q4,Q4
LRM,100596,train,original,True,True,True,True,,,888.0,,12.62,133.0,False,53,62,Q2,Q1
LRM,100608,train,original,False,False,False,True,,,2054.0,,10.13,139.0,False,35,83,Q1,Q2
LRM,100610,train,original,False,False,False,True,,,4590.0,,6.79,451.0,False,164,364,Q4,Q4
LRM,100619,train,original,Uncertain,Uncertain,False,False,,,4806.0,,6.96,202.0,False,93,118,Q4,Q3
LRM,100620,train,original,True,True,False,False,,,1488.0,,11.13,142.0,False,39,41,Q1,Q1
LRM,100621,train,original,Uncertain,Uncertain,True,False,,,821.0,,12.93,139.0,False,37,38,Q1,Q1
LRM,100625,train,original,False,False,True,False,,,5305.0,,6.72,129.0,False,53,74,Q2,Q1
LRM,100626,train,original,False,False,False,True,,,2391.0,,9.43,206.0,False,65,125,Q3,Q3
LRM,100630,train,original,False,False,False,True,,,4483.0,,7.22,210.0,False,100,144,Q4,Q4
LRM,100634,train,original,Uncertain,Uncertain,False,False,,,4366.0,,7.37,169.0,False,87,112,Q4,Q3
LRM,100635,train,original,True,True,True,True,,,6146.0,,6.14,181.0,False,94,123,Q4,Q3
LRM,100636,train,original,False,False,False,True,,,5605.0,,6.46,179.0,False,90,121,Q4,Q3
LRM,100644,train,original,Uncertain,Uncertain,Uncertain,True,,,2176.0,,9.85,159.0,False,45,99,Q1,Q2
LRM,100648,train,original,True,True,False,False,,,5897.0,,6.3,166.0,False,69,96,Q3,Q2
LRM,100649,train,original,False,False,False,True,,,7038.0,,5.69,165.0,False,72,95,Q3,Q2
LRM,100652,train,original,True,True,True,True,,,883.0,,13.02,173.0,False,45,90,Q1,Q2
LRM,100656,train,original,False,False,False,True,,,1848.0,,10.4,155.0,False,54,66,Q2,Q1
LRM,100660,train,original,True,True,True,True,,,5292.0,,6.68,165.0,False,62,71,Q2,Q1
LRM,100669,train,original,True,True,True,True,,,1995.0,,10.11,170.0,False,38,87,Q1,Q2
LRM,100670,train,original,Uncertain,Uncertain,False,False,,,6504.0,,5.97,168.0,False,37,87,Q1,Q2
LRM,100671,train,original,Uncertain,Uncertain,True,False,,,1126.0,,11.99,164.0,False,37,76,Q1,Q2
LRM,100673,train,original,True,True,True,True,,,1475.0,,10.72,271.0,False,77,158,Q3,Q4
LRM,100674,train,original,Uncertain,Uncertain,False,False,,,4292.0,,7.29,300.0,False,78,179,Q3,Q4
LRM,100675,train,original,True,True,True,True,,,794.0,,13.43,121.0,False,24,61,Q1,Q1
LRM,100679,train,original,False,False,False,True,,,2031.0,,9.99,181.0,False,74,124,Q3,Q3
LRM,100680,train,original,False,False,True,False,,,3808.0,,7.87,171.0,False,72,112,Q3,Q3
LRM,100682,train,original,False,False,False,True,,,957.0,,12.08,220.0,False,54,132,Q2,Q3
LRM,100683,train,original,True,True,True,True,,,1122.0,,11.71,226.0,False,57,134,Q2,Q3
LRM,100685,train,original,False,False,False,True,,,1365.0,,11.2,197.0,False,59,96,Q2,Q2
LRM,100686,train,original,Uncertain,Uncertain,False,False,,,2244.0,,9.63,208.0,False,58,109,Q2,Q3
LRM,100687,train,original,True,True,True,True,,,861.0,,12.61,185.0,False,80,71,Q3,Q1
LRM,100688,train,original,Uncertain,Uncertain,True,False,,,1918.0,,10.24,185.0,False,80,71,Q3,Q1
LRM,100691,train,original,False,False,False,True,,,3585.0,,8.19,137.0,False,38,61,Q1,Q1
LRM,100693,train,original,Uncertain,Uncertain,False,False,,,2909.0,,8.83,173.0,False,68,95,Q3,Q2
LRM,100695,train,original,True,True,False,False,,,3002.0,,8.69,192.0,False,84,109,Q3,Q3
LRM,100698,train,original,True,True,True,True,,,3086.0,,8.58,187.0,False,70,118,Q3,Q3
LRM,100703,train,original,False,False,False,True,,,5141.0,,6.75,198.0,False,100,113,Q4,Q3
LRM,100707,train,original,True,True,True,True,,,3194.0,,8.36,220.0,False,83,128,Q3,Q3
LRM,100713,train,original,False,False,False,True,,,3592.0,,7.88,282.0,False,140,161,Q4,Q4
LRM,100718,train,original,Uncertain,Uncertain,True,False,,,1323.0,,11.33,215.0,False,57,116,Q2,Q3
LRM,100720,train,original,False,False,False,True,,,1824.0,,10.22,213.0,False,57,117,Q2,Q3
LRM,100722,train,original,Uncertain,Uncertain,True,False,,,1392.0,,11.37,151.0,False,50,106,Q2,Q3
LRM,100725,train,original,True,True,True,True,,,2102.0,,9.93,165.0,False,58,77,Q2,Q2
LRM,100730,train,original,True,True,False,False,,,4996.0,,6.86,197.0,False,102,137,Q4,Q3
LRM,100733,train,original,False,False,True,False,,,3885.0,,7.73,205.0,False,107,147,Q4,Q4
LRM,100734,train,original,False,False,False,True,,,5468.0,,6.52,203.0,False,108,144,Q4,Q4
LRM,100736,train,original,False,False,True,False,,,6574.0,,5.87,219.0,False,126,156,Q4,Q4
LRM,100737,train,original,True,True,True,True,,,5067.0,,6.81,203.0,False,107,142,Q4,Q3
LRM,100752,train,original,True,True,Uncertain,False,,,4402.0,,7.29,211.0,False,56,155,Q2,Q4
LRM,100754,train,original,True,True,True,True,,,1000.0,,12.37,141.0,False,53,49,Q2,Q1
LRM,100759,train,original,True,True,True,True,,,926.0,,11.93,288.0,False,92,154,Q4,Q4
LRM,100760,train,original,Uncertain,Uncertain,True,False,,,1400.0,,11.2,288.0,False,93,154,Q4,Q4
LRM,100765,train,original,Uncertain,Uncertain,False,False,,,1714.0,,10.64,232.0,False,79,157,Q3,Q4
LRM,100767,train,original,True,True,False,False,,,5161.0,,6.69,253.0,False,99,180,Q4,Q4
LRM,100769,train,original,Uncertain,Uncertain,False,False,,,2330.0,,9.67,188.0,False,82,104,Q3,Q2
LRM,100789,train,original,True,True,True,True,,,2215.0,,9.84,157.0,False,66,82,Q3,Q2
LRM,100790,train,original,Uncertain,Uncertain,True,False,,,2318.0,,9.69,147.0,False,60,77,Q2,Q2
LRM,100791,train,original,Uncertain,Uncertain,False,False,,,3165.0,,8.67,97.0,False,27,42,Q1,Q1
LRM,100792,train,original,Uncertain,Uncertain,False,False,,,1901.0,,10.3,147.0,False,58,73,Q2,Q1
LRM,100793,train,original,False,False,False,True,,,3143.0,,8.6,145.0,False,57,73,Q2,Q1
LRM,100798,train,original,True,True,True,True,,,1119.0,,11.79,178.0,False,49,95,Q2,Q2
LRM,100801,train,original,Uncertain,Uncertain,False,False,,,2205.0,,9.79,162.0,False,59,81,Q2,Q2
LRM,100804,train,original,Uncertain,Uncertain,False,False,,,3456.0,,8.32,125.0,False,14,76,Q1,Q2
LRM,100806,train,original,False,False,False,True,,,1878.0,,10.09,258.0,False,96,183,Q4,Q4
LRM,100809,train,original,True,True,True,True,,,1833.0,,10.43,164.0,False,41,117,Q1,Q3
LRM,100814,train,original,True,True,True,True,,,815.0,,12.44,215.0,False,67,91,Q3,Q2
LRM,100815,train,original,Uncertain,Uncertain,True,False,,,2076.0,,9.97,212.0,False,69,94,Q3,Q2
LRM,100816,train,original,False,False,False,True,,,763.0,,13.35,187.0,False,64,69,Q3,Q1
LRM,100819,train,original,False,False,False,True,,,7594.0,,5.35,280.0,False,101,167,Q4,Q4
LRM,100821,train,original,False,False,False,True,,,1404.0,,11.27,179.0,False,62,84,Q2,Q2
LRM,100826,train,original,Uncertain,Uncertain,False,False,,,3980.0,,7.57,245.0,False,84,136,Q3,Q3
LRM,100830,train,original,False,False,False,True,,,3836.0,,7.71,251.0,False,90,141,Q4,Q3
LRM,100831,train,original,True,True,True,True,,,3095.0,,8.41,270.0,False,99,153,Q4,Q4
LRM,100836,train,original,False,False,False,True,,,1966.0,,10.1,173.0,False,55,100,Q2,Q2
LRM,100841,train,original,Uncertain,Uncertain,False,False,,,3738.0,,7.85,231.0,False,64,177,Q3,Q4
LRM,100846,train,original,True,True,True,True,,,3200.0,,8.55,129.0,False,39,72,Q1,Q1
LRM,100849,train,original,False,False,False,True,,,2070.0,,9.95,195.0,False,52,160,Q2,Q4
LRM,100851,train,original,Uncertain,Uncertain,Uncertain,True,,,1975.0,,10.12,178.0,False,57,109,Q2,Q3
LRM,100853,train,original,Uncertain,Uncertain,False,False,,,3169.0,,8.53,180.0,False,58,109,Q2,Q3
LRM,100854,train,original,Uncertain,Uncertain,False,False,,,2280.0,,9.76,138.0,False,46,65,Q1,Q1
LRM,100863,train,original,False,False,False,True,,,3175.0,,8.38,244.0,False,78,156,Q3,Q4
LRM,100864,train,original,True,True,Uncertain,False,,,2822.0,,8.8,245.0,False,79,157,Q3,Q4
LRM,100866,train,original,True,True,True,True,,,2235.0,,9.71,168.0,False,53,77,Q2,Q2
LRM,100869,train,original,False,False,False,True,,,3480.0,,8.15,177.0,False,58,81,Q2,Q2
LRM,100873,train,original,False,False,False,True,,,3828.0,,7.78,213.0,False,72,99,Q3,Q2
LRM,100874,train,original,False,False,False,True,,,5989.0,,6.21,190.0,False,66,87,Q3,Q2
LRM,100875,train,original,True,True,True,True,,,1204.0,,11.65,196.0,False,70,108,Q3,Q3
LRM,100891,train,original,True,True,Uncertain,False,,,2445.0,,9.09,325.0,False,104,252,Q4,Q4
LRM,100892,train,original,False,False,False,True,,,3544.0,,7.84,327.0,False,106,255,Q4,Q4
LRM,100900,train,original,Uncertain,Uncertain,False,False,,,1193.0,,11.96,95.0,False,13,40,Q1,Q1
LRM,100902,train,original,True,True,True,True,,,1720.0,,10.68,124.0,False,36,70,Q1,Q1
LRM,100907,train,original,True,True,False,False,,,5725.0,,6.38,180.0,False,75,116,Q3,Q3
LRM,100911,train,original,False,False,False,True,,,3463.0,,8.2,190.0,False,111,96,Q4,Q2
LRM,100912,train,original,True,True,False,False,,,2584.0,,9.19,192.0,False,112,99,Q4,Q2
LRM,100913,train,original,Uncertain,Uncertain,False,False,,,5168.0,,6.75,183.0,False,110,89,Q4,Q2
LRM,100914,train,original,True,True,False,False,,,6134.0,,6.13,199.0,False,120,106,Q4,Q3
LRM,100918,train,original,True,True,False,False,,,2853.0,,8.8,220.0,False,138,123,Q4,Q3
LRM,100925,train,original,Uncertain,Uncertain,False,False,,,3884.0,,7.68,242.0,False,55,158,Q2,Q4
LRM,100927,train,original,False,False,False,True,,,2589.0,,9.06,221.0,False,97,146,Q4,Q4
LRM,100932,train,original,False,False,False,True,,,1384.0,,11.26,225.0,False,66,107,Q3,Q3
LRM,100934,train,original,Uncertain,Uncertain,False,False,,,3009.0,,8.78,147.0,False,42,90,Q1,Q2
LRM,100949,train,original,Uncertain,Uncertain,False,False,,,1807.0,,10.44,147.0,False,58,63,Q2,Q1
LRM,100950,train,original,True,True,True,True,,,893.0,,12.57,149.0,False,60,66,Q2,Q1
LRM,100951,train,original,False,False,False,True,,,1041.0,,12.39,103.0,False,16,22,Q1,Q1
LRM,100955,train,original,Uncertain,Uncertain,Uncertain,True,,,3249.0,,8.48,142.0,False,44,75,Q1,Q1
LRM,100957,train,original,True,True,True,True,,,1720.0,,10.66,143.0,False,43,76,Q1,Q2
LRM,100958,train,original,False,False,False,True,,,3275.0,,8.42,149.0,False,45,82,Q1,Q2
LRM,100959,train,original,False,False,False,True,,,2570.0,,9.32,148.0,False,45,80,Q1,Q2
LRM,100964,train,original,Uncertain,Uncertain,False,False,,,1195.0,,11.74,153.0,False,43,58,Q1,Q1
LRM,100966,train,original,Uncertain,Uncertain,False,False,,,727.0,,13.23,174.0,False,59,63,Q2,Q1
LRM,100967,train,original,Uncertain,Uncertain,True,False,,,1038.0,,12.23,176.0,False,62,63,Q2,Q1
LRM,100970,train,original,True,True,True,True,,,2041.0,,9.99,173.0,False,80,95,Q3,Q2
LRM,100973,train,original,Uncertain,Uncertain,False,False,,,3463.0,,8.06,276.0,False,114,186,Q4,Q4
LRM,100978,train,original,True,True,True,True,,,858.0,,12.8,142.0,False,54,49,Q2,Q1
LRM,100980,train,original,False,False,False,True,,,1977.0,,10.2,148.0,False,58,50,Q2,Q1
LRM,100982,train,original,True,True,True,True,,,1142.0,,11.72,228.0,False,72,168,Q3,Q4
LRM,100984,train,original,True,True,False,False,,,1827.0,,10.32,197.0,False,65,112,Q3,Q3
LRM,100986,train,original,True,True,False,False,,,2370.0,,9.46,196.0,False,70,112,Q3,Q3
LRM,100993,train,original,Uncertain,Uncertain,False,False,,,1822.0,,10.49,139.0,False,41,84,Q1,Q2
LRM,100994,train,original,False,False,False,True,,,1900.0,,10.32,147.0,False,47,91,Q2,Q2
LRM,100999,train,original,False,False,False,True,,,2088.0,,10.03,156.0,False,52,99,Q2,Q2
LRM,16,validation,original,Uncertain,Uncertain,False,False,,,2599.0,,9.08,183.0,False,68,106,Q3,Q3
LRM,26,validation,original,Uncertain,Uncertain,False,False,,,1361.0,,11.3,208.0,False,72,91,Q3,Q2
LRM,27,validation,original,Uncertain,Uncertain,Uncertain,True,,,5718.0,,6.4,169.0,False,59,98,Q2,Q2
LRM,28,validation,original,True,True,True,True,,,5440.0,,6.57,178.0,False,63,107,Q2,Q3
LRM,57,validation,original,False,False,False,True,,,7311.0,,5.47,287.0,False,83,203,Q3,Q4
LRM,75,validation,original,Uncertain,Uncertain,False,False,,,5833.0,,6.19,303.0,False,162,181,Q4,Q4
LRM,85,validation,original,Uncertain,Uncertain,False,False,,,6433.0,,5.95,219.0,False,81,130,Q3,Q3
LRM,122,validation,original,False,False,False,True,,,6257.0,,6.03,230.0,False,62,167,Q2,Q4
LRM,135,validation,original,Uncertain,Uncertain,False,False,,,1361.0,,11.44,117.0,False,22,57,Q1,Q1
LRM,141,validation,original,True,True,Uncertain,False,,,7226.0,,5.51,266.0,False,132,171,Q4,Q4
LRM,142,validation,original,True,True,True,True,,,5482.0,,6.46,247.0,False,49,185,Q2,Q4
LRM,152,validation,original,Uncertain,Uncertain,True,False,,,7175.0,,5.58,209.0,False,46,162,Q1,Q4
LRM,196,validation,original,False,False,False,True,,,6244.0,,5.96,282.0,False,59,249,Q2,Q4
LRM,100249,train,original,Uncertain,Uncertain,False,False,,,1147.0,,11.81,165.0,False,52,59,Q2,Q1
LRM,100429,train,original,Uncertain,Uncertain,False,False,,,6498.0,,5.79,358.0,False,176,277,Q4,Q4
LRM,100452,train,original,True,True,Uncertain,False,,,6894.0,,5.41,552.0,False,105,433,Q4,Q4
LRM,100527,train,original,Uncertain,Uncertain,False,False,,,1234.0,,11.84,88.0,False,17,26,Q1,Q1
LRM,100567,train,original,Uncertain,Uncertain,False,False,,,889.0,,12.55,144.0,False,38,42,Q1,Q1
LRM,100597,train,original,False,False,False,True,,,2382.0,,9.59,144.0,False,56,74,Q2,Q1
LRM,0,validation,nl,Uncertain,Uncertain,Uncertain,True,,,4938.0,,6.88,227.0,False,149,211,Q4,Q4
LRM,1,validation,nl,True,True,True,True,,,8127.0,,5.14,286.0,False,205,259,Q4,Q4
LRM,2,validation,nl,False,False,False,True,,,8641.0,,4.94,272.0,False,189,252,Q4,Q4
LRM,3,validation,nl,Uncertain,Uncertain,Uncertain,True,,,5857.0,,6.34,167.0,False,90,163,Q4,Q4
LRM,4,validation,nl,Uncertain,Uncertain,Uncertain,True,,,6418.0,,6.02,169.0,False,92,164,Q4,Q4
LRM,5,validation,nl,True,True,False,False,,,3887.0,,7.68,222.0,False,137,169,Q4,Q4
LRM,6,validation,nl,True,True,True,True,,,1256.0,,12.09,133.0,False,46,120,Q1,Q3
LRM,7,validation,nl,Uncertain,Uncertain,False,False,,,4402.0,,7.46,134.0,False,47,128,Q2,Q3
LRM,8,validation,nl,Uncertain,Uncertain,False,False,,,2393.0,,9.81,138.0,False,47,127,Q2,Q3
LRM,9,validation,nl,True,True,True,True,,,746.0,,12.9,164.0,False,71,81,Q3,Q2
LRM,10,validation,nl,False,False,False,True,,,955.0,,12.32,162.0,False,71,81,Q3,Q2
LRM,11,validation,nl,Uncertain,Uncertain,False,False,,,1285.0,,11.58,162.0,False,70,81,Q3,Q2
LRM,12,validation,nl,True,True,True,True,,,1707.0,,11.03,132.0,False,62,109,Q2,Q3
LRM,13,validation,nl,Uncertain,Uncertain,False,False,,,2023.0,,10.42,133.0,False,62,125,Q2,Q3
LRM,14,validation,nl,False,False,False,True,,,1570.0,,11.32,133.0,False,63,110,Q2,Q3
LRM,15,validation,nl,True,True,True,True,,,992.0,,12.66,77.0,False,13,39,Q1,Q1
LRM,17,validation,nl,Uncertain,Uncertain,True,False,,,1601.0,,11.05,151.0,False,69,107,Q3,Q3
LRM,18,validation,nl,True,True,True,True,,,1506.0,,11.33,152.0,False,70,111,Q3,Q3
LRM,19,validation,nl,True,True,True,True,,,3140.0,,8.62,167.0,False,81,124,Q3,Q3
LRM,20,validation,nl,False,False,False,True,,,2735.0,,9.16,162.0,False,76,121,Q3,Q3
LRM,21,validation,nl,True,True,True,True,,,997.0,,12.64,147.0,False,60,100,Q2,Q2
LRM,22,validation,nl,False,False,False,True,,,1410.0,,11.53,143.0,False,57,96,Q2,Q2
LRM,23,validation,nl,Uncertain,Uncertain,False,False,,,2517.0,,9.43,146.0,False,60,100,Q2,Q2
LRM,24,validation,nl,True,True,True,True,,,978.0,,13.0,164.0,False,76,100,Q3,Q2
LRM,25,validation,nl,Uncertain,Uncertain,False,False,,,1124.0,,12.66,157.0,False,71,93,Q3,Q2
LRM,29,validation,nl,False,False,False,True,,,3576.0,,8.15,152.0,False,66,106,Q3,Q3
LRM,30,validation,nl,Uncertain,Uncertain,False,False,,,5587.0,,6.51,193.0,False,99,210,Q4,Q4
LRM,31,validation,nl,True,True,True,True,,,2946.0,,8.91,193.0,False,99,207,Q4,Q4
LRM,32,validation,nl,False,False,False,True,,,4818.0,,7.04,195.0,False,101,208,Q4,Q4
LRM,33,validation,nl,True,True,True,True,,,920.0,,13.06,108.0,False,37,51,Q1,Q1
LRM,34,validation,nl,Uncertain,Uncertain,True,False,,,2743.0,,9.22,107.0,False,36,42,Q1,Q1
LRM,35,validation,nl,False,False,False,True,,,1628.0,,11.15,116.0,False,44,61,Q1,Q1
LRM,36,validation,nl,True,True,True,True,,,1211.0,,11.96,129.0,False,43,78,Q1,Q1
LRM,37,validation,nl,True,True,True,True,,,1168.0,,12.27,130.0,False,44,96,Q1,Q2
LRM,38,validation,nl,False,False,False,True,,,1262.0,,11.77,130.0,False,44,79,Q1,Q2
LRM,39,validation,nl,Uncertain,Uncertain,False,False,,,3019.0,,8.78,190.0,False,86,184,Q3,Q4
LRM,40,validation,nl,True,True,Uncertain,False,,,6388.0,,6.03,192.0,False,86,189,Q3,Q4
LRM,41,validation,nl,False,False,False,True,,,7973.0,,5.28,193.0,False,87,191,Q4,Q4
LRM,42,validation,nl,True,True,True,True,,,3627.0,,8.13,232.0,False,121,204,Q4,Q4
LRM,43,validation,nl,Uncertain,Uncertain,False,False,,,2673.0,,9.34,229.0,False,119,212,Q4,Q4
LRM,44,validation,nl,False,False,False,True,,,4427.0,,7.4,253.0,False,138,223,Q4,Q4
LRM,45,validation,nl,Uncertain,Uncertain,False,False,,,2106.0,,10.26,74.0,False,12,41,Q1,Q1
LRM,46,validation,nl,True,True,True,True,,,1729.0,,11.33,129.0,False,52,190,Q2,Q4
LRM,47,validation,nl,Uncertain,Uncertain,Uncertain,True,,,6904.0,,5.87,130.0,False,52,190,Q2,Q4
LRM,48,validation,nl,Uncertain,Uncertain,True,False,,,4490.0,,7.35,121.0,False,44,64,Q1,Q1
LRM,49,validation,nl,False,False,False,True,,,2082.0,,10.12,122.0,False,45,64,Q1,Q1
LRM,50,validation,nl,True,True,True,True,,,1348.0,,11.55,123.0,False,46,65,Q1,Q1
LRM,51,validation,nl,False,False,False,True,,,2362.0,,9.77,120.0,False,47,102,Q2,Q2
LRM,52,validation,nl,Uncertain,Uncertain,Uncertain,True,,,2556.0,,9.56,119.0,False,47,102,Q2,Q2
LRM,53,validation,nl,True,True,True,True,,,1260.0,,12.18,120.0,False,47,102,Q2,Q2
LRM,54,validation,nl,True,True,True,True,,,3182.0,,8.64,107.0,False,32,47,Q1,Q1
LRM,55,validation,nl,False,False,False,True,,,2315.0,,9.83,109.0,False,32,49,Q1,Q1
LRM,56,validation,nl,Uncertain,Uncertain,False,False,,,2461.0,,9.59,106.0,False,31,47,Q1,Q1
LRM,58,validation,nl,Uncertain,Uncertain,False,False,,,5392.0,,6.69,177.0,False,83,213,Q3,Q4
LRM,59,validation,nl,True,True,True,True,,,2455.0,,9.97,176.0,False,82,197,Q3,Q4
LRM,60,validation,nl,Uncertain,Uncertain,True,False,,,2528.0,,9.46,135.0,False,63,87,Q2,Q2
LRM,61,validation,nl,Uncertain,Uncertain,False,False,,,5199.0,,6.8,135.0,False,63,87,Q2,Q2
LRM,62,validation,nl,Uncertain,Uncertain,False,False,,,2330.0,,9.79,102.0,False,29,61,Q1,Q1
LRM,63,validation,nl,False,False,False,True,,,2972.0,,8.91,106.0,False,33,66,Q1,Q1
LRM,64,validation,nl,True,True,True,True,,,2051.0,,10.22,112.0,False,38,67,Q1,Q1
LRM,65,validation,nl,True,True,True,True,,,1258.0,,11.99,174.0,False,76,125,Q3,Q3
LRM,66,validation,nl,Uncertain,Uncertain,False,False,,,1079.0,,12.59,177.0,False,77,116,Q3,Q3
LRM,67,validation,nl,True,True,True,True,,,1872.0,,11.46,173.0,False,74,121,Q3,Q3
LRM,68,validation,nl,True,True,True,True,,,1763.0,,10.97,133.0,False,54,81,Q2,Q2
LRM,69,validation,nl,False,False,False,True,,,1540.0,,11.46,134.0,False,53,95,Q2,Q2
LRM,70,validation,nl,Uncertain,Uncertain,True,False,,,2252.0,,9.92,125.0,False,56,71,Q2,Q1
LRM,71,validation,nl,False,False,False,True,,,1712.0,,10.83,129.0,False,60,72,Q2,Q1
LRM,72,validation,nl,True,True,True,True,,,4164.0,,7.64,148.0,False,78,94,Q3,Q2
LRM,73,validation,nl,True,True,True,True,,,1037.0,,12.56,145.0,False,64,103,Q3,Q2
LRM,74,validation,nl,False,False,False,True,,,3245.0,,8.55,142.0,False,62,103,Q2,Q2
LRM,76,validation,nl,True,True,True,True,,,6577.0,,5.84,271.0,False,180,202,Q4,Q4
LRM,77,validation,nl,False,False,True,False,,,5756.0,,6.3,279.0,False,186,201,Q4,Q4
LRM,78,validation,nl,False,False,False,True,,,2962.0,,8.99,123.0,False,43,86,Q1,Q2
LRM,79,validation,nl,True,True,True,True,,,2998.0,,8.89,124.0,False,44,89,Q1,Q2
LRM,80,validation,nl,Uncertain,Uncertain,False,False,,,4898.0,,7.05,122.0,False,41,79,Q1,Q2
LRM,81,validation,nl,True,True,False,False,,,2782.0,,9.2,127.0,False,47,95,Q2,Q2
LRM,82,validation,nl,False,False,False,True,,,3140.0,,8.73,125.0,False,45,91,Q1,Q2
LRM,83,validation,nl,False,False,False,True,,,7390.0,,5.54,179.0,False,100,159,Q4,Q3
LRM,84,validation,nl,True,True,Uncertain,False,,,8330.0,,5.15,163.0,False,87,148,Q4,Q3
LRM,86,validation,nl,True,True,True,True,,,1722.0,,10.77,182.0,False,94,146,Q4,Q3
LRM,87,validation,nl,True,True,True,True,,,1169.0,,12.11,110.0,False,33,66,Q1,Q1
LRM,88,validation,nl,True,True,True,True,,,1037.0,,12.43,110.0,False,35,64,Q1,Q1
LRM,89,validation,nl,Uncertain,Uncertain,False,False,,,1636.0,,10.98,111.0,False,36,73,Q1,Q1
LRM,90,validation,nl,True,True,True,True,,,881.0,,12.61,129.0,False,62,52,Q2,Q1
LRM,91,validation,nl,False,False,False,True,,,1252.0,,11.65,129.0,False,62,52,Q2,Q1
LRM,92,validation,nl,False,False,False,True,,,6345.0,,6.03,207.0,False,116,190,Q4,Q4
LRM,93,validation,nl,Uncertain,Uncertain,False,False,,,6168.0,,6.12,213.0,False,121,192,Q4,Q4
LRM,94,validation,nl,True,True,True,True,,,1120.0,,12.73,212.0,False,119,208,Q4,Q4
LRM,95,validation,nl,Uncertain,Uncertain,Uncertain,True,,,3560.0,,8.19,126.0,False,54,79,Q2,Q2
LRM,96,validation,nl,False,False,False,True,,,2454.0,,9.58,131.0,False,59,84,Q2,Q2
LRM,97,validation,nl,True,True,True,True,,,2954.0,,8.9,140.0,False,67,89,Q3,Q2
LRM,98,validation,nl,Uncertain,Uncertain,Uncertain,True,,,1760.0,,10.81,123.0,False,41,101,Q1,Q2
LRM,99,validation,nl,True,True,True,True,,,1253.0,,12.1,128.0,False,44,106,Q1,Q3
LRM,100,validation,nl,False,False,False,True,,,3485.0,,8.23,157.0,False,69,123,Q3,Q3
LRM,101,validation,nl,Uncertain,Uncertain,False,False,,,4681.0,,7.07,205.0,False,129,128,Q4,Q3
LRM,102,validation,nl,False,False,False,True,,,4155.0,,7.5,198.0,False,122,126,Q4,Q3
LRM,103,validation,nl,True,True,True,True,,,3555.0,,8.04,206.0,False,130,138,Q4,Q3
LRM,104,validation,nl,True,True,True,True,,,1246.0,,12.07,154.0,False,75,89,Q3,Q2
LRM,105,validation,nl,True,True,True,True,,,2717.0,,9.2,159.0,False,79,95,Q3,Q2
LRM,106,validation,nl,False,False,False,True,,,2747.0,,9.07,162.0,False,83,105,Q3,Q2
LRM,107,validation,nl,Uncertain,Uncertain,False,False,,,4592.0,,7.21,189.0,False,111,140,Q4,Q3
LRM,108,validation,nl,False,False,False,True,,,8490.0,,5.05,216.0,False,134,167,Q4,Q4
LRM,109,validation,nl,True,True,True,True,,,7932.0,,5.24,245.0,False,159,170,Q4,Q4
LRM,110,validation,nl,Uncertain,Uncertain,Uncertain,True,,,1526.0,,11.77,82.0,False,18,79,Q1,Q2
LRM,111,validation,nl,True,True,True,True,,,1456.0,,11.92,131.0,False,53,99,Q2,Q2
LRM,112,validation,nl,Uncertain,Uncertain,False,False,,,3115.0,,8.83,130.0,False,52,99,Q2,Q2
LRM,113,validation,nl,False,False,False,True,,,3187.0,,8.7,136.0,False,57,102,Q2,Q2
LRM,114,validation,nl,False,False,False,True,,,4173.0,,7.53,181.0,False,102,158,Q4,Q3
LRM,115,validation,nl,True,True,True,True,,,977.0,,12.44,177.0,False,98,139,Q4,Q3
LRM,116,validation,nl,Uncertain,Uncertain,False,False,,,5368.0,,6.63,178.0,False,98,141,Q4,Q3
LRM,117,validation,nl,Uncertain,Uncertain,False,False,,,2238.0,,10.06,158.0,False,76,97,Q3,Q2
LRM,118,validation,nl,True,True,True,True,,,1184.0,,12.54,163.0,False,81,111,Q3,Q3
LRM,119,validation,nl,False,False,False,True,,,1802.0,,10.8,156.0,False,74,87,Q3,Q2
LRM,120,validation,nl,Uncertain,Uncertain,True,False,,,2184.0,,10.1,73.0,False,11,39,Q1,Q1
LRM,121,validation,nl,Uncertain,Uncertain,True,False,,,9045.0,,4.79,148.0,False,63,162,Q2,Q4
LRM,123,validation,nl,True,True,True,True,,,6319.0,,6.13,147.0,False,63,170,Q2,Q4
LRM,124,validation,nl,Uncertain,Uncertain,False,False,,,3296.0,,8.51,148.0,False,63,153,Q2,Q3
LRM,125,validation,nl,True,True,True,True,,,1981.0,,10.5,147.0,False,62,185,Q2,Q4
LRM,126,validation,nl,False,False,False,True,,,3745.0,,8.06,149.0,False,64,188,Q3,Q4
LRM,127,validation,nl,False,False,False,True,,,3859.0,,8.13,165.0,False,87,269,Q4,Q4
LRM,128,validation,nl,True,True,True,True,,,4936.0,,7.09,167.0,False,89,270,Q4,Q4
LRM,129,validation,nl,Uncertain,Uncertain,Uncertain,True,,,4226.0,,7.75,163.0,False,85,267,Q3,Q4
LRM,130,validation,nl,True,True,True,True,,,4698.0,,7.34,174.0,False,96,318,Q4,Q4
LRM,131,validation,nl,True,True,True,True,,,830.0,,13.44,93.0,False,19,69,Q1,Q1
LRM,132,validation,nl,Uncertain,Uncertain,False,False,,,1722.0,,11.21,91.0,False,16,59,Q1,Q1
LRM,133,validation,nl,Uncertain,Uncertain,False,False,,,2119.0,,10.22,87.0,False,16,59,Q1,Q1
LRM,134,validation,nl,True,True,True,True,,,815.0,,13.24,96.0,False,20,57,Q1,Q1
LRM,136,validation,nl,False,False,False,True,,,1031.0,,12.46,103.0,False,26,66,Q1,Q1
LRM,137,validation,nl,True,True,True,True,,,1562.0,,11.37,156.0,False,67,109,Q3,Q3
LRM,138,validation,nl,False,False,False,True,,,1391.0,,11.81,157.0,False,67,109,Q3,Q3
LRM,139,validation,nl,Uncertain,Uncertain,False,False,,,2942.0,,8.85,197.0,False,104,154,Q4,Q3
LRM,140,validation,nl,False,False,False,True,,,4486.0,,7.26,209.0,False,114,168,Q4,Q4
LRM,143,validation,nl,Uncertain,Uncertain,True,False,,,2521.0,,9.71,124.0,False,46,164,Q1,Q4
LRM,144,validation,nl,Uncertain,Uncertain,Uncertain,True,,,2715.0,,9.24,167.0,False,86,114,Q3,Q3
LRM,145,validation,nl,Uncertain,Uncertain,False,False,,,3205.0,,8.6,168.0,False,87,117,Q4,Q3
LRM,146,validation,nl,True,True,False,False,,,2477.0,,9.54,180.0,False,96,118,Q4,Q3
LRM,147,validation,nl,True,True,True,True,,,2135.0,,10.11,181.0,False,97,118,Q4,Q3
LRM,148,validation,nl,False,False,False,True,,,2582.0,,9.35,188.0,False,105,118,Q4,Q3
LRM,149,validation,nl,True,True,True,True,,,1017.0,,12.88,136.0,False,56,74,Q2,Q1
LRM,150,validation,nl,Uncertain,Uncertain,False,False,,,1066.0,,12.64,137.0,False,58,69,Q2,Q1
LRM,151,validation,nl,Uncertain,Uncertain,False,False,,,1113.0,,12.52,137.0,False,57,69,Q2,Q1
LRM,153,validation,nl,False,False,False,True,,,4881.0,,7.1,128.0,False,50,167,Q2,Q4
LRM,154,validation,nl,True,True,False,False,,,8153.0,,5.25,142.0,False,63,208,Q2,Q4
LRM,155,validation,nl,Uncertain,Uncertain,True,False,,,1223.0,,12.21,73.0,False,11,58,Q1,Q1
LRM,156,validation,nl,False,False,Uncertain,False,,,3492.0,,8.21,188.0,False,107,190,Q4,Q4
LRM,157,validation,nl,True,True,True,True,,,3257.0,,8.46,190.0,False,109,191,Q4,Q4
LRM,158,validation,nl,True,True,True,True,,,4786.0,,7.06,194.0,False,113,198,Q4,Q4
LRM,159,validation,nl,Uncertain,Uncertain,True,False,,,3092.0,,8.71,183.0,False,103,174,Q4,Q4
LRM,160,validation,nl,True,True,True,True,,,1819.0,,10.7,109.0,False,41,50,Q1,Q1
LRM,161,validation,nl,Uncertain,Uncertain,True,False,,,4628.0,,7.28,105.0,False,37,45,Q1,Q1
LRM,162,validation,nl,False,False,False,True,,,1130.0,,12.48,74.0,False,10,59,Q1,Q1
LRM,163,validation,nl,Uncertain,Uncertain,False,False,,,2191.0,,10.01,143.0,False,70,100,Q3,Q2
LRM,164,validation,nl,False,False,False,True,,,5631.0,,6.5,152.0,False,79,121,Q3,Q3
LRM,165,validation,nl,True,True,False,False,,,6437.0,,6.03,152.0,False,78,123,Q3,Q3
LRM,166,validation,nl,True,True,False,False,,,953.0,,13.0,97.0,False,28,31,Q1,Q1
LRM,167,validation,nl,True,True,True,True,,,1193.0,,12.37,104.0,False,35,49,Q1,Q1
LRM,168,validation,nl,False,False,False,True,,,1193.0,,12.36,96.0,False,28,38,Q1,Q1
LRM,169,validation,nl,Uncertain,Uncertain,Uncertain,True,,,6920.0,,5.78,147.0,False,63,88,Q2,Q2
LRM,170,validation,nl,True,True,False,False,,,2972.0,,8.84,176.0,False,86,108,Q3,Q3
LRM,171,validation,nl,False,False,False,True,,,5970.0,,6.27,172.0,False,82,100,Q3,Q2
LRM,172,validation,nl,Uncertain,Uncertain,False,False,,,4138.0,,7.61,176.0,False,97,127,Q4,Q3
LRM,173,validation,nl,False,False,False,True,,,2596.0,,9.32,181.0,False,102,127,Q4,Q3
LRM,174,validation,nl,True,True,True,True,,,6158.0,,6.14,193.0,False,113,138,Q4,Q3
LRM,175,validation,nl,Uncertain,Uncertain,False,False,,,1049.0,,12.14,97.0,False,32,18,Q1,Q1
LRM,176,validation,nl,False,False,False,True,,,735.0,,12.89,99.0,False,34,19,Q1,Q1
LRM,177,validation,nl,True,True,True,True,,,677.0,,13.2,103.0,False,38,29,Q1,Q1
LRM,178,validation,nl,False,False,False,True,,,3186.0,,8.94,75.0,False,11,123,Q1,Q3
LRM,179,validation,nl,False,False,False,True,,,1265.0,,11.84,92.0,False,25,37,Q1,Q1
LRM,180,validation,nl,False,False,Uncertain,False,,,1695.0,,10.92,92.0,False,25,37,Q1,Q1
LRM,181,validation,nl,Uncertain,Uncertain,Uncertain,True,,,1818.0,,10.69,108.0,False,38,69,Q1,Q1
LRM,182,validation,nl,True,True,True,True,,,1781.0,,10.76,114.0,False,44,79,Q1,Q2
LRM,183,validation,nl,False,False,False,True,,,4951.0,,6.99,128.0,False,56,92,Q2,Q2
LRM,184,validation,nl,True,True,True,True,,,1062.0,,12.91,155.0,False,77,120,Q3,Q3
LRM,185,validation,nl,False,False,False,True,,,1143.0,,12.37,154.0,False,76,120,Q3,Q3
LRM,186,validation,nl,Uncertain,Uncertain,False,False,,,1306.0,,11.82,155.0,False,77,122,Q3,Q3
LRM,187,validation,nl,Uncertain,Uncertain,False,False,,,3055.0,,8.78,122.0,False,50,80,Q2,Q2
LRM,188,validation,nl,True,True,True,True,,,1902.0,,10.54,125.0,False,53,93,Q2,Q2
LRM,189,validation,nl,False,False,False,True,,,2083.0,,10.21,124.0,False,52,90,Q2,Q2
LRM,190,validation,nl,False,False,False,True,,,3087.0,,8.74,134.0,False,62,98,Q2,Q2
LRM,191,validation,nl,False,False,False,True,,,2678.0,,9.26,133.0,False,61,105,Q2,Q2
LRM,192,validation,nl,False,False,False,True,,,1567.0,,11.27,78.0,False,16,44,Q1,Q1
LRM,193,validation,nl,False,False,True,False,,,2391.0,,9.64,175.0,False,78,85,Q3,Q2
LRM,194,validation,nl,Uncertain,Uncertain,False,False,,,3002.0,,8.7,180.0,False,82,80,Q3,Q2
LRM,195,validation,nl,Uncertain,Uncertain,True,False,,,4737.0,,7.22,143.0,False,57,244,Q2,Q4
LRM,197,validation,nl,True,True,True,True,,,7441.0,,5.56,148.0,False,64,251,Q3,Q4
LRM,198,validation,nl,False,False,False,True,,,1168.0,,12.4,138.0,False,50,69,Q2,Q1
LRM,199,validation,nl,False,False,False,True,,,1245.0,,11.82,139.0,False,52,69,Q2,Q1
LRM,200,validation,nl,False,False,False,True,,,1087.0,,12.2,140.0,False,52,69,Q2,Q1
LRM,201,validation,nl,Uncertain,Uncertain,False,False,,,859.0,,13.21,137.0,False,48,59,Q2,Q1
LRM,202,validation,nl,Uncertain,Uncertain,True,False,,,881.0,,13.09,140.0,False,52,68,Q2,Q1
LRM,100000,train,nl,True,True,True,True,,,5168.0,,6.75,185.0,False,106,102,Q4,Q2
LRM,100001,train,nl,True,True,True,True,,,5527.0,,6.5,187.0,False,107,100,Q4,Q2
LRM,100003,train,nl,True,True,False,False,,,5054.0,,6.77,222.0,False,138,117,Q4,Q3
LRM,100005,train,nl,True,True,True,True,,,1283.0,,12.29,132.0,False,46,103,Q1,Q2
LRM,100008,train,nl,False,False,False,True,,,4902.0,,7.01,140.0,False,59,106,Q2,Q3
LRM,100009,train,nl,True,True,True,True,,,2157.0,,9.99,144.0,False,62,111,Q2,Q3
LRM,100024,train,nl,False,False,False,True,,,4132.0,,7.68,155.0,False,85,110,Q3,Q3
LRM,100025,train,nl,True,True,True,True,,,780.0,,13.26,113.0,False,36,41,Q1,Q1
LRM,100028,train,nl,Uncertain,Uncertain,Uncertain,True,,,1071.0,,12.47,113.0,False,37,41,Q1,Q1
LRM,100036,train,nl,False,False,False,True,,,4397.0,,7.42,160.0,False,71,141,Q3,Q3
LRM,100039,train,nl,False,False,False,True,,,5160.0,,6.8,190.0,False,92,160,Q4,Q4
LRM,100040,train,nl,Uncertain,Uncertain,Uncertain,True,,,7261.0,,5.61,169.0,False,78,149,Q3,Q4
LRM,100042,train,nl,False,False,False,True,,,5290.0,,6.69,207.0,False,108,182,Q4,Q4
LRM,100045,train,nl,Uncertain,Uncertain,True,False,,,4045.0,,7.76,141.0,False,64,136,Q3,Q3
LRM,100047,train,nl,True,True,Uncertain,False,,,4202.0,,7.57,191.0,False,101,205,Q4,Q4
LRM,100051,train,nl,False,False,Uncertain,False,,,910.0,,12.86,103.0,False,30,39,Q1,Q1
LRM,100052,train,nl,True,True,True,True,,,692.0,,13.55,102.0,False,30,38,Q1,Q1
LRM,100070,train,nl,True,True,True,True,,,2496.0,,9.47,142.0,False,68,101,Q3,Q2
LRM,100071,train,nl,False,False,False,True,,,4745.0,,7.11,154.0,False,79,115,Q3,Q3
LRM,100074,train,nl,Uncertain,Uncertain,Uncertain,True,,,1602.0,,11.26,85.0,False,21,44,Q1,Q1
LRM,100075,train,nl,Uncertain,Uncertain,False,False,,,5019.0,,6.94,154.0,False,82,154,Q3,Q4
LRM,100077,train,nl,False,False,False,True,,,4445.0,,7.39,158.0,False,86,161,Q3,Q4
LRM,100083,train,nl,False,False,True,False,,,4592.0,,7.32,182.0,False,107,257,Q4,Q4
LRM,100086,train,nl,Uncertain,Uncertain,False,False,,,3764.0,,8.12,225.0,False,110,175,Q4,Q4
LRM,100094,train,nl,Uncertain,Uncertain,Uncertain,True,,,2724.0,,9.39,79.0,False,17,81,Q1,Q2
LRM,100095,train,nl,False,False,Uncertain,False,,,4399.0,,7.44,122.0,False,50,75,Q2,Q1
LRM,100102,train,nl,False,False,False,True,,,2406.0,,9.58,169.0,False,82,125,Q3,Q3
LRM,100105,train,nl,False,False,False,True,,,817.0,,12.75,122.0,False,50,71,Q2,Q1
LRM,100106,train,nl,True,True,True,True,,,740.0,,12.79,121.0,False,49,71,Q2,Q1
LRM,100109,train,nl,False,False,True,False,,,5186.0,,6.61,310.0,False,204,218,Q4,Q4
LRM,100110,train,nl,True,True,True,True,,,3792.0,,7.7,321.0,False,215,232,Q4,Q4
LRM,100111,train,nl,Uncertain,Uncertain,False,False,,,836.0,,13.64,118.0,False,47,54,Q2,Q1
LRM,100114,train,nl,False,False,False,True,,,6265.0,,6.16,128.0,False,55,102,Q2,Q2
LRM,100118,train,nl,True,True,True,True,,,3618.0,,8.12,175.0,False,88,159,Q4,Q4
LRM,100124,train,nl,Uncertain,Uncertain,True,False,,,2466.0,,9.55,121.0,False,38,81,Q1,Q2
LRM,100127,train,nl,True,True,True,True,,,2199.0,,9.95,120.0,False,39,82,Q1,Q2
LRM,100130,train,nl,False,False,False,True,,,1485.0,,11.09,146.0,False,64,92,Q3,Q2
LRM,100133,train,nl,False,False,False,True,,,3579.0,,8.18,148.0,False,63,110,Q3,Q3
LRM,100134,train,nl,True,True,True,True,,,3190.0,,8.57,153.0,False,66,113,Q3,Q3
LRM,100135,train,nl,True,True,True,True,,,1142.0,,12.1,135.0,False,34,53,Q1,Q1
LRM,100136,train,nl,False,False,False,True,,,2661.0,,9.25,137.0,False,38,56,Q1,Q1
LRM,100137,train,nl,Uncertain,Uncertain,False,False,,,2216.0,,9.93,133.0,False,32,44,Q1,Q1
LRM,100150,train,nl,True,True,True,True,,,1350.0,,11.59,125.0,False,45,90,Q1,Q2
LRM,100151,train,nl,Uncertain,Uncertain,Uncertain,True,,,3097.0,,8.73,119.0,False,40,85,Q1,Q2
LRM,100152,train,nl,Uncertain,Uncertain,True,False,,,3137.0,,8.61,171.0,False,83,118,Q3,Q3
LRM,100158,train,nl,True,True,True,True,,,3754.0,,7.9,206.0,False,102,136,Q4,Q3
LRM,100159,train,nl,False,False,False,True,,,3404.0,,8.26,202.0,False,100,135,Q4,Q3
LRM,100161,train,nl,True,True,True,True,,,3439.0,,8.19,213.0,False,109,136,Q4,Q3
LRM,100163,train,nl,Uncertain,Uncertain,False,False,,,4509.0,,7.2,226.0,False,118,150,Q4,Q4
LRM,100165,train,nl,Uncertain,Uncertain,False,False,,,2523.0,,9.75,75.0,False,11,78,Q1,Q2
LRM,100166,train,nl,True,True,True,True,,,2505.0,,9.58,154.0,False,82,123,Q3,Q3
LRM,100173,train,nl,Uncertain,Uncertain,Uncertain,True,,,4213.0,,7.58,143.0,False,63,121,Q3,Q3
LRM,100178,train,nl,Uncertain,Uncertain,True,False,,,1722.0,,11.32,132.0,False,53,138,Q2,Q3
LRM,100180,train,nl,True,True,True,True,,,1487.0,,12.01,133.0,False,54,154,Q2,Q4
LRM,100181,train,nl,Uncertain,Uncertain,False,False,,,7265.0,,5.65,145.0,False,72,156,Q3,Q4
LRM,100182,train,nl,False,False,False,True,,,7425.0,,5.57,148.0,False,73,156,Q3,Q4
LRM,100183,train,nl,True,True,True,True,,,6397.0,,6.07,149.0,False,74,157,Q3,Q4
LRM,100194,train,nl,True,True,True,True,,,874.0,,14.0,143.0,False,58,78,Q2,Q2
LRM,100196,train,nl,True,True,True,True,,,1033.0,,12.53,192.0,False,106,74,Q4,Q1
LRM,100197,train,nl,True,True,True,True,,,1017.0,,12.66,106.0,False,27,61,Q1,Q1
LRM,100199,train,nl,Uncertain,Uncertain,False,False,,,1088.0,,13.12,102.0,False,24,45,Q1,Q1
LRM,100201,train,nl,False,False,False,True,,,3004.0,,8.7,227.0,False,138,161,Q4,Q4
LRM,100203,train,nl,True,True,True,True,,,738.0,,13.41,130.0,False,54,76,Q2,Q2
LRM,100204,train,nl,Uncertain,Uncertain,Uncertain,True,,,1134.0,,12.07,130.0,False,54,78,Q2,Q2
LRM,100208,train,nl,True,True,True,True,,,3386.0,,8.3,229.0,False,150,168,Q4,Q4
LRM,100209,train,nl,Uncertain,Uncertain,Uncertain,True,,,3948.0,,7.8,151.0,False,63,136,Q3,Q3
LRM,100215,train,nl,False,False,False,True,,,5656.0,,6.43,215.0,False,124,231,Q4,Q4
LRM,100218,train,nl,True,True,True,True,,,5033.0,,6.86,192.0,False,110,132,Q4,Q3
LRM,100224,train,nl,False,False,False,True,,,4993.0,,6.98,114.0,False,40,74,Q1,Q1
LRM,100227,train,nl,False,False,False,True,,,2097.0,,10.3,146.0,False,72,134,Q3,Q3
LRM,100228,train,nl,False,False,False,True,,,2132.0,,10.01,165.0,False,88,100,Q4,Q2
LRM,100230,train,nl,Uncertain,Uncertain,False,False,,,4411.0,,7.43,132.0,False,57,89,Q2,Q2
LRM,100233,train,nl,False,False,False,True,,,2341.0,,9.75,123.0,False,47,92,Q2,Q2
LRM,100240,train,nl,True,True,Uncertain,False,,,5008.0,,6.88,177.0,False,90,128,Q4,Q3
LRM,100242,train,nl,Uncertain,Uncertain,True,False,,,1583.0,,11.23,111.0,False,33,74,Q1,Q1
LRM,100244,train,nl,Uncertain,Uncertain,Uncertain,True,,,1311.0,,11.87,113.0,False,34,69,Q1,Q1
LRM,100250,train,nl,Uncertain,Uncertain,False,False,,,1700.0,,10.97,129.0,False,51,57,Q2,Q1
LRM,100252,train,nl,True,True,True,True,,,1338.0,,12.1,139.0,False,61,96,Q2,Q2
LRM,100254,train,nl,Uncertain,Uncertain,True,False,,,1425.0,,11.88,130.0,False,51,71,Q2,Q1
LRM,100255,train,nl,True,True,False,False,,,2142.0,,10.12,117.0,False,42,62,Q1,Q1
LRM,100257,train,nl,False,False,False,True,,,2437.0,,9.52,170.0,False,62,67,Q2,Q1
LRM,100260,train,nl,True,True,True,True,,,1871.0,,10.72,137.0,False,59,138,Q2,Q3
LRM,100267,train,nl,False,False,True,False,,,4617.0,,7.16,234.0,False,139,219,Q4,Q4
LRM,100268,train,nl,False,False,False,True,,,2451.0,,9.47,157.0,False,80,93,Q3,Q2
LRM,100270,train,nl,Uncertain,Uncertain,True,False,,,4042.0,,7.68,157.0,False,80,95,Q3,Q2
LRM,100271,train,nl,True,True,True,True,,,1582.0,,11.24,127.0,False,54,93,Q2,Q2
LRM,100273,train,nl,False,False,False,True,,,2080.0,,10.22,121.0,False,47,75,Q2,Q1
LRM,100278,train,nl,True,True,True,True,,,1733.0,,10.88,118.0,False,47,77,Q2,Q2
LRM,100283,train,nl,False,False,False,True,,,2416.0,,9.53,181.0,False,94,113,Q4,Q3
LRM,100285,train,nl,Uncertain,Uncertain,False,False,,,969.0,,13.36,154.0,False,74,88,Q3,Q2
LRM,100288,train,nl,True,True,True,True,,,1104.0,,12.3,110.0,False,43,51,Q1,Q1
LRM,100290,train,nl,Uncertain,Uncertain,False,False,,,1543.0,,11.36,110.0,False,43,50,Q1,Q1
LRM,100291,train,nl,False,False,True,False,,,1772.0,,10.85,110.0,False,43,57,Q1,Q1
LRM,100293,train,nl,False,False,False,True,,,1430.0,,11.96,106.0,False,34,106,Q1,Q3
LRM,100302,train,nl,False,False,False,True,,,1888.0,,10.83,137.0,False,66,160,Q3,Q4
LRM,100306,train,nl,True,True,Uncertain,False,,,3480.0,,8.26,173.0,False,97,131,Q4,Q3
LRM,100307,train,nl,False,False,False,True,,,3548.0,,8.17,182.0,False,106,138,Q4,Q3
LRM,100308,train,nl,True,True,True,True,,,2689.0,,9.22,183.0,False,107,138,Q4,Q3
LRM,100309,train,nl,True,True,False,False,,,4213.0,,7.54,190.0,False,113,149,Q4,Q4
LRM,100311,train,nl,True,True,True,True,,,3663.0,,8.11,148.0,False,59,157,Q2,Q4
LRM,100312,train,nl,False,False,False,True,,,5173.0,,6.82,146.0,False,59,159,Q2,Q4
LRM,100315,train,nl,Uncertain,Uncertain,Uncertain,True,,,1396.0,,11.62,121.0,False,44,86,Q1,Q2
LRM,100316,train,nl,True,True,True,True,,,7041.0,,5.71,162.0,False,82,145,Q3,Q4
LRM,100317,train,nl,True,True,True,True,,,1960.0,,10.39,160.0,False,80,143,Q3,Q4
LRM,100321,train,nl,Uncertain,Uncertain,True,False,,,3026.0,,8.68,189.0,False,101,125,Q4,Q3
LRM,100323,train,nl,Uncertain,Uncertain,False,False,,,1812.0,,10.91,94.0,False,28,89,Q1,Q2
LRM,100329,train,nl,True,True,False,False,,,1299.0,,11.71,103.0,False,29,40,Q1,Q1
LRM,100334,train,nl,True,True,True,True,,,5057.0,,6.94,136.0,False,64,125,Q3,Q3
LRM,100336,train,nl,True,True,True,True,,,2449.0,,9.7,138.0,False,66,126,Q3,Q3
LRM,100338,train,nl,False,False,False,True,,,4521.0,,7.34,151.0,False,76,143,Q3,Q4
LRM,100339,train,nl,True,True,True,True,,,5529.0,,6.58,163.0,False,87,151,Q4,Q4
LRM,100340,train,nl,False,False,False,True,,,3030.0,,8.89,146.0,False,70,144,Q3,Q4
LRM,100341,train,nl,True,True,False,False,,,4112.0,,7.71,154.0,False,79,154,Q3,Q4
LRM,100343,train,nl,False,False,False,True,,,2142.0,,10.25,122.0,False,48,104,Q2,Q2
LRM,100351,train,nl,True,True,False,False,,,4397.0,,7.41,134.0,False,61,86,Q2,Q2
LRM,100353,train,nl,Uncertain,Uncertain,False,False,,,2022.0,,10.34,136.0,False,58,91,Q2,Q2
LRM,100357,train,nl,True,True,True,True,,,1152.0,,12.39,127.0,False,50,85,Q2,Q2
LRM,100358,train,nl,Uncertain,Uncertain,False,False,,,3314.0,,8.5,131.0,False,53,86,Q2,Q2
LRM,100359,train,nl,False,False,False,True,,,3250.0,,8.54,140.0,False,61,94,Q2,Q2
LRM,100362,train,nl,Uncertain,Uncertain,False,False,,,2579.0,,9.32,127.0,False,52,68,Q2,Q1
LRM,100366,train,nl,False,False,False,True,,,1286.0,,11.67,131.0,False,47,66,Q2,Q1
LRM,100372,train,nl,Uncertain,Uncertain,False,False,,,3189.0,,8.51,214.0,False,126,132,Q4,Q3
LRM,100373,train,nl,False,False,False,True,,,4803.0,,6.99,226.0,False,133,141,Q4,Q3
LRM,100378,train,nl,True,True,True,True,,,1234.0,,12.24,119.0,False,38,110,Q1,Q3
LRM,100388,train,nl,Uncertain,Uncertain,False,False,,,2440.0,,9.75,165.0,False,81,180,Q3,Q4
LRM,100391,train,nl,True,True,True,True,,,4703.0,,7.19,172.0,False,89,191,Q4,Q4
LRM,100393,train,nl,False,False,False,True,,,3204.0,,8.6,116.0,False,37,72,Q1,Q1
LRM,100394,train,nl,True,True,True,True,,,2290.0,,9.81,117.0,False,38,73,Q1,Q1
LRM,100405,train,nl,True,True,True,True,,,1989.0,,10.37,111.0,False,37,59,Q1,Q1
LRM,100408,train,nl,False,False,False,True,,,5187.0,,6.81,145.0,False,67,108,Q3,Q3
LRM,100409,train,nl,Uncertain,Uncertain,False,False,,,2604.0,,9.43,106.0,False,35,62,Q1,Q1
LRM,100412,train,nl,Uncertain,Uncertain,Uncertain,True,,,6909.0,,5.8,134.0,False,50,141,Q2,Q3
LRM,100415,train,nl,True,True,True,True,,,3448.0,,8.44,75.0,False,13,54,Q1,Q1
LRM,100416,train,nl,Uncertain,Uncertain,Uncertain,True,,,4543.0,,7.13,263.0,False,175,195,Q4,Q4
LRM,100418,train,nl,True,True,True,True,,,4535.0,,7.12,281.0,False,190,220,Q4,Q4
LRM,100421,train,nl,Uncertain,Uncertain,False,False,,,3235.0,,8.63,116.0,False,44,69,Q1,Q1
LRM,100422,train,nl,Uncertain,Uncertain,False,False,,,2606.0,,9.4,114.0,False,42,80,Q1,Q2
LRM,100424,train,nl,False,False,False,True,,,1883.0,,10.58,121.0,False,49,92,Q2,Q2
LRM,100430,train,nl,False,False,True,False,,,7391.0,,5.49,261.0,False,178,275,Q4,Q4
LRM,100433,train,nl,False,False,False,True,,,3454.0,,8.23,167.0,False,88,122,Q4,Q3
LRM,100435,train,nl,Uncertain,Uncertain,False,False,,,3996.0,,7.82,139.0,False,56,125,Q2,Q3
LRM,100437,train,nl,False,False,False,True,,,2543.0,,9.55,139.0,False,57,119,Q2,Q3
LRM,100440,train,nl,False,False,False,True,,,1420.0,,11.21,118.0,False,43,26,Q1,Q1
LRM,100441,train,nl,Uncertain,Uncertain,False,False,,,962.0,,12.35,113.0,False,40,25,Q1,Q1
LRM,100444,train,nl,True,True,True,True,,,5597.0,,6.49,218.0,False,133,208,Q4,Q4
LRM,100446,train,nl,Uncertain,Uncertain,False,False,,,3908.0,,7.74,203.0,False,126,113,Q4,Q3
LRM,100448,train,nl,True,True,True,True,,,6455.0,,5.96,208.0,False,131,133,Q4,Q3
LRM,100466,train,nl,True,True,False,False,,,745.0,,13.45,143.0,False,51,47,Q2,Q1
LRM,100467,train,nl,True,True,True,True,,,924.0,,12.91,88.0,False,24,53,Q1,Q1
LRM,100468,train,nl,Uncertain,Uncertain,True,False,,,1508.0,,11.37,89.0,False,25,54,Q1,Q1
LRM,100469,train,nl,True,True,True,True,,,608.0,,14.4,136.0,False,57,71,Q2,Q1
LRM,100471,train,nl,False,False,False,True,,,2087.0,,10.26,134.0,False,55,78,Q2,Q2
LRM,100475,train,nl,False,False,False,True,,,4311.0,,7.52,136.0,False,58,111,Q2,Q3
LRM,100476,train,nl,True,True,False,False,,,5479.0,,6.61,152.0,False,72,129,Q3,Q3
LRM,100481,train,nl,False,False,False,True,,,2276.0,,9.92,136.0,False,60,124,Q2,Q3
LRM,100484,train,nl,False,False,False,True,,,2043.0,,10.26,106.0,False,30,66,Q1,Q1
LRM,100486,train,nl,Uncertain,Uncertain,Uncertain,True,,,2960.0,,8.93,105.0,False,30,66,Q1,Q1
LRM,100500,train,nl,True,True,True,True,,,6937.0,,5.77,166.0,False,84,153,Q3,Q4
LRM,100506,train,nl,True,True,True,True,,,600.0,,13.39,102.0,False,20,25,Q1,Q1
LRM,100517,train,nl,False,False,False,True,,,3900.0,,7.88,148.0,False,69,137,Q3,Q3
LRM,100518,train,nl,False,False,False,True,,,1255.0,,12.12,129.0,False,47,67,Q2,Q1
LRM,100519,train,nl,False,False,False,True,,,1397.0,,11.66,129.0,False,44,63,Q1,Q1
LRM,100521,train,nl,Uncertain,Uncertain,False,False,,,6111.0,,6.23,170.0,False,77,154,Q3,Q4
LRM,100523,train,nl,True,True,Uncertain,False,,,6144.0,,6.25,170.0,False,77,164,Q3,Q4
LRM,100530,train,nl,Uncertain,Uncertain,False,False,,,830.0,,13.32,109.0,False,37,33,Q1,Q1
LRM,100532,train,nl,False,False,False,True,,,2386.0,,9.73,139.0,False,38,75,Q1,Q1
LRM,100535,train,nl,True,True,True,True,,,1339.0,,12.14,171.0,False,65,145,Q3,Q4
LRM,100541,train,nl,Uncertain,Uncertain,False,False,,,1144.0,,12.29,97.0,False,22,59,Q1,Q1
LRM,100543,train,nl,Uncertain,Uncertain,False,False,,,2905.0,,8.98,161.0,False,84,132,Q3,Q3
LRM,100549,train,nl,True,True,True,True,,,3943.0,,7.87,147.0,False,73,147,Q3,Q4
LRM,100550,train,nl,Uncertain,Uncertain,False,False,,,2247.0,,9.98,102.0,False,32,53,Q1,Q1
LRM,100551,train,nl,True,True,True,True,,,2132.0,,10.12,106.0,False,36,58,Q1,Q1
LRM,100556,train,nl,True,True,False,False,,,5471.0,,6.52,197.0,False,124,120,Q4,Q3
LRM,100558,train,nl,True,True,True,True,,,1736.0,,11.09,120.0,False,50,100,Q2,Q2
LRM,100561,train,nl,Uncertain,Uncertain,Uncertain,True,,,5384.0,,6.66,171.0,False,79,158,Q3,Q4
LRM,100564,train,nl,Uncertain,Uncertain,False,False,,,3245.0,,8.63,127.0,False,46,131,Q1,Q3
LRM,100565,train,nl,True,True,True,True,,,2762.0,,9.23,124.0,False,46,127,Q1,Q3
LRM,100566,train,nl,True,True,True,True,,,3991.0,,7.87,123.0,False,44,126,Q1,Q3
LRM,100570,train,nl,False,False,False,True,,,3774.0,,8.09,152.0,False,73,174,Q3,Q4
LRM,100572,train,nl,Uncertain,Uncertain,True,False,,,5262.0,,6.78,117.0,False,36,91,Q1,Q2
LRM,100573,train,nl,Uncertain,Uncertain,False,False,,,6581.0,,5.97,119.0,False,38,92,Q1,Q2
LRM,100574,train,nl,False,False,False,True,,,3001.0,,8.86,121.0,False,39,96,Q1,Q2
LRM,100576,train,nl,Uncertain,Uncertain,False,False,,,1756.0,,10.86,145.0,False,73,104,Q3,Q2
LRM,100578,train,nl,True,True,True,True,,,1301.0,,11.96,149.0,False,77,102,Q3,Q2
LRM,100582,train,nl,False,False,True,False,,,3347.0,,8.35,199.0,False,111,196,Q4,Q4
LRM,100583,train,nl,False,False,True,False,,,3682.0,,8.01,196.0,False,109,192,Q4,Q4
LRM,100589,train,nl,True,True,True,True,,,7202.0,,5.65,134.0,False,55,95,Q2,Q2
LRM,100590,train,nl,Uncertain,Uncertain,True,False,,,5091.0,,6.85,223.0,False,147,239,Q4,Q4
LRM,100592,train,nl,True,True,False,False,,,5083.0,,6.85,218.0,False,139,218,Q4,Q4
LRM,100593,train,nl,True,True,True,True,,,3653.0,,8.0,193.0,False,107,144,Q4,Q4
LRM,100594,train,nl,Uncertain,Uncertain,False,False,,,2901.0,,8.86,196.0,False,108,149,Q4,Q4
LRM,100596,train,nl,True,True,True,True,,,884.0,,12.57,137.0,False,53,62,Q2,Q1
LRM,100608,train,nl,False,False,False,True,,,2089.0,,10.3,104.0,False,35,83,Q1,Q2
LRM,100610,train,nl,False,False,False,True,,,4792.0,,7.09,249.0,False,164,364,Q4,Q4
LRM,100619,train,nl,Uncertain,Uncertain,True,False,,,4834.0,,7.0,174.0,False,93,118,Q4,Q3
LRM,100620,train,nl,True,True,True,True,,,1499.0,,11.22,131.0,False,39,41,Q1,Q1
LRM,100621,train,nl,Uncertain,Uncertain,Uncertain,True,,,831.0,,13.09,129.0,False,37,38,Q1,Q1
LRM,100625,train,nl,False,False,True,False,,,5310.0,,6.72,124.0,False,53,74,Q2,Q1
LRM,100626,train,nl,False,False,False,True,,,2453.0,,9.67,144.0,False,65,125,Q3,Q3
LRM,100630,train,nl,False,False,False,True,,,4504.0,,7.26,189.0,False,100,144,Q4,Q4
LRM,100634,train,nl,Uncertain,Uncertain,False,False,,,4372.0,,7.38,163.0,False,87,112,Q4,Q3
LRM,100635,train,nl,True,True,False,False,,,6157.0,,6.15,170.0,False,94,123,Q4,Q3
LRM,100636,train,nl,False,False,False,True,,,5615.0,,6.48,169.0,False,90,121,Q4,Q3
LRM,100644,train,nl,Uncertain,Uncertain,Uncertain,True,,,2208.0,,10.0,127.0,False,45,99,Q1,Q2
LRM,100648,train,nl,True,True,True,True,,,5919.0,,6.32,144.0,False,69,96,Q3,Q2
LRM,100649,train,nl,False,False,False,True,,,7054.0,,5.7,149.0,False,72,95,Q3,Q2
LRM,100652,train,nl,True,True,True,True,,,931.0,,13.73,125.0,False,45,90,Q1,Q2
LRM,100656,train,nl,False,False,False,True,,,1874.0,,10.55,129.0,False,54,66,Q2,Q1
LRM,100660,train,nl,True,True,False,False,,,5316.0,,6.71,141.0,False,62,71,Q2,Q1
LRM,100669,train,nl,True,True,True,True,,,2050.0,,10.39,115.0,False,38,87,Q1,Q2
LRM,100670,train,nl,Uncertain,Uncertain,False,False,,,6559.0,,6.02,113.0,False,37,87,Q1,Q2
LRM,100671,train,nl,Uncertain,Uncertain,True,False,,,1176.0,,12.53,114.0,False,37,76,Q1,Q2
LRM,100673,train,nl,True,True,True,True,,,1584.0,,11.51,162.0,False,77,158,Q3,Q4
LRM,100674,train,nl,Uncertain,Uncertain,False,False,,,4431.0,,7.52,161.0,False,78,179,Q3,Q4
LRM,100675,train,nl,True,True,True,True,,,826.0,,13.97,89.0,False,24,61,Q1,Q1
LRM,100679,train,nl,False,False,False,True,,,2057.0,,10.12,155.0,False,74,124,Q3,Q3
LRM,100680,train,nl,False,False,False,True,,,3826.0,,7.9,153.0,False,72,112,Q3,Q3
LRM,100682,train,nl,False,False,False,True,,,1046.0,,13.21,131.0,False,54,132,Q2,Q3
LRM,100683,train,nl,True,True,True,True,,,1212.0,,12.65,136.0,False,57,134,Q2,Q3
LRM,100685,train,nl,False,False,False,True,,,1410.0,,11.57,152.0,False,59,96,Q2,Q2
LRM,100686,train,nl,Uncertain,Uncertain,Uncertain,True,,,2298.0,,9.86,154.0,False,58,109,Q2,Q3
LRM,100687,train,nl,True,True,True,True,,,882.0,,12.92,164.0,False,80,71,Q3,Q1
LRM,100688,train,nl,Uncertain,Uncertain,True,False,,,1939.0,,10.35,164.0,False,80,71,Q3,Q1
LRM,100691,train,nl,False,False,False,True,,,3610.0,,8.25,112.0,False,38,61,Q1,Q1
LRM,100693,train,nl,Uncertain,Uncertain,False,False,,,2934.0,,8.91,148.0,False,68,95,Q3,Q2
LRM,100695,train,nl,True,True,True,True,,,3026.0,,8.76,168.0,False,84,109,Q3,Q3
LRM,100698,train,nl,True,True,True,True,,,3131.0,,8.71,142.0,False,70,118,Q3,Q3
LRM,100703,train,nl,False,False,False,True,,,5154.0,,6.76,185.0,False,100,113,Q4,Q3
LRM,100707,train,nl,True,True,True,True,,,3249.0,,8.51,165.0,False,83,128,Q3,Q3
LRM,100713,train,nl,False,False,True,False,,,3639.0,,7.98,235.0,False,140,161,Q4,Q4
LRM,100718,train,nl,Uncertain,Uncertain,False,False,,,1380.0,,11.81,158.0,False,57,116,Q2,Q3
LRM,100720,train,nl,False,False,False,True,,,1881.0,,10.54,156.0,False,57,117,Q2,Q3
LRM,100722,train,nl,Uncertain,Uncertain,True,False,,,1424.0,,11.63,119.0,False,50,106,Q2,Q3
LRM,100725,train,nl,True,True,True,True,,,2135.0,,10.09,132.0,False,58,77,Q2,Q2
LRM,100730,train,nl,True,True,True,True,,,5008.0,,6.88,185.0,False,102,137,Q4,Q3
LRM,100733,train,nl,False,False,False,True,,,3900.0,,7.76,190.0,False,107,147,Q4,Q4
LRM,100734,train,nl,False,False,False,True,,,5480.0,,6.54,191.0,False,108,144,Q4,Q4
LRM,100736,train,nl,False,False,True,False,,,6584.0,,5.88,209.0,False,126,156,Q4,Q4
LRM,100737,train,nl,True,True,False,False,,,5080.0,,6.82,190.0,False,107,142,Q4,Q3
LRM,100752,train,nl,True,True,True,True,,,4487.0,,7.43,126.0,False,56,155,Q2,Q4
LRM,100754,train,nl,True,True,False,False,,,1010.0,,12.49,131.0,False,53,49,Q2,Q1
LRM,100759,train,nl,True,True,True,True,,,1030.0,,13.27,184.0,False,92,154,Q4,Q4
LRM,100760,train,nl,Uncertain,Uncertain,False,False,,,1505.0,,12.04,183.0,False,93,154,Q4,Q4
LRM,100765,train,nl,Uncertain,Uncertain,False,False,,,1787.0,,11.09,159.0,False,79,157,Q3,Q4
LRM,100767,train,nl,True,True,Uncertain,False,,,5234.0,,6.78,180.0,False,99,180,Q4,Q4
LRM,100769,train,nl,Uncertain,Uncertain,False,False,,,2355.0,,9.78,163.0,False,82,104,Q3,Q2
LRM,100789,train,nl,True,True,True,True,,,2235.0,,9.93,137.0,False,66,82,Q3,Q2
LRM,100790,train,nl,Uncertain,Uncertain,True,False,,,2334.0,,9.76,131.0,False,60,77,Q2,Q2
LRM,100791,train,nl,Uncertain,Uncertain,False,False,,,3170.0,,8.69,92.0,False,27,42,Q1,Q1
LRM,100792,train,nl,Uncertain,Uncertain,True,False,,,1915.0,,10.37,133.0,False,58,73,Q2,Q1
LRM,100793,train,nl,False,False,False,True,,,3157.0,,8.64,131.0,False,57,73,Q2,Q1
LRM,100798,train,nl,True,True,True,True,,,1171.0,,12.34,126.0,False,49,95,Q2,Q2
LRM,100801,train,nl,Uncertain,Uncertain,False,False,,,2232.0,,9.91,135.0,False,59,81,Q2,Q2
LRM,100804,train,nl,Uncertain,Uncertain,False,False,,,3505.0,,8.44,76.0,False,14,76,Q1,Q2
LRM,100806,train,nl,False,False,False,True,,,1951.0,,10.48,185.0,False,96,183,Q4,Q4
LRM,100809,train,nl,True,True,True,True,,,1886.0,,10.73,111.0,False,41,117,Q1,Q3
LRM,100814,train,nl,True,True,True,True,,,885.0,,13.51,145.0,False,67,91,Q3,Q2
LRM,100815,train,nl,Uncertain,Uncertain,True,False,,,2141.0,,10.28,147.0,False,69,94,Q3,Q2
LRM,100816,train,nl,False,False,False,True,,,808.0,,14.14,142.0,False,64,69,Q3,Q1
LRM,100819,train,nl,False,False,False,True,,,7664.0,,5.4,210.0,False,101,167,Q4,Q4
LRM,100821,train,nl,False,False,False,True,,,1442.0,,11.58,141.0,False,62,84,Q2,Q2
LRM,100826,train,nl,Uncertain,Uncertain,True,False,,,4042.0,,7.69,183.0,False,84,136,Q3,Q3
LRM,100830,train,nl,False,False,False,True,,,3898.0,,7.83,189.0,False,90,141,Q4,Q3
LRM,100831,train,nl,True,True,True,True,,,3162.0,,8.59,203.0,False,99,153,Q4,Q4
LRM,100836,train,nl,False,False,False,True,,,2009.0,,10.32,130.0,False,55,100,Q2,Q2
LRM,100841,train,nl,Uncertain,Uncertain,Uncertain,True,,,3830.0,,8.04,139.0,False,64,177,Q3,Q4
LRM,100846,train,nl,True,True,True,True,,,3218.0,,8.6,111.0,False,39,72,Q1,Q1
LRM,100849,train,nl,False,False,True,False,,,2138.0,,10.28,127.0,False,52,160,Q2,Q4
LRM,100851,train,nl,Uncertain,Uncertain,False,False,,,2016.0,,10.33,137.0,False,57,109,Q2,Q3
LRM,100853,train,nl,Uncertain,Uncertain,Uncertain,True,,,3210.0,,8.64,139.0,False,58,109,Q2,Q3
LRM,100854,train,nl,Uncertain,Uncertain,Uncertain,True,,,2293.0,,9.82,125.0,False,46,65,Q1,Q1
LRM,100863,train,nl,False,False,Uncertain,False,,,3255.0,,8.59,164.0,False,78,156,Q3,Q4
LRM,100864,train,nl,True,True,Uncertain,False,,,2902.0,,9.05,165.0,False,79,157,Q3,Q4
LRM,100866,train,nl,True,True,True,True,,,2273.0,,9.87,130.0,False,53,77,Q2,Q2
LRM,100869,train,nl,False,False,False,True,,,3522.0,,8.25,135.0,False,58,81,Q2,Q2
LRM,100873,train,nl,False,False,False,True,,,3891.0,,7.91,150.0,False,72,99,Q3,Q2
LRM,100874,train,nl,False,False,False,True,,,6035.0,,6.26,144.0,False,66,87,Q3,Q2
LRM,100875,train,nl,True,True,True,True,,,1252.0,,12.11,148.0,False,70,108,Q3,Q3
LRM,100891,train,nl,True,True,True,True,,,2565.0,,9.54,205.0,False,104,252,Q4,Q4
LRM,100892,train,nl,False,False,False,True,,,3664.0,,8.1,207.0,False,106,255,Q4,Q4
LRM,100900,train,nl,Uncertain,Uncertain,False,False,,,1212.0,,12.15,76.0,False,13,40,Q1,Q1
LRM,100902,train,nl,True,True,True,True,,,1739.0,,10.79,105.0,False,36,70,Q1,Q1
LRM,100907,train,nl,True,True,False,False,,,5752.0,,6.41,153.0,False,75,116,Q3,Q3
LRM,100911,train,nl,False,False,Uncertain,False,,,3470.0,,8.21,183.0,False,111,96,Q4,Q2
LRM,100912,train,nl,True,True,Uncertain,False,,,2592.0,,9.21,184.0,False,112,99,Q4,Q2
LRM,100913,train,nl,Uncertain,Uncertain,True,False,,,5169.0,,6.75,182.0,False,110,89,Q4,Q2
LRM,100914,train,nl,True,True,False,False,,,6141.0,,6.14,192.0,False,120,106,Q4,Q3
LRM,100918,train,nl,True,True,False,False,,,2862.0,,8.83,211.0,False,138,123,Q4,Q3
LRM,100925,train,nl,Uncertain,Uncertain,True,False,,,3994.0,,7.9,132.0,False,55,158,Q2,Q4
LRM,100927,train,nl,False,False,False,True,,,2612.0,,9.14,198.0,False,97,146,Q4,Q4
LRM,100932,train,nl,False,False,False,True,,,1468.0,,11.94,141.0,False,66,107,Q3,Q3
LRM,100934,train,nl,Uncertain,Uncertain,False,False,,,3045.0,,8.89,111.0,False,42,90,Q1,Q2
LRM,100949,train,nl,Uncertain,Uncertain,False,False,,,1814.0,,10.48,140.0,False,58,63,Q2,Q1
LRM,100950,train,nl,True,True,True,True,,,900.0,,12.66,142.0,False,60,66,Q2,Q1
LRM,100951,train,nl,False,False,False,True,,,1049.0,,12.49,95.0,False,16,22,Q1,Q1
LRM,100955,train,nl,Uncertain,Uncertain,False,False,,,3276.0,,8.55,115.0,False,44,75,Q1,Q1
LRM,100957,train,nl,True,True,True,True,,,1748.0,,10.83,115.0,False,43,76,Q1,Q2
LRM,100958,train,nl,False,False,False,True,,,3307.0,,8.5,117.0,False,45,82,Q1,Q2
LRM,100959,train,nl,False,False,False,True,,,2601.0,,9.43,117.0,False,45,80,Q1,Q2
LRM,100964,train,nl,Uncertain,Uncertain,False,False,,,1217.0,,11.95,131.0,False,43,58,Q1,Q1
LRM,100966,train,nl,Uncertain,Uncertain,Uncertain,True,,,758.0,,13.8,143.0,False,59,63,Q2,Q1
LRM,100967,train,nl,Uncertain,Uncertain,False,False,,,1064.0,,12.53,150.0,False,62,63,Q2,Q1
LRM,100970,train,nl,True,True,False,False,,,2038.0,,9.97,176.0,False,80,95,Q3,Q2
LRM,100973,train,nl,Uncertain,Uncertain,Uncertain,True,,,3539.0,,8.23,200.0,False,114,186,Q4,Q4
LRM,100978,train,nl,True,True,True,True,,,878.0,,13.09,122.0,False,54,49,Q2,Q1
LRM,100980,train,nl,False,False,False,True,,,1999.0,,10.31,126.0,False,58,50,Q2,Q1
LRM,100982,train,nl,True,True,True,True,,,1219.0,,12.51,151.0,False,72,168,Q3,Q4
LRM,100984,train,nl,True,True,True,True,,,1879.0,,10.62,145.0,False,65,112,Q3,Q3
LRM,100986,train,nl,True,True,False,False,,,2416.0,,9.64,150.0,False,70,112,Q3,Q3
LRM,100993,train,nl,Uncertain,Uncertain,Uncertain,True,,,1851.0,,10.65,110.0,False,41,84,Q1,Q2
LRM,100994,train,nl,False,False,False,True,,,1931.0,,10.49,116.0,False,47,91,Q2,Q2
LRM,100999,train,nl,False,False,False,True,,,2118.0,,10.17,126.0,False,52,99,Q2,Q2
LRM,16,validation,nl,Uncertain,Uncertain,False,False,,,2632.0,,9.2,150.0,False,68,106,Q3,Q3
LRM,26,validation,nl,Uncertain,Uncertain,False,False,,,1411.0,,11.72,158.0,False,72,91,Q3,Q2
LRM,27,validation,nl,Uncertain,Uncertain,True,False,,,5742.0,,6.42,145.0,False,59,98,Q2,Q2
LRM,28,validation,nl,True,True,Uncertain,False,,,5469.0,,6.6,149.0,False,63,107,Q2,Q3
LRM,57,validation,nl,False,False,False,True,,,7423.0,,5.55,175.0,False,83,203,Q3,Q4
LRM,75,validation,nl,Uncertain,Uncertain,False,False,,,5885.0,,6.24,251.0,False,162,181,Q4,Q4
LRM,85,validation,nl,Uncertain,Uncertain,False,False,,,6495.0,,6.01,157.0,False,81,130,Q3,Q3
LRM,122,validation,nl,False,False,False,True,,,6341.0,,6.11,146.0,False,62,167,Q2,Q4
LRM,135,validation,nl,Uncertain,Uncertain,False,False,,,1380.0,,11.6,98.0,False,22,57,Q1,Q1
LRM,141,validation,nl,True,True,False,False,,,7262.0,,5.54,230.0,False,132,171,Q4,Q4
LRM,142,validation,nl,True,True,True,True,,,5604.0,,6.61,125.0,False,49,185,Q2,Q4
LRM,152,validation,nl,Uncertain,Uncertain,Uncertain,True,,,7261.0,,5.65,123.0,False,46,162,Q1,Q4
LRM,196,validation,nl,False,False,False,True,,,6382.0,,6.1,144.0,False,59,249,Q2,Q4
LRM,100249,train,nl,Uncertain,Uncertain,False,False,,,1180.0,,12.15,132.0,False,52,59,Q2,Q1
LRM,100429,train,nl,Uncertain,Uncertain,True,False,,,6596.0,,5.88,260.0,False,176,277,Q4,Q4
LRM,100452,train,nl,True,True,True,True,,,7244.0,,5.68,202.0,False,105,433,Q4,Q4
LRM,100527,train,nl,Uncertain,Uncertain,False,False,,,1241.0,,11.9,81.0,False,17,26,Q1,Q1
LRM,100567,train,nl,Uncertain,Uncertain,False,False,,,914.0,,12.9,119.0,False,38,42,Q1,Q1
LRM,100597,train,nl,False,False,False,True,,,2388.0,,9.62,138.0,False,56,74,Q2,Q1
LRM,0,validation,shuffled,Uncertain,Uncertain,False,False,,,4863.0,,6.78,302.0,False,149,211,Q4,Q4
LRM,1,validation,shuffled,True,True,False,False,,,8054.0,,5.1,359.0,False,205,259,Q4,Q4
LRM,2,validation,shuffled,False,False,False,True,,,8556.0,,4.89,357.0,False,189,252,Q4,Q4
LRM,3,validation,shuffled,Uncertain,Uncertain,Uncertain,True,,,5817.0,,6.3,207.0,False,90,163,Q4,Q4
LRM,4,validation,shuffled,Uncertain,Uncertain,Uncertain,True,,,6379.0,,5.98,208.0,False,92,164,Q4,Q4
LRM,5,validation,shuffled,True,True,True,True,,,3898.0,,7.7,211.0,False,137,169,Q4,Q4
LRM,6,validation,shuffled,True,True,True,True,,,1199.0,,11.54,190.0,False,46,120,Q1,Q3
LRM,7,validation,shuffled,Uncertain,Uncertain,False,False,,,4339.0,,7.35,197.0,False,47,128,Q2,Q3
LRM,8,validation,shuffled,Uncertain,Uncertain,False,False,,,2327.0,,9.54,204.0,False,47,127,Q2,Q3
LRM,9,validation,shuffled,True,True,True,True,,,733.0,,12.68,177.0,False,71,81,Q3,Q2
LRM,10,validation,shuffled,False,False,False,True,,,942.0,,12.15,175.0,False,71,81,Q3,Q2
LRM,11,validation,shuffled,Uncertain,Uncertain,False,False,,,1272.0,,11.47,175.0,False,70,81,Q3,Q2
LRM,12,validation,shuffled,True,True,True,True,,,1667.0,,10.77,172.0,False,62,109,Q2,Q3
LRM,13,validation,shuffled,Uncertain,Uncertain,False,False,,,1972.0,,10.16,184.0,False,62,125,Q2,Q3
LRM,14,validation,shuffled,False,False,False,True,,,1530.0,,11.03,173.0,False,63,110,Q2,Q3
LRM,15,validation,shuffled,True,True,True,True,,,977.0,,12.47,92.0,False,13,39,Q1,Q1
LRM,17,validation,shuffled,Uncertain,Uncertain,True,False,,,1569.0,,10.83,183.0,False,69,107,Q3,Q3
LRM,18,validation,shuffled,True,True,True,True,,,1469.0,,11.05,189.0,False,70,111,Q3,Q3
LRM,19,validation,shuffled,True,True,True,True,,,3101.0,,8.51,206.0,False,81,124,Q3,Q3
LRM,20,validation,shuffled,False,False,False,True,,,2693.0,,9.02,204.0,False,76,121,Q3,Q3
LRM,21,validation,shuffled,True,True,True,True,,,975.0,,12.36,169.0,False,60,100,Q2,Q2
LRM,22,validation,shuffled,False,False,False,True,,,1390.0,,11.37,163.0,False,57,96,Q2,Q2
LRM,23,validation,shuffled,Uncertain,Uncertain,False,False,,,2494.0,,9.35,169.0,False,60,100,Q2,Q2
LRM,24,validation,shuffled,True,True,True,True,,,921.0,,12.24,221.0,False,76,100,Q3,Q2
LRM,25,validation,shuffled,Uncertain,Uncertain,False,False,,,1073.0,,12.08,208.0,False,71,93,Q3,Q2
LRM,29,validation,shuffled,False,False,False,True,,,3551.0,,8.09,177.0,False,66,106,Q3,Q3
LRM,30,validation,shuffled,Uncertain,Uncertain,False,False,,,5507.0,,6.41,273.0,False,99,210,Q4,Q4
LRM,31,validation,shuffled,True,True,True,True,,,2870.0,,8.68,269.0,False,99,207,Q4,Q4
LRM,32,validation,shuffled,False,False,False,True,,,4743.0,,6.93,270.0,False,101,208,Q4,Q4
LRM,33,validation,shuffled,True,True,True,True,,,890.0,,12.63,138.0,False,37,51,Q1,Q1
LRM,34,validation,shuffled,Uncertain,Uncertain,Uncertain,True,,,2722.0,,9.15,128.0,False,36,42,Q1,Q1
LRM,35,validation,shuffled,False,False,False,True,,,1598.0,,10.94,146.0,False,44,61,Q1,Q1
LRM,36,validation,shuffled,True,True,True,True,,,1186.0,,11.71,154.0,False,43,78,Q1,Q1
LRM,37,validation,shuffled,True,True,True,True,,,1127.0,,11.84,171.0,False,44,96,Q1,Q2
LRM,38,validation,shuffled,False,False,False,True,,,1236.0,,11.53,156.0,False,44,79,Q1,Q2
LRM,39,validation,shuffled,Uncertain,Uncertain,True,False,,,2957.0,,8.6,252.0,False,86,184,Q3,Q4
LRM,40,validation,shuffled,True,True,True,True,,,6323.0,,5.97,257.0,False,86,189,Q3,Q4
LRM,41,validation,shuffled,False,False,Uncertain,False,,,7908.0,,5.23,258.0,False,87,191,Q4,Q4
LRM,42,validation,shuffled,True,True,True,True,,,3510.0,,7.87,349.0,False,121,204,Q4,Q4
LRM,43,validation,shuffled,Uncertain,Uncertain,True,False,,,2541.0,,8.88,361.0,False,119,212,Q4,Q4
LRM,44,validation,shuffled,False,False,Uncertain,False,,,4302.0,,7.19,378.0,False,138,223,Q4,Q4
LRM,45,validation,shuffled,Uncertain,Uncertain,False,False,,,2086.0,,10.16,94.0,False,12,41,Q1,Q1
LRM,46,validation,shuffled,True,True,True,True,,,1614.0,,10.58,244.0,False,52,190,Q2,Q4
LRM,47,validation,shuffled,Uncertain,Uncertain,False,False,,,6790.0,,5.78,244.0,False,52,190,Q2,Q4
LRM,48,validation,shuffled,Uncertain,Uncertain,Uncertain,True,,,4479.0,,7.33,132.0,False,44,64,Q1,Q1
LRM,49,validation,shuffled,False,False,False,True,,,2073.0,,10.07,131.0,False,45,64,Q1,Q1
LRM,50,validation,shuffled,True,True,True,True,,,1339.0,,11.47,132.0,False,46,65,Q1,Q1
LRM,51,validation,shuffled,False,False,False,True,,,2317.0,,9.58,165.0,False,47,102,Q2,Q2
LRM,52,validation,shuffled,Uncertain,Uncertain,False,False,,,2510.0,,9.39,165.0,False,47,102,Q2,Q2
LRM,53,validation,shuffled,True,True,True,True,,,1215.0,,11.74,165.0,False,47,102,Q2,Q2
LRM,54,validation,shuffled,True,True,True,True,,,3166.0,,8.6,123.0,False,32,47,Q1,Q1
LRM,55,validation,shuffled,False,False,False,True,,,2295.0,,9.74,129.0,False,32,49,Q1,Q1
LRM,56,validation,shuffled,Uncertain,Uncertain,False,False,,,2444.0,,9.52,123.0,False,31,47,Q1,Q1
LRM,58,validation,shuffled,Uncertain,Uncertain,False,False,,,5270.0,,6.54,299.0,False,83,213,Q3,Q4
LRM,59,validation,shuffled,True,True,True,True,,,2346.0,,9.53,285.0,False,82,197,Q3,Q4
LRM,60,validation,shuffled,Uncertain,Uncertain,False,False,,,2504.0,,9.37,159.0,False,63,87,Q2,Q2
LRM,61,validation,shuffled,Uncertain,Uncertain,False,False,,,5175.0,,6.77,159.0,False,63,87,Q2,Q2
LRM,62,validation,shuffled,Uncertain,Uncertain,False,False,,,2308.0,,9.7,124.0,False,29,61,Q1,Q1
LRM,63,validation,shuffled,False,False,False,True,,,2945.0,,8.82,133.0,False,33,66,Q1,Q1
LRM,64,validation,shuffled,True,True,True,True,,,2029.0,,10.11,134.0,False,38,67,Q1,Q1
LRM,65,validation,shuffled,True,True,True,True,,,1194.0,,11.38,238.0,False,76,125,Q3,Q3
LRM,66,validation,shuffled,Uncertain,Uncertain,False,False,,,1023.0,,11.94,233.0,False,77,116,Q3,Q3
LRM,67,validation,shuffled,True,True,True,True,,,1811.0,,11.08,234.0,False,74,121,Q3,Q3
LRM,68,validation,shuffled,True,True,False,False,,,1713.0,,10.66,183.0,False,54,81,Q2,Q2
LRM,69,validation,shuffled,False,False,False,True,,,1476.0,,10.98,198.0,False,53,95,Q2,Q2
LRM,70,validation,shuffled,Uncertain,Uncertain,True,False,,,2229.0,,9.81,148.0,False,56,71,Q2,Q1
LRM,71,validation,shuffled,False,False,True,False,,,1691.0,,10.7,150.0,False,60,72,Q2,Q1
LRM,72,validation,shuffled,True,True,True,True,,,4122.0,,7.56,190.0,False,78,94,Q3,Q2
LRM,73,validation,shuffled,True,True,True,True,,,1006.0,,12.19,176.0,False,64,103,Q3,Q2
LRM,74,validation,shuffled,False,False,Uncertain,False,,,3208.0,,8.45,179.0,False,62,103,Q2,Q2
LRM,76,validation,shuffled,True,True,True,True,,,6521.0,,5.79,327.0,False,180,202,Q4,Q4
LRM,77,validation,shuffled,False,False,True,False,,,5708.0,,6.24,327.0,False,186,201,Q4,Q4
LRM,78,validation,shuffled,False,False,False,True,,,2912.0,,8.84,173.0,False,43,86,Q1,Q2
LRM,79,validation,shuffled,True,True,True,True,,,2947.0,,8.74,175.0,False,44,89,Q1,Q2
LRM,80,validation,shuffled,Uncertain,Uncertain,False,False,,,4857.0,,6.99,163.0,False,41,79,Q1,Q2
LRM,81,validation,shuffled,True,True,True,True,,,2723.0,,9.0,186.0,False,47,95,Q2,Q2
LRM,82,validation,shuffled,False,False,False,True,,,3082.0,,8.56,183.0,False,45,91,Q1,Q2
LRM,83,validation,shuffled,False,False,False,True,,,7304.0,,5.48,265.0,False,100,159,Q4,Q3
LRM,84,validation,shuffled,True,True,Uncertain,False,,,8253.0,,5.11,240.0,False,87,148,Q4,Q3
LRM,86,validation,shuffled,True,True,True,True,,,1662.0,,10.39,242.0,False,94,146,Q4,Q3
LRM,87,validation,shuffled,True,True,True,True,,,1153.0,,11.94,126.0,False,33,66,Q1,Q1
LRM,88,validation,shuffled,True,True,True,True,,,1023.0,,12.26,124.0,False,35,64,Q1,Q1
LRM,89,validation,shuffled,Uncertain,Uncertain,False,False,,,1616.0,,10.84,131.0,False,36,73,Q1,Q1
LRM,90,validation,shuffled,True,True,True,True,,,887.0,,12.69,123.0,False,62,52,Q2,Q1
LRM,91,validation,shuffled,False,False,False,True,,,1258.0,,11.7,123.0,False,62,52,Q2,Q1
LRM,92,validation,shuffled,False,False,False,True,,,6267.0,,5.95,285.0,False,116,190,Q4,Q4
LRM,93,validation,shuffled,Uncertain,Uncertain,False,False,,,6093.0,,6.05,288.0,False,121,192,Q4,Q4
LRM,94,validation,shuffled,True,True,True,True,,,1028.0,,11.68,304.0,False,119,208,Q4,Q4
LRM,95,validation,shuffled,Uncertain,Uncertain,True,False,,,3531.0,,8.13,155.0,False,54,79,Q2,Q2
LRM,96,validation,shuffled,False,False,False,True,,,2420.0,,9.44,165.0,False,59,84,Q2,Q2
LRM,97,validation,shuffled,True,True,False,False,,,2918.0,,8.79,176.0,False,67,89,Q3,Q2
LRM,98,validation,shuffled,Uncertain,Uncertain,False,False,,,1717.0,,10.55,166.0,False,41,101,Q1,Q2
LRM,99,validation,shuffled,True,True,True,True,,,1208.0,,11.67,173.0,False,44,106,Q1,Q3
LRM,100,validation,shuffled,False,False,True,False,,,3451.0,,8.15,191.0,False,69,123,Q3,Q3
LRM,101,validation,shuffled,Uncertain,Uncertain,True,False,,,4689.0,,7.08,197.0,False,129,128,Q4,Q3
LRM,102,validation,shuffled,False,False,Uncertain,False,,,4156.0,,7.51,197.0,False,122,126,Q4,Q3
LRM,103,validation,shuffled,True,True,True,True,,,3551.0,,8.03,210.0,False,130,138,Q4,Q3
LRM,104,validation,shuffled,True,True,True,True,,,1220.0,,11.82,180.0,False,75,89,Q3,Q2
LRM,105,validation,shuffled,True,True,True,True,,,2692.0,,9.12,184.0,False,79,95,Q3,Q2
LRM,106,validation,shuffled,False,False,False,True,,,2715.0,,8.97,194.0,False,83,105,Q3,Q2
LRM,107,validation,shuffled,Uncertain,Uncertain,Uncertain,True,,,4558.0,,7.15,223.0,False,111,140,Q4,Q3
LRM,108,validation,shuffled,False,False,False,True,,,8456.0,,5.03,250.0,False,134,167,Q4,Q4
LRM,109,validation,shuffled,True,True,Uncertain,False,,,7925.0,,5.23,252.0,False,159,170,Q4,Q4
LRM,110,validation,shuffled,Uncertain,Uncertain,False,False,,,1463.0,,11.29,145.0,False,18,79,Q1,Q2
LRM,111,validation,shuffled,True,True,True,True,,,1387.0,,11.36,200.0,False,53,99,Q2,Q2
LRM,112,validation,shuffled,Uncertain,Uncertain,False,False,,,3046.0,,8.64,199.0,False,52,99,Q2,Q2
LRM,113,validation,shuffled,False,False,True,False,,,3119.0,,8.51,204.0,False,57,102,Q2,Q2
LRM,114,validation,shuffled,False,False,Uncertain,False,,,4135.0,,7.47,219.0,False,102,158,Q4,Q3
LRM,115,validation,shuffled,True,True,True,True,,,951.0,,12.11,203.0,False,98,139,Q4,Q3
LRM,116,validation,shuffled,Uncertain,Uncertain,False,False,,,5342.0,,6.6,204.0,False,98,141,Q4,Q3
LRM,117,validation,shuffled,Uncertain,Uncertain,False,False,,,2186.0,,9.83,210.0,False,76,97,Q3,Q2
LRM,118,validation,shuffled,True,True,True,True,,,1124.0,,11.91,223.0,False,81,111,Q3,Q3
LRM,119,validation,shuffled,False,False,False,True,,,1757.0,,10.53,201.0,False,74,87,Q3,Q2
LRM,120,validation,shuffled,Uncertain,Uncertain,False,False,,,2167.0,,10.03,90.0,False,11,39,Q1,Q1
LRM,121,validation,shuffled,Uncertain,Uncertain,True,False,,,8969.0,,4.75,224.0,False,63,162,Q2,Q4
LRM,123,validation,shuffled,True,True,True,True,,,6234.0,,6.04,232.0,False,63,170,Q2,Q4
LRM,124,validation,shuffled,Uncertain,Uncertain,False,False,,,3233.0,,8.35,211.0,False,63,153,Q2,Q3
LRM,125,validation,shuffled,True,True,True,True,,,1889.0,,10.01,239.0,False,62,185,Q2,Q4
LRM,126,validation,shuffled,False,False,False,True,,,3653.0,,7.86,241.0,False,64,188,Q3,Q4
LRM,127,validation,shuffled,False,False,False,True,,,3686.0,,7.77,338.0,False,87,269,Q4,Q4
LRM,128,validation,shuffled,True,True,True,True,,,4764.0,,6.84,339.0,False,89,270,Q4,Q4
LRM,129,validation,shuffled,Uncertain,Uncertain,False,False,,,4053.0,,7.44,336.0,False,85,267,Q3,Q4
LRM,130,validation,shuffled,True,True,False,False,,,4482.0,,7.0,390.0,False,96,318,Q4,Q4
LRM,131,validation,shuffled,True,True,True,True,,,785.0,,12.71,138.0,False,19,69,Q1,Q1
LRM,132,validation,shuffled,Uncertain,Uncertain,False,False,,,1686.0,,10.97,127.0,False,16,59,Q1,Q1
LRM,133,validation,shuffled,Uncertain,Uncertain,False,False,,,2080.0,,10.03,126.0,False,16,59,Q1,Q1
LRM,134,validation,shuffled,True,True,True,True,,,794.0,,12.9,117.0,False,20,57,Q1,Q1
LRM,136,validation,shuffled,False,False,False,True,,,1008.0,,12.18,126.0,False,26,66,Q1,Q1
LRM,137,validation,shuffled,True,True,True,True,,,1502.0,,10.94,216.0,False,67,109,Q3,Q3
LRM,138,validation,shuffled,False,False,False,True,,,1331.0,,11.3,217.0,False,67,109,Q3,Q3
LRM,139,validation,shuffled,Uncertain,Uncertain,Uncertain,True,,,2896.0,,8.71,243.0,False,104,154,Q4,Q3
LRM,140,validation,shuffled,False,False,False,True,,,4430.0,,7.17,265.0,False,114,168,Q4,Q4
LRM,143,validation,shuffled,Uncertain,Uncertain,False,False,,,2420.0,,9.32,225.0,False,46,164,Q1,Q4
LRM,144,validation,shuffled,Uncertain,Uncertain,False,False,,,2657.0,,9.04,225.0,False,86,114,Q3,Q3
LRM,145,validation,shuffled,Uncertain,Uncertain,Uncertain,True,,,3146.0,,8.44,227.0,False,87,117,Q4,Q3
LRM,146,validation,shuffled,True,True,True,True,,,2415.0,,9.31,242.0,False,96,118,Q4,Q3
LRM,147,validation,shuffled,True,True,True,True,,,2075.0,,9.82,241.0,False,97,118,Q4,Q3
LRM,148,validation,shuffled,False,False,True,False,,,2526.0,,9.15,244.0,False,105,118,Q4,Q3
LRM,149,validation,shuffled,True,True,True,True,,,975.0,,12.35,178.0,False,56,74,Q2,Q1
LRM,150,validation,shuffled,Uncertain,Uncertain,False,False,,,1030.0,,12.21,173.0,False,58,69,Q2,Q1
LRM,151,validation,shuffled,Uncertain,Uncertain,False,False,,,1079.0,,12.14,171.0,False,57,69,Q2,Q1
LRM,153,validation,shuffled,False,False,False,True,,,4792.0,,6.97,217.0,False,50,167,Q2,Q4
LRM,154,validation,shuffled,True,True,True,True,,,8039.0,,5.18,256.0,False,63,208,Q2,Q4
LRM,155,validation,shuffled,Uncertain,Uncertain,Uncertain,True,,,1189.0,,11.87,107.0,False,11,58,Q1,Q1
LRM,156,validation,shuffled,False,False,False,True,,,3433.0,,8.07,247.0,False,107,190,Q4,Q4
LRM,157,validation,shuffled,True,True,True,True,,,3199.0,,8.31,248.0,False,109,191,Q4,Q4
LRM,158,validation,shuffled,True,True,True,True,,,4724.0,,6.96,256.0,False,113,198,Q4,Q4
LRM,159,validation,shuffled,Uncertain,Uncertain,True,False,,,3043.0,,8.57,232.0,False,103,174,Q4,Q4
LRM,160,validation,shuffled,True,True,True,True,,,1795.0,,10.56,133.0,False,41,50,Q1,Q1
LRM,161,validation,shuffled,Uncertain,Uncertain,True,False,,,4607.0,,7.25,126.0,False,37,45,Q1,Q1
LRM,162,validation,shuffled,False,False,False,True,,,1098.0,,12.13,106.0,False,10,59,Q1,Q1
LRM,163,validation,shuffled,Uncertain,Uncertain,False,False,,,2149.0,,9.82,185.0,False,70,100,Q3,Q2
LRM,164,validation,shuffled,False,False,False,True,,,5580.0,,6.44,203.0,False,79,121,Q3,Q3
LRM,165,validation,shuffled,True,True,False,False,,,6386.0,,5.98,203.0,False,78,123,Q3,Q3
LRM,166,validation,shuffled,True,True,True,True,,,928.0,,12.66,122.0,False,28,31,Q1,Q1
LRM,167,validation,shuffled,True,True,True,True,,,1161.0,,12.04,136.0,False,35,49,Q1,Q1
LRM,168,validation,shuffled,False,False,False,True,,,1166.0,,12.08,123.0,False,28,38,Q1,Q1
LRM,169,validation,shuffled,Uncertain,Uncertain,False,False,,,6873.0,,5.75,194.0,False,63,88,Q2,Q2
LRM,170,validation,shuffled,True,True,Uncertain,False,,,2913.0,,8.67,235.0,False,86,108,Q3,Q3
LRM,171,validation,shuffled,False,False,False,True,,,5921.0,,6.22,221.0,False,82,100,Q3,Q2
LRM,172,validation,shuffled,Uncertain,Uncertain,Uncertain,True,,,4092.0,,7.52,222.0,False,97,127,Q4,Q3
LRM,173,validation,shuffled,False,False,False,True,,,2556.0,,9.17,221.0,False,102,127,Q4,Q3
LRM,174,validation,shuffled,True,True,True,True,,,6115.0,,6.1,236.0,False,113,138,Q4,Q3
LRM,175,validation,shuffled,Uncertain,Uncertain,Uncertain,True,,,1055.0,,12.21,91.0,False,32,18,Q1,Q1
LRM,176,validation,shuffled,False,False,False,True,,,740.0,,12.98,94.0,False,34,19,Q1,Q1
LRM,177,validation,shuffled,True,True,True,True,,,675.0,,13.16,105.0,False,38,29,Q1,Q1
LRM,178,validation,shuffled,False,False,False,True,,,3098.0,,8.69,163.0,False,11,123,Q1,Q3
LRM,179,validation,shuffled,False,False,False,True,,,1253.0,,11.72,104.0,False,25,37,Q1,Q1
LRM,180,validation,shuffled,False,False,False,True,,,1683.0,,10.84,104.0,False,25,37,Q1,Q1
LRM,181,validation,shuffled,Uncertain,Uncertain,False,False,,,1796.0,,10.56,130.0,False,38,69,Q1,Q1
LRM,182,validation,shuffled,True,True,True,True,,,1755.0,,10.61,140.0,False,44,79,Q1,Q2
LRM,183,validation,shuffled,False,False,False,True,,,4924.0,,6.95,155.0,False,56,92,Q2,Q2
LRM,184,validation,shuffled,True,True,True,True,,,1010.0,,12.28,207.0,False,77,120,Q3,Q3
LRM,185,validation,shuffled,False,False,False,True,,,1089.0,,11.79,208.0,False,76,120,Q3,Q3
LRM,186,validation,shuffled,Uncertain,Uncertain,False,False,,,1252.0,,11.33,209.0,False,77,122,Q3,Q3
LRM,187,validation,shuffled,Uncertain,Uncertain,Uncertain,True,,,3032.0,,8.72,145.0,False,50,80,Q2,Q2
LRM,188,validation,shuffled,True,True,True,True,,,1869.0,,10.35,158.0,False,53,93,Q2,Q2
LRM,189,validation,shuffled,False,False,False,True,,,2051.0,,10.06,156.0,False,52,90,Q2,Q2
LRM,190,validation,shuffled,False,False,False,True,,,3055.0,,8.65,166.0,False,62,98,Q2,Q2
LRM,191,validation,shuffled,False,False,False,True,,,2641.0,,9.13,170.0,False,61,105,Q2,Q2
LRM,192,validation,shuffled,False,False,False,True,,,1553.0,,11.17,92.0,False,16,44,Q1,Q1
LRM,193,validation,shuffled,False,False,False,True,,,2373.0,,9.56,193.0,False,78,85,Q3,Q2
LRM,194,validation,shuffled,Uncertain,Uncertain,False,False,,,2999.0,,8.69,183.0,False,82,80,Q3,Q2
LRM,195,validation,shuffled,Uncertain,Uncertain,True,False,,,4602.0,,7.02,278.0,False,57,244,Q2,Q4
LRM,197,validation,shuffled,True,True,False,False,,,7306.0,,5.46,283.0,False,64,251,Q3,Q4
LRM,198,validation,shuffled,False,False,False,True,,,1139.0,,12.09,167.0,False,50,69,Q2,Q1
LRM,199,validation,shuffled,False,False,False,True,,,1214.0,,11.53,170.0,False,52,69,Q2,Q1
LRM,200,validation,shuffled,False,False,False,True,,,1058.0,,11.87,169.0,False,52,69,Q2,Q1
LRM,201,validation,shuffled,Uncertain,Uncertain,False,False,,,833.0,,12.81,163.0,False,48,59,Q2,Q1
LRM,202,validation,shuffled,Uncertain,Uncertain,True,False,,,851.0,,12.64,170.0,False,52,68,Q2,Q1
LRM,100000,train,shuffled,True,True,False,False,,,5172.0,,6.75,181.0,False,106,102,Q4,Q2
LRM,100001,train,shuffled,True,True,Uncertain,False,,,5534.0,,6.51,180.0,False,107,100,Q4,Q2
LRM,100003,train,shuffled,True,True,True,True,,,5069.0,,6.79,207.0,False,138,117,Q4,Q3
LRM,100005,train,shuffled,True,True,True,True,,,1221.0,,11.69,194.0,False,46,103,Q1,Q2
LRM,100008,train,shuffled,False,False,False,True,,,4868.0,,6.96,174.0,False,59,106,Q2,Q3
LRM,100009,train,shuffled,True,True,True,True,,,2118.0,,9.81,183.0,False,62,111,Q2,Q3
LRM,100024,train,shuffled,False,False,False,True,,,4069.0,,7.56,218.0,False,85,110,Q3,Q3
LRM,100025,train,shuffled,True,True,True,True,,,770.0,,13.09,123.0,False,36,41,Q1,Q1
LRM,100028,train,shuffled,Uncertain,Uncertain,False,False,,,1061.0,,12.35,123.0,False,37,41,Q1,Q1
LRM,100036,train,shuffled,False,False,False,True,,,4335.0,,7.31,222.0,False,71,141,Q3,Q3
LRM,100039,train,shuffled,False,False,True,False,,,5101.0,,6.72,249.0,False,92,160,Q4,Q4
LRM,100040,train,shuffled,Uncertain,Uncertain,True,False,,,7183.0,,5.55,247.0,False,78,149,Q3,Q4
LRM,100042,train,shuffled,False,False,False,True,,,5193.0,,6.57,304.0,False,108,182,Q4,Q4
LRM,100045,train,shuffled,Uncertain,Uncertain,False,False,,,3999.0,,7.67,187.0,False,64,136,Q3,Q3
LRM,100047,train,shuffled,True,True,False,False,,,4121.0,,7.42,272.0,False,101,205,Q4,Q4
LRM,100051,train,shuffled,False,False,False,True,,,897.0,,12.68,116.0,False,30,39,Q1,Q1
LRM,100052,train,shuffled,True,True,True,True,,,679.0,,13.29,115.0,False,30,38,Q1,Q1
LRM,100070,train,shuffled,True,True,True,True,,,2473.0,,9.38,165.0,False,68,101,Q3,Q2
LRM,100071,train,shuffled,False,False,False,True,,,4721.0,,7.07,178.0,False,79,115,Q3,Q3
LRM,100074,train,shuffled,Uncertain,Uncertain,False,False,,,1577.0,,11.09,110.0,False,21,44,Q1,Q1
LRM,100075,train,shuffled,Uncertain,Uncertain,False,False,,,4962.0,,6.86,211.0,False,82,154,Q3,Q4
LRM,100077,train,shuffled,False,False,Uncertain,False,,,4385.0,,7.29,218.0,False,86,161,Q3,Q4
LRM,100083,train,shuffled,False,False,False,True,,,4453.0,,7.1,321.0,False,107,257,Q4,Q4
LRM,100086,train,shuffled,Uncertain,Uncertain,False,False,,,3659.0,,7.89,330.0,False,110,175,Q4,Q4
LRM,100094,train,shuffled,Uncertain,Uncertain,Uncertain,True,,,2669.0,,9.2,134.0,False,17,81,Q1,Q2
LRM,100095,train,shuffled,False,False,False,True,,,4374.0,,7.39,147.0,False,50,75,Q2,Q1
LRM,100102,train,shuffled,False,False,False,True,,,2362.0,,9.41,213.0,False,82,125,Q3,Q3
LRM,100105,train,shuffled,False,False,False,True,,,819.0,,12.78,120.0,False,50,71,Q2,Q1
LRM,100106,train,shuffled,True,True,True,True,,,740.0,,12.79,121.0,False,49,71,Q2,Q1
LRM,100109,train,shuffled,False,False,False,True,,,5158.0,,6.58,338.0,False,204,218,Q4,Q4
LRM,100110,train,shuffled,True,True,True,True,,,3757.0,,7.63,356.0,False,215,232,Q4,Q4
LRM,100111,train,shuffled,Uncertain,Uncertain,False,False,,,792.0,,12.93,162.0,False,47,54,Q2,Q1
LRM,100114,train,shuffled,False,False,False,True,,,6222.0,,6.11,171.0,False,55,102,Q2,Q2
LRM,100118,train,shuffled,True,True,False,False,,,3552.0,,7.97,241.0,False,88,159,Q4,Q4
LRM,100124,train,shuffled,Uncertain,Uncertain,False,False,,,2448.0,,9.48,139.0,False,38,81,Q1,Q2
LRM,100127,train,shuffled,True,True,True,True,,,2182.0,,9.88,137.0,False,39,82,Q1,Q2
LRM,100130,train,shuffled,False,False,False,True,,,1475.0,,11.01,156.0,False,64,92,Q3,Q2
LRM,100133,train,shuffled,False,False,False,True,,,3542.0,,8.1,185.0,False,63,110,Q3,Q3
LRM,100134,train,shuffled,True,True,True,True,,,3157.0,,8.49,186.0,False,66,113,Q3,Q3
LRM,100135,train,shuffled,True,True,True,True,,,1126.0,,11.93,151.0,False,34,53,Q1,Q1
LRM,100136,train,shuffled,False,False,False,True,,,2645.0,,9.19,153.0,False,38,56,Q1,Q1
LRM,100137,train,shuffled,Uncertain,Uncertain,True,False,,,2205.0,,9.88,144.0,False,32,44,Q1,Q1
LRM,100150,train,shuffled,True,True,True,True,,,1329.0,,11.41,146.0,False,45,90,Q1,Q2
LRM,100151,train,shuffled,Uncertain,Uncertain,False,False,,,3077.0,,8.67,139.0,False,40,85,Q1,Q2
LRM,100152,train,shuffled,Uncertain,Uncertain,False,False,,,3105.0,,8.52,203.0,False,83,118,Q3,Q3
LRM,100158,train,shuffled,True,True,False,False,,,3736.0,,7.86,224.0,False,102,136,Q4,Q3
LRM,100159,train,shuffled,False,False,True,False,,,3383.0,,8.21,223.0,False,100,135,Q4,Q3
LRM,100161,train,shuffled,True,True,True,True,,,3428.0,,8.16,224.0,False,109,136,Q4,Q3
LRM,100163,train,shuffled,Uncertain,Uncertain,False,False,,,4492.0,,7.17,243.0,False,118,150,Q4,Q4
LRM,100165,train,shuffled,Uncertain,Uncertain,False,False,,,2474.0,,9.56,124.0,False,11,78,Q1,Q2
LRM,100166,train,shuffled,True,True,True,True,,,2451.0,,9.38,208.0,False,82,123,Q3,Q3
LRM,100173,train,shuffled,Uncertain,Uncertain,False,False,,,4162.0,,7.49,194.0,False,63,121,Q3,Q3
LRM,100178,train,shuffled,Uncertain,Uncertain,False,False,,,1635.0,,10.75,219.0,False,53,138,Q2,Q3
LRM,100180,train,shuffled,True,True,True,True,,,1391.0,,11.24,229.0,False,54,154,Q2,Q4
LRM,100181,train,shuffled,Uncertain,Uncertain,False,False,,,7179.0,,5.58,231.0,False,72,156,Q3,Q4
LRM,100182,train,shuffled,False,False,False,True,,,7341.0,,5.51,232.0,False,73,156,Q3,Q4
LRM,100183,train,shuffled,True,True,True,True,,,6313.0,,5.99,233.0,False,74,157,Q3,Q4
LRM,100194,train,shuffled,True,True,True,True,,,841.0,,13.47,176.0,False,58,78,Q2,Q2
LRM,100196,train,shuffled,True,True,True,True,,,1013.0,,12.29,212.0,False,106,74,Q4,Q1
LRM,100197,train,shuffled,True,True,True,True,,,985.0,,12.27,138.0,False,27,61,Q1,Q1
LRM,100199,train,shuffled,Uncertain,Uncertain,False,False,,,1065.0,,12.85,125.0,False,24,45,Q1,Q1
LRM,100201,train,shuffled,False,False,False,True,,,2964.0,,8.59,267.0,False,138,161,Q4,Q4
LRM,100203,train,shuffled,True,True,True,True,,,725.0,,13.17,143.0,False,54,76,Q2,Q2
LRM,100204,train,shuffled,Uncertain,Uncertain,False,False,,,1120.0,,11.92,144.0,False,54,78,Q2,Q2
LRM,100208,train,shuffled,True,True,True,True,,,3312.0,,8.12,303.0,False,150,168,Q4,Q4
LRM,100209,train,shuffled,Uncertain,Uncertain,False,False,,,3904.0,,7.72,195.0,False,63,136,Q3,Q3
LRM,100215,train,shuffled,False,False,False,True,,,5593.0,,6.36,278.0,False,124,231,Q4,Q4
LRM,100218,train,shuffled,True,True,False,False,,,4997.0,,6.81,228.0,False,110,132,Q4,Q3
LRM,100224,train,shuffled,False,False,True,False,,,4966.0,,6.94,141.0,False,40,74,Q1,Q1
LRM,100227,train,shuffled,False,False,False,True,,,2035.0,,10.0,208.0,False,72,134,Q3,Q3
LRM,100228,train,shuffled,False,False,False,True,,,2108.0,,9.9,189.0,False,88,100,Q4,Q2
LRM,100230,train,shuffled,Uncertain,Uncertain,False,False,,,4377.0,,7.37,166.0,False,57,89,Q2,Q2
LRM,100233,train,shuffled,False,False,False,True,,,2313.0,,9.63,151.0,False,47,92,Q2,Q2
LRM,100240,train,shuffled,True,True,False,False,,,4978.0,,6.84,207.0,False,90,128,Q4,Q3
LRM,100242,train,shuffled,Uncertain,Uncertain,True,False,,,1552.0,,11.01,142.0,False,33,74,Q1,Q1
LRM,100244,train,shuffled,Uncertain,Uncertain,False,False,,,1289.0,,11.67,135.0,False,34,69,Q1,Q1
LRM,100250,train,shuffled,Uncertain,Uncertain,True,False,,,1670.0,,10.77,159.0,False,51,57,Q2,Q1
LRM,100252,train,shuffled,True,True,True,True,,,1253.0,,11.33,224.0,False,61,96,Q2,Q2
LRM,100254,train,shuffled,Uncertain,Uncertain,True,False,,,1352.0,,11.27,203.0,False,51,71,Q2,Q1
LRM,100255,train,shuffled,True,True,True,True,,,2111.0,,9.97,148.0,False,42,62,Q1,Q1
LRM,100257,train,shuffled,False,False,False,True,,,2420.0,,9.45,187.0,False,62,67,Q2,Q1
LRM,100260,train,shuffled,True,True,True,True,,,1802.0,,10.33,206.0,False,59,138,Q2,Q3
LRM,100267,train,shuffled,False,False,True,False,,,4534.0,,7.03,317.0,False,139,219,Q4,Q4
LRM,100268,train,shuffled,False,False,False,True,,,2443.0,,9.44,165.0,False,80,93,Q3,Q2
LRM,100270,train,shuffled,Uncertain,Uncertain,False,False,,,4033.0,,7.66,166.0,False,80,95,Q3,Q2
LRM,100271,train,shuffled,True,True,True,True,,,1542.0,,10.96,167.0,False,54,93,Q2,Q2
LRM,100273,train,shuffled,False,False,False,True,,,2053.0,,10.09,148.0,False,47,75,Q2,Q1
LRM,100278,train,shuffled,True,True,True,True,,,1696.0,,10.64,155.0,False,47,77,Q2,Q2
LRM,100283,train,shuffled,False,False,False,True,,,2373.0,,9.36,224.0,False,94,113,Q4,Q3
LRM,100285,train,shuffled,Uncertain,Uncertain,Uncertain,True,,,900.0,,12.41,223.0,False,74,88,Q3,Q2
LRM,100288,train,shuffled,True,True,True,True,,,1080.0,,12.03,134.0,False,43,51,Q1,Q1
LRM,100290,train,shuffled,Uncertain,Uncertain,False,False,,,1521.0,,11.19,132.0,False,43,50,Q1,Q1
LRM,100291,train,shuffled,False,False,False,True,,,1739.0,,10.65,143.0,False,43,57,Q1,Q1
LRM,100293,train,shuffled,False,False,False,True,,,1362.0,,11.39,174.0,False,34,106,Q1,Q3
LRM,100302,train,shuffled,False,False,True,False,,,1823.0,,10.45,202.0,False,66,160,Q3,Q4
LRM,100306,train,shuffled,True,True,True,True,,,3435.0,,8.15,218.0,False,97,131,Q4,Q3
LRM,100307,train,shuffled,False,False,False,True,,,3499.0,,8.06,231.0,False,106,138,Q4,Q3
LRM,100308,train,shuffled,True,True,True,True,,,2641.0,,9.05,231.0,False,107,138,Q4,Q3
LRM,100309,train,shuffled,True,True,Uncertain,False,,,4159.0,,7.44,244.0,False,113,149,Q4,Q4
LRM,100311,train,shuffled,True,True,True,True,,,3609.0,,7.99,202.0,False,59,157,Q2,Q4
LRM,100312,train,shuffled,False,False,False,True,,,5116.0,,6.75,203.0,False,59,159,Q2,Q4
LRM,100315,train,shuffled,Uncertain,Uncertain,Uncertain,True,,,1355.0,,11.28,162.0,False,44,86,Q1,Q2
LRM,100316,train,shuffled,True,True,Uncertain,False,,,6992.0,,5.67,211.0,False,82,145,Q3,Q4
LRM,100317,train,shuffled,True,True,True,True,,,1912.0,,10.14,208.0,False,80,143,Q3,Q4
LRM,100321,train,shuffled,Uncertain,Uncertain,Uncertain,True,,,2991.0,,8.58,224.0,False,101,125,Q4,Q3
LRM,100323,train,shuffled,Uncertain,Uncertain,Uncertain,True,,,1760.0,,10.59,146.0,False,28,89,Q1,Q2
LRM,100329,train,shuffled,True,True,True,True,,,1282.0,,11.55,120.0,False,29,40,Q1,Q1
LRM,100334,train,shuffled,True,True,False,False,,,4994.0,,6.85,199.0,False,64,125,Q3,Q3
LRM,100336,train,shuffled,True,True,True,True,,,2389.0,,9.46,198.0,False,66,126,Q3,Q3
LRM,100338,train,shuffled,False,False,False,True,,,4454.0,,7.23,218.0,False,76,143,Q3,Q4
LRM,100339,train,shuffled,True,True,True,True,,,5467.0,,6.5,225.0,False,87,151,Q4,Q4
LRM,100340,train,shuffled,False,False,False,True,,,2958.0,,8.68,218.0,False,70,144,Q3,Q4
LRM,100341,train,shuffled,True,True,False,False,,,4034.0,,7.56,232.0,False,79,154,Q3,Q4
LRM,100343,train,shuffled,False,False,False,True,,,2085.0,,9.98,179.0,False,48,104,Q2,Q2
LRM,100351,train,shuffled,True,True,True,True,,,4379.0,,7.38,152.0,False,61,86,Q2,Q2
LRM,100353,train,shuffled,Uncertain,Uncertain,False,False,,,1987.0,,10.16,171.0,False,58,91,Q2,Q2
LRM,100357,train,shuffled,True,True,True,True,,,1121.0,,12.06,158.0,False,50,85,Q2,Q2
LRM,100358,train,shuffled,Uncertain,Uncertain,False,False,,,3284.0,,8.42,161.0,False,53,86,Q2,Q2
LRM,100359,train,shuffled,False,False,False,True,,,3214.0,,8.45,176.0,False,61,94,Q2,Q2
LRM,100362,train,shuffled,Uncertain,Uncertain,False,False,,,2580.0,,9.33,126.0,False,52,68,Q2,Q1
LRM,100366,train,shuffled,False,False,False,True,,,1281.0,,11.63,136.0,False,47,66,Q2,Q1
LRM,100372,train,shuffled,Uncertain,Uncertain,False,False,,,3149.0,,8.4,254.0,False,126,132,Q4,Q3
LRM,100373,train,shuffled,False,False,Uncertain,False,,,4762.0,,6.93,267.0,False,133,141,Q4,Q3
LRM,100378,train,shuffled,True,True,True,True,,,1182.0,,11.72,171.0,False,38,110,Q1,Q3
LRM,100388,train,shuffled,Uncertain,Uncertain,False,False,,,2346.0,,9.38,259.0,False,81,180,Q3,Q4
LRM,100391,train,shuffled,True,True,False,False,,,4603.0,,7.04,272.0,False,89,191,Q4,Q4
LRM,100393,train,shuffled,False,False,False,True,,,3191.0,,8.56,129.0,False,37,72,Q1,Q1
LRM,100394,train,shuffled,True,True,True,True,,,2277.0,,9.75,130.0,False,38,73,Q1,Q1
LRM,100405,train,shuffled,True,True,True,True,,,1969.0,,10.27,131.0,False,37,59,Q1,Q1
LRM,100408,train,shuffled,False,False,False,True,,,5158.0,,6.77,174.0,False,67,108,Q3,Q3
LRM,100409,train,shuffled,Uncertain,Uncertain,False,False,,,2569.0,,9.31,141.0,False,35,62,Q1,Q1
LRM,100412,train,shuffled,Uncertain,Uncertain,False,False,,,6845.0,,5.75,198.0,False,50,141,Q2,Q3
LRM,100415,train,shuffled,True,True,False,False,,,3416.0,,8.36,107.0,False,13,54,Q1,Q1
LRM,100416,train,shuffled,Uncertain,Uncertain,False,False,,,4519.0,,7.1,287.0,False,175,195,Q4,Q4
LRM,100418,train,shuffled,True,True,True,True,,,4506.0,,7.07,310.0,False,190,220,Q4,Q4
LRM,100421,train,shuffled,Uncertain,Uncertain,False,False,,,3192.0,,8.51,159.0,False,44,69,Q1,Q1
LRM,100422,train,shuffled,Uncertain,Uncertain,False,False,,,2584.0,,9.32,136.0,False,42,80,Q1,Q2
LRM,100424,train,shuffled,False,False,False,True,,,1855.0,,10.43,149.0,False,49,92,Q2,Q2
LRM,100430,train,shuffled,False,False,False,True,,,7291.0,,5.41,361.0,False,178,275,Q4,Q4
LRM,100433,train,shuffled,False,False,False,True,,,3435.0,,8.19,186.0,False,88,122,Q4,Q3
LRM,100435,train,shuffled,Uncertain,Uncertain,False,False,,,3939.0,,7.71,196.0,False,56,125,Q2,Q3
LRM,100437,train,shuffled,False,False,False,True,,,2491.0,,9.36,191.0,False,57,119,Q2,Q3
LRM,100440,train,shuffled,False,False,False,True,,,1434.0,,11.32,104.0,False,43,26,Q1,Q1
LRM,100441,train,shuffled,Uncertain,Uncertain,True,False,,,974.0,,12.5,101.0,False,40,25,Q1,Q1
LRM,100444,train,shuffled,True,True,False,False,,,5493.0,,6.37,322.0,False,133,208,Q4,Q4
LRM,100446,train,shuffled,Uncertain,Uncertain,Uncertain,True,,,3894.0,,7.71,217.0,False,126,113,Q4,Q3
LRM,100448,train,shuffled,True,True,True,True,,,6427.0,,5.94,236.0,False,131,133,Q4,Q3
LRM,100466,train,shuffled,True,True,True,True,,,727.0,,13.12,161.0,False,51,47,Q2,Q1
LRM,100467,train,shuffled,True,True,True,True,,,904.0,,12.63,108.0,False,24,53,Q1,Q1
LRM,100468,train,shuffled,Uncertain,Uncertain,False,False,,,1489.0,,11.22,108.0,False,25,54,Q1,Q1
LRM,100469,train,shuffled,True,True,True,True,,,572.0,,13.55,172.0,False,57,71,Q2,Q1
LRM,100471,train,shuffled,False,False,Uncertain,False,,,2047.0,,10.07,174.0,False,55,78,Q2,Q2
LRM,100475,train,shuffled,False,False,False,True,,,4268.0,,7.44,179.0,False,58,111,Q2,Q3
LRM,100476,train,shuffled,True,True,True,True,,,5424.0,,6.55,207.0,False,72,129,Q3,Q3
LRM,100481,train,shuffled,False,False,False,True,,,2236.0,,9.74,176.0,False,60,124,Q2,Q3
LRM,100484,train,shuffled,False,False,False,True,,,2023.0,,10.16,126.0,False,30,66,Q1,Q1
LRM,100486,train,shuffled,Uncertain,Uncertain,False,False,,,2937.0,,8.86,128.0,False,30,66,Q1,Q1
LRM,100500,train,shuffled,True,True,Uncertain,False,,,6867.0,,5.71,236.0,False,84,153,Q3,Q4
LRM,100506,train,shuffled,True,True,True,True,,,603.0,,13.45,99.0,False,20,25,Q1,Q1
LRM,100517,train,shuffled,False,False,True,False,,,3844.0,,7.77,204.0,False,69,137,Q3,Q3
LRM,100518,train,shuffled,False,False,False,True,,,1215.0,,11.73,169.0,False,47,67,Q2,Q1
LRM,100519,train,shuffled,False,False,False,True,,,1362.0,,11.37,164.0,False,44,63,Q1,Q1
LRM,100521,train,shuffled,Uncertain,Uncertain,Uncertain,True,,,6009.0,,6.13,272.0,False,77,154,Q3,Q4
LRM,100523,train,shuffled,True,True,True,True,,,6025.0,,6.13,289.0,False,77,164,Q3,Q4
LRM,100530,train,shuffled,Uncertain,Uncertain,False,False,,,806.0,,12.93,133.0,False,37,33,Q1,Q1
LRM,100532,train,shuffled,False,False,False,True,,,2360.0,,9.62,165.0,False,38,75,Q1,Q1
LRM,100535,train,shuffled,True,True,True,True,,,1241.0,,11.26,269.0,False,65,145,Q3,Q4
LRM,100541,train,shuffled,Uncertain,Uncertain,False,False,,,1119.0,,12.02,122.0,False,22,59,Q1,Q1
LRM,100543,train,shuffled,Uncertain,Uncertain,False,False,,,2848.0,,8.8,218.0,False,84,132,Q3,Q3
LRM,100549,train,shuffled,True,True,False,False,,,3868.0,,7.72,222.0,False,73,147,Q3,Q4
LRM,100550,train,shuffled,Uncertain,Uncertain,Uncertain,True,,,2230.0,,9.9,119.0,False,32,53,Q1,Q1
LRM,100551,train,shuffled,True,True,Uncertain,False,,,2111.0,,10.02,127.0,False,36,58,Q1,Q1
LRM,100556,train,shuffled,True,True,True,True,,,5473.0,,6.52,195.0,False,124,120,Q4,Q3
LRM,100558,train,shuffled,True,True,True,True,,,1678.0,,10.72,178.0,False,50,100,Q2,Q2
LRM,100561,train,shuffled,Uncertain,Uncertain,Uncertain,True,,,5324.0,,6.59,231.0,False,79,158,Q3,Q4
LRM,100564,train,shuffled,Uncertain,Uncertain,False,False,,,3176.0,,8.44,196.0,False,46,131,Q1,Q3
LRM,100565,train,shuffled,True,True,True,True,,,2694.0,,9.01,192.0,False,46,127,Q1,Q3
LRM,100566,train,shuffled,True,True,True,True,,,3924.0,,7.74,190.0,False,44,126,Q1,Q3
LRM,100570,train,shuffled,False,False,False,True,,,3662.0,,7.85,264.0,False,73,174,Q3,Q4
LRM,100572,train,shuffled,Uncertain,Uncertain,False,False,,,5231.0,,6.74,148.0,False,36,91,Q1,Q2
LRM,100573,train,shuffled,Uncertain,Uncertain,False,False,,,6551.0,,5.95,149.0,False,38,92,Q1,Q2
LRM,100574,train,shuffled,False,False,False,True,,,2966.0,,8.76,156.0,False,39,96,Q1,Q2
LRM,100576,train,shuffled,Uncertain,Uncertain,False,False,,,1702.0,,10.52,199.0,False,73,104,Q3,Q2
LRM,100578,train,shuffled,True,True,True,True,,,1253.0,,11.52,197.0,False,77,102,Q3,Q2
LRM,100582,train,shuffled,False,False,False,True,,,3290.0,,8.21,256.0,False,111,196,Q4,Q4
LRM,100583,train,shuffled,False,False,False,True,,,3625.0,,7.89,253.0,False,109,192,Q4,Q4
LRM,100589,train,shuffled,True,True,False,False,,,7172.0,,5.63,164.0,False,55,95,Q2,Q2
LRM,100590,train,shuffled,Uncertain,Uncertain,Uncertain,True,,,4978.0,,6.69,336.0,False,147,239,Q4,Q4
LRM,100592,train,shuffled,True,True,Uncertain,False,,,4983.0,,6.72,318.0,False,139,218,Q4,Q4
LRM,100593,train,shuffled,True,True,True,True,,,3607.0,,7.9,239.0,False,107,144,Q4,Q4
LRM,100594,train,shuffled,Uncertain,Uncertain,False,False,,,2850.0,,8.71,247.0,False,108,149,Q4,Q4
LRM,100596,train,shuffled,True,True,True,True,,,888.0,,12.62,133.0,False,53,62,Q2,Q1
LRM,100608,train,shuffled,False,False,False,True,,,2054.0,,10.13,139.0,False,35,83,Q1,Q2
LRM,100610,train,shuffled,False,False,True,False,,,4590.0,,6.79,451.0,False,164,364,Q4,Q4
LRM,100619,train,shuffled,Uncertain,Uncertain,False,False,,,4806.0,,6.96,202.0,False,93,118,Q4,Q3
LRM,100620,train,shuffled,True,True,False,False,,,1488.0,,11.13,142.0,False,39,41,Q1,Q1
LRM,100621,train,shuffled,Uncertain,Uncertain,True,False,,,821.0,,12.93,139.0,False,37,38,Q1,Q1
LRM,100625,train,shuffled,False,False,Uncertain,False,,,5305.0,,6.72,129.0,False,53,74,Q2,Q1
LRM,100626,train,shuffled,False,False,False,True,,,2391.0,,9.43,206.0,False,65,125,Q3,Q3
LRM,100630,train,shuffled,False,False,False,True,,,4483.0,,7.22,210.0,False,100,144,Q4,Q4
LRM,100634,train,shuffled,Uncertain,Uncertain,Uncertain,True,,,4366.0,,7.37,169.0,False,87,112,Q4,Q3
LRM,100635,train,shuffled,True,True,True,True,,,6146.0,,6.14,181.0,False,94,123,Q4,Q3
LRM,100636,train,shuffled,False,False,False,True,,,5605.0,,6.46,179.0,False,90,121,Q4,Q3
LRM,100644,train,shuffled,Uncertain,Uncertain,Uncertain,True,,,2176.0,,9.85,159.0,False,45,99,Q1,Q2
LRM,100648,train,shuffled,True,True,False,False,,,5897.0,,6.3,166.0,False,69,96,Q3,Q2
LRM,100649,train,shuffled,False,False,False,True,,,7038.0,,5.69,165.0,False,72,95,Q3,Q2
LRM,100652,train,shuffled,True,True,True,True,,,883.0,,13.02,173.0,False,45,90,Q1,Q2
LRM,100656,train,shuffled,False,False,False,True,,,1848.0,,10.4,155.0,False,54,66,Q2,Q1
LRM,100660,train,shuffled,True,True,True,True,,,5292.0,,6.68,165.0,False,62,71,Q2,Q1
LRM,100669,train,shuffled,True,True,True,True,,,1995.0,,10.11,170.0,False,38,87,Q1,Q2
LRM,100670,train,shuffled,Uncertain,Uncertain,True,False,,,6504.0,,5.97,168.0,False,37,87,Q1,Q2
LRM,100671,train,shuffled,Uncertain,Uncertain,True,False,,,1126.0,,11.99,164.0,False,37,76,Q1,Q2
LRM,100673,train,shuffled,True,True,True,True,,,1475.0,,10.72,271.0,False,77,158,Q3,Q4
LRM,100674,train,shuffled,Uncertain,Uncertain,False,False,,,4292.0,,7.29,300.0,False,78,179,Q3,Q4
LRM,100675,train,shuffled,True,True,True,True,,,794.0,,13.43,121.0,False,24,61,Q1,Q1
LRM,100679,train,shuffled,False,False,False,True,,,2031.0,,9.99,181.0,False,74,124,Q3,Q3
LRM,100680,train,shuffled,False,False,True,False,,,3808.0,,7.87,171.0,False,72,112,Q3,Q3
LRM,100682,train,shuffled,False,False,False,True,,,957.0,,12.08,220.0,False,54,132,Q2,Q3
LRM,100683,train,shuffled,True,True,True,True,,,1122.0,,11.71,226.0,False,57,134,Q2,Q3
LRM,100685,train,shuffled,False,False,False,True,,,1365.0,,11.2,197.0,False,59,96,Q2,Q2
LRM,100686,train,shuffled,Uncertain,Uncertain,False,False,,,2244.0,,9.63,208.0,False,58,109,Q2,Q3
LRM,100687,train,shuffled,True,True,True,True,,,861.0,,12.61,185.0,False,80,71,Q3,Q1
LRM,100688,train,shuffled,Uncertain,Uncertain,Uncertain,True,,,1918.0,,10.24,185.0,False,80,71,Q3,Q1
LRM,100691,train,shuffled,False,False,False,True,,,3585.0,,8.19,137.0,False,38,61,Q1,Q1
LRM,100693,train,shuffled,Uncertain,Uncertain,True,False,,,2909.0,,8.83,173.0,False,68,95,Q3,Q2
LRM,100695,train,shuffled,True,True,False,False,,,3002.0,,8.69,192.0,False,84,109,Q3,Q3
LRM,100698,train,shuffled,True,True,True,True,,,3086.0,,8.58,187.0,False,70,118,Q3,Q3
LRM,100703,train,shuffled,False,False,False,True,,,5141.0,,6.75,198.0,False,100,113,Q4,Q3
LRM,100707,train,shuffled,True,True,True,True,,,3194.0,,8.36,220.0,False,83,128,Q3,Q3
LRM,100713,train,shuffled,False,False,True,False,,,3592.0,,7.88,282.0,False,140,161,Q4,Q4
LRM,100718,train,shuffled,Uncertain,Uncertain,True,False,,,1323.0,,11.33,215.0,False,57,116,Q2,Q3
LRM,100720,train,shuffled,False,False,False,True,,,1824.0,,10.22,213.0,False,57,117,Q2,Q3
LRM,100722,train,shuffled,Uncertain,Uncertain,True,False,,,1392.0,,11.37,151.0,False,50,106,Q2,Q3
LRM,100725,train,shuffled,True,True,False,False,,,2102.0,,9.93,165.0,False,58,77,Q2,Q2
LRM,100730,train,shuffled,True,True,True,True,,,4996.0,,6.86,197.0,False,102,137,Q4,Q3
LRM,100733,train,shuffled,False,False,Uncertain,False,,,3885.0,,7.73,205.0,False,107,147,Q4,Q4
LRM,100734,train,shuffled,False,False,True,False,,,5468.0,,6.52,203.0,False,108,144,Q4,Q4
LRM,100736,train,shuffled,False,False,True,False,,,6574.0,,5.87,219.0,False,126,156,Q4,Q4
LRM,100737,train,shuffled,True,True,False,False,,,5067.0,,6.81,203.0,False,107,142,Q4,Q3
LRM,100752,train,shuffled,True,True,True,True,,,4402.0,,7.29,211.0,False,56,155,Q2,Q4
LRM,100754,train,shuffled,True,True,True,True,,,1000.0,,12.37,141.0,False,53,49,Q2,Q1
LRM,100759,train,shuffled,True,True,True,True,,,926.0,,11.93,288.0,False,92,154,Q4,Q4
LRM,100760,train,shuffled,Uncertain,Uncertain,Uncertain,True,,,1400.0,,11.2,288.0,False,93,154,Q4,Q4
LRM,100765,train,shuffled,Uncertain,Uncertain,False,False,,,1714.0,,10.64,232.0,False,79,157,Q3,Q4
LRM,100767,train,shuffled,True,True,Uncertain,False,,,5161.0,,6.69,253.0,False,99,180,Q4,Q4
LRM,100769,train,shuffled,Uncertain,Uncertain,False,False,,,2330.0,,9.67,188.0,False,82,104,Q3,Q2
LRM,100789,train,shuffled,True,True,True,True,,,2215.0,,9.84,157.0,False,66,82,Q3,Q2
LRM,100790,train,shuffled,Uncertain,Uncertain,Uncertain,True,,,2318.0,,9.69,147.0,False,60,77,Q2,Q2
LRM,100791,train,shuffled,Uncertain,Uncertain,False,False,,,3165.0,,8.67,97.0,False,27,42,Q1,Q1
LRM,100792,train,shuffled,Uncertain,Uncertain,False,False,,,1901.0,,10.3,147.0,False,58,73,Q2,Q1
LRM,100793,train,shuffled,False,False,True,False,,,3143.0,,8.6,145.0,False,57,73,Q2,Q1
LRM,100798,train,shuffled,True,True,True,True,,,1119.0,,11.79,178.0,False,49,95,Q2,Q2
LRM,100801,train,shuffled,Uncertain,Uncertain,False,False,,,2205.0,,9.79,162.0,False,59,81,Q2,Q2
LRM,100804,train,shuffled,Uncertain,Uncertain,False,False,,,3456.0,,8.32,125.0,False,14,76,Q1,Q2
LRM,100806,train,shuffled,False,False,False,True,,,1878.0,,10.09,258.0,False,96,183,Q4,Q4
LRM,100809,train,shuffled,True,True,True,True,,,1833.0,,10.43,164.0,False,41,117,Q1,Q3
LRM,100814,train,shuffled,True,True,True,True,,,815.0,,12.44,215.0,False,67,91,Q3,Q2
LRM,100815,train,shuffled,Uncertain,Uncertain,False,False,,,2076.0,,9.97,212.0,False,69,94,Q3,Q2
LRM,100816,train,shuffled,False,False,False,True,,,763.0,,13.35,187.0,False,64,69,Q3,Q1
LRM,100819,train,shuffled,False,False,False,True,,,7594.0,,5.35,280.0,False,101,167,Q4,Q4
LRM,100821,train,shuffled,False,False,False,True,,,1404.0,,11.27,179.0,False,62,84,Q2,Q2
LRM,100826,train,shuffled,Uncertain,Uncertain,False,False,,,3980.0,,7.57,245.0,False,84,136,Q3,Q3
LRM,100830,train,shuffled,False,False,Uncertain,False,,,3836.0,,7.71,251.0,False,90,141,Q4,Q3
LRM,100831,train,shuffled,True,True,True,True,,,3095.0,,8.41,270.0,False,99,153,Q4,Q4
LRM,100836,train,shuffled,False,False,False,True,,,1966.0,,10.1,173.0,False,55,100,Q2,Q2
LRM,100841,train,shuffled,Uncertain,Uncertain,False,False,,,3738.0,,7.85,231.0,False,64,177,Q3,Q4
LRM,100846,train,shuffled,True,True,True,True,,,3200.0,,8.55,129.0,False,39,72,Q1,Q1
LRM,100849,train,shuffled,False,False,False,True,,,2070.0,,9.95,195.0,False,52,160,Q2,Q4
LRM,100851,train,shuffled,Uncertain,Uncertain,False,False,,,1975.0,,10.12,178.0,False,57,109,Q2,Q3
LRM,100853,train,shuffled,Uncertain,Uncertain,Uncertain,True,,,3169.0,,8.53,180.0,False,58,109,Q2,Q3
LRM,100854,train,shuffled,Uncertain,Uncertain,False,False,,,2280.0,,9.76,138.0,False,46,65,Q1,Q1
LRM,100863,train,shuffled,False,False,Uncertain,False,,,3175.0,,8.38,244.0,False,78,156,Q3,Q4
LRM,100864,train,shuffled,True,True,Uncertain,False,,,2822.0,,8.8,245.0,False,79,157,Q3,Q4
LRM,100866,train,shuffled,True,True,True,True,,,2235.0,,9.71,168.0,False,53,77,Q2,Q2
LRM,100869,train,shuffled,False,False,False,True,,,3480.0,,8.15,177.0,False,58,81,Q2,Q2
LRM,100873,train,shuffled,False,False,False,True,,,3828.0,,7.78,213.0,False,72,99,Q3,Q2
LRM,100874,train,shuffled,False,False,False,True,,,5989.0,,6.21,190.0,False,66,87,Q3,Q2
LRM,100875,train,shuffled,True,True,True,True,,,1204.0,,11.65,196.0,False,70,108,Q3,Q3
LRM,100891,train,shuffled,True,True,True,True,,,2445.0,,9.09,325.0,False,104,252,Q4,Q4
LRM,100892,train,shuffled,False,False,False,True,,,3544.0,,7.84,327.0,False,106,255,Q4,Q4
LRM,100900,train,shuffled,Uncertain,Uncertain,False,False,,,1193.0,,11.96,95.0,False,13,40,Q1,Q1
LRM,100902,train,shuffled,True,True,True,True,,,1720.0,,10.68,124.0,False,36,70,Q1,Q1
LRM,100907,train,shuffled,True,True,True,True,,,5725.0,,6.38,180.0,False,75,116,Q3,Q3
LRM,100911,train,shuffled,False,False,False,True,,,3463.0,,8.2,190.0,False,111,96,Q4,Q2
LRM,100912,train,shuffled,True,True,False,False,,,2584.0,,9.19,192.0,False,112,99,Q4,Q2
LRM,100913,train,shuffled,Uncertain,Uncertain,False,False,,,5168.0,,6.75,183.0,False,110,89,Q4,Q2
LRM,100914,train,shuffled,True,True,False,False,,,6134.0,,6.13,199.0,False,120,106,Q4,Q3
LRM,100918,train,shuffled,True,True,True,True,,,2853.0,,8.8,220.0,False,138,123,Q4,Q3
LRM,100925,train,shuffled,Uncertain,Uncertain,False,False,,,3884.0,,7.68,242.0,False,55,158,Q2,Q4
LRM,100927,train,shuffled,False,False,False,True,,,2589.0,,9.06,221.0,False,97,146,Q4,Q4
LRM,100932,train,shuffled,False,False,False,True,,,1384.0,,11.26,225.0,False,66,107,Q3,Q3
LRM,100934,train,shuffled,Uncertain,Uncertain,False,False,,,3009.0,,8.78,147.0,False,42,90,Q1,Q2
LRM,100949,train,shuffled,Uncertain,Uncertain,False,False,,,1807.0,,10.44,147.0,False,58,63,Q2,Q1
LRM,100950,train,shuffled,True,True,True,True,,,893.0,,12.57,149.0,False,60,66,Q2,Q1
LRM,100951,train,shuffled,False,False,False,True,,,1041.0,,12.39,103.0,False,16,22,Q1,Q1
LRM,100955,train,shuffled,Uncertain,Uncertain,False,False,,,3249.0,,8.48,142.0,False,44,75,Q1,Q1
LRM,100957,train,shuffled,True,True,True,True,,,1720.0,,10.66,143.0,False,43,76,Q1,Q2
LRM,100958,train,shuffled,False,False,False,True,,,3275.0,,8.42,149.0,False,45,82,Q1,Q2
LRM,100959,train,shuffled,False,False,False,True,,,2570.0,,9.32,148.0,False,45,80,Q1,Q2
LRM,100964,train,shuffled,Uncertain,Uncertain,False,False,,,1195.0,,11.74,153.0,False,43,58,Q1,Q1
LRM,100966,train,shuffled,Uncertain,Uncertain,False,False,,,727.0,,13.23,174.0,False,59,63,Q2,Q1
LRM,100967,train,shuffled,Uncertain,Uncertain,True,False,,,1038.0,,12.23,176.0,False,62,63,Q2,Q1
LRM,100970,train,shuffled,True,True,True,True,,,2041.0,,9.99,173.0,False,80,95,Q3,Q2
LRM,100973,train,shuffled,Uncertain,Uncertain,False,False,,,3463.0,,8.06,276.0,False,114,186,Q4,Q4
LRM,100978,train,shuffled,True,True,True,True,,,858.0,,12.8,142.0,False,54,49,Q2,Q1
LRM,100980,train,shuffled,False,False,False,True,,,1977.0,,10.2,148.0,False,58,50,Q2,Q1
LRM,100982,train,shuffled,True,True,True,True,,,1142.0,,11.72,228.0,False,72,168,Q3,Q4
LRM,100984,train,shuffled,True,True,True,True,,,1827.0,,10.32,197.0,False,65,112,Q3,Q3
LRM,100986,train,shuffled,True,True,False,False,,,2370.0,,9.46,196.0,False,70,112,Q3,Q3
LRM,100993,train,shuffled,Uncertain,Uncertain,False,False,,,1822.0,,10.49,139.0,False,41,84,Q1,Q2
LRM,100994,train,shuffled,False,False,False,True,,,1900.0,,10.32,147.0,False,47,91,Q2,Q2
LRM,100999,train,shuffled,False,False,False,True,,,2088.0,,10.03,156.0,False,52,99,Q2,Q2
LRM,16,validation,shuffled,Uncertain,Uncertain,True,False,,,2599.0,,9.08,183.0,False,68,106,Q3,Q3
LRM,26,validation,shuffled,Uncertain,Uncertain,False,False,,,1361.0,,11.3,208.0,False,72,91,Q3,Q2
LRM,27,validation,shuffled,Uncertain,Uncertain,False,False,,,5718.0,,6.4,169.0,False,59,98,Q2,Q2
LRM,28,validation,shuffled,True,True,Uncertain,False,,,5440.0,,6.57,178.0,False,63,107,Q2,Q3
LRM,57,validation,shuffled,False,False,Uncertain,False,,,7311.0,,5.47,287.0,False,83,203,Q3,Q4
LRM,75,validation,shuffled,Uncertain,Uncertain,Uncertain,True,,,5833.0,,6.19,303.0,False,162,181,Q4,Q4
LRM,85,validation,shuffled,Uncertain,Uncertain,True,False,,,6433.0,,5.95,219.0,False,81,130,Q3,Q3
LRM,122,validation,shuffled,False,False,False,True,,,6257.0,,6.03,230.0,False,62,167,Q2,Q4
LRM,135,validation,shuffled,Uncertain,Uncertain,False,False,,,1361.0,,11.44,117.0,False,22,57,Q1,Q1
LRM,141,validation,shuffled,True,True,False,False,,,7226.0,,5.51,266.0,False,132,171,Q4,Q4
LRM,142,validation,shuffled,True,True,False,False,,,5482.0,,6.46,247.0,False,49,185,Q2,Q4
LRM,152,validation,shuffled,Uncertain,Uncertain,False,False,,,7175.0,,5.58,209.0,False,46,162,Q1,Q4
LRM,196,validation,shuffled,False,False,False,True,,,6244.0,,5.96,282.0,False,59,249,Q2,Q4
LRM,100249,train,shuffled,Uncertain,Uncertain,False,False,,,1147.0,,11.81,165.0,False,52,59,Q2,Q1
LRM,100429,train,shuffled,Uncertain,Uncertain,False,False,,,6498.0,,5.79,358.0,False,176,277,Q4,Q4
LRM,100452,train,shuffled,True,True,Uncertain,False,,,6894.0,,5.41,552.0,False,105,433,Q4,Q4
LRM,100527,train,shuffled,Uncertain,Uncertain,False,False,,,1234.0,,11.84,88.0,False,17,26,Q1,Q1
LRM,100567,train,shuffled,Uncertain,Uncertain,False,False,,,889.0,,12.55,144.0,False,38,42,Q1,Q1
LRM,100597,train,shuffled,False,False,False,True,,,2382.0,,9.59,144.0,False,56,74,Q2,Q1
LRM,0,validation,junto,Uncertain,Uncertain,False,False,,,4858.0,,6.77,307.0,False,149,211,Q4,Q4
LRM,1,validation,junto,True,True,False,False,,,8049.0,,5.09,364.0,False,205,259,Q4,Q4
LRM,2,validation,junto,False,False,True,False,,,8551.0,,4.89,362.0,False,189,252,Q4,Q4
LRM,3,validation,junto,Uncertain,Uncertain,True,False,,,5811.0,,6.29,213.0,False,90,163,Q4,Q4
LRM,4,validation,junto,Uncertain,Uncertain,False,False,,,6373.0,,5.98,214.0,False,92,164,Q4,Q4
LRM,5,validation,junto,True,True,True,True,,,3892.0,,7.68,217.0,False,137,169,Q4,Q4
LRM,6,validation,junto,True,True,True,True,,,1194.0,,11.49,195.0,False,46,120,Q1,Q3
LRM,7,validation,junto,Uncertain,Uncertain,False,False,,,4334.0,,7.35,202.0,False,47,128,Q2,Q3
LRM,8,validation,junto,Uncertain,Uncertain,False,False,,,2322.0,,9.51,209.0,False,47,127,Q2,Q3
LRM,9,validation,junto,True,True,True,True,,,728.0,,12.59,182.0,False,71,81,Q3,Q2
LRM,10,validation,junto,False,False,False,True,,,937.0,,12.09,180.0,False,71,81,Q3,Q2
LRM,11,validation,junto,Uncertain,Uncertain,False,False,,,1267.0,,11.42,180.0,False,70,81,Q3,Q2
LRM,12,validation,junto,True,True,True,True,,,1665.0,,10.76,174.0,False,62,109,Q2,Q3
LRM,13,validation,junto,Uncertain,Uncertain,False,False,,,1970.0,,10.15,186.0,False,62,125,Q2,Q3
LRM,14,validation,junto,False,False,False,True,,,1528.0,,11.02,175.0,False,63,110,Q2,Q3
LRM,15,validation,junto,True,True,True,True,,,976.0,,12.45,93.0,False,13,39,Q1,Q1
LRM,17,validation,junto,Uncertain,Uncertain,True,False,,,1565.0,,10.8,187.0,False,69,107,Q3,Q3
LRM,18,validation,junto,True,True,True,True,,,1465.0,,11.02,193.0,False,70,111,Q3,Q3
LRM,19,validation,junto,True,True,True,True,,,3097.0,,8.5,210.0,False,81,124,Q3,Q3
LRM,20,validation,junto,False,False,False,True,,,2689.0,,9.01,208.0,False,76,121,Q3,Q3
LRM,21,validation,junto,True,True,True,True,,,970.0,,12.3,174.0,False,60,100,Q2,Q2
LRM,22,validation,junto,False,False,False,True,,,1385.0,,11.33,168.0,False,57,96,Q2,Q2
LRM,23,validation,junto,Uncertain,Uncertain,False,False,,,2489.0,,9.33,174.0,False,60,100,Q2,Q2
LRM,24,validation,junto,True,True,True,True,,,915.0,,12.16,227.0,False,76,100,Q3,Q2
LRM,25,validation,junto,Uncertain,Uncertain,False,False,,,1067.0,,12.02,214.0,False,71,93,Q3,Q2
LRM,29,validation,junto,False,False,False,True,,,3544.0,,8.07,184.0,False,66,106,Q3,Q3
LRM,30,validation,junto,Uncertain,Uncertain,False,False,,,5500.0,,6.4,280.0,False,99,210,Q4,Q4
LRM,31,validation,junto,True,True,True,True,,,2863.0,,8.66,276.0,False,99,207,Q4,Q4
LRM,32,validation,junto,False,False,False,True,,,4736.0,,6.92,277.0,False,101,208,Q4,Q4
LRM,33,validation,junto,True,True,True,True,,,886.0,,12.58,142.0,False,37,51,Q1,Q1
LRM,34,validation,junto,Uncertain,Uncertain,True,False,,,2718.0,,9.13,132.0,False,36,42,Q1,Q1
LRM,35,validation,junto,False,False,False,True,,,1594.0,,10.92,150.0,False,44,61,Q1,Q1
LRM,36,validation,junto,True,True,True,True,,,1178.0,,11.63,162.0,False,43,78,Q1,Q1
LRM,37,validation,junto,True,True,True,True,,,1119.0,,11.76,179.0,False,44,96,Q1,Q2
LRM,38,validation,junto,False,False,False,True,,,1228.0,,11.45,164.0,False,44,79,Q1,Q2
LRM,39,validation,junto,Uncertain,Uncertain,True,False,,,2952.0,,8.58,257.0,False,86,184,Q3,Q4
LRM,40,validation,junto,True,True,Uncertain,False,,,6318.0,,5.97,262.0,False,86,189,Q3,Q4
LRM,41,validation,junto,False,False,Uncertain,False,,,7903.0,,5.23,263.0,False,87,191,Q4,Q4
LRM,42,validation,junto,True,True,True,True,,,3503.0,,7.85,356.0,False,121,204,Q4,Q4
LRM,43,validation,junto,Uncertain,Uncertain,True,False,,,2534.0,,8.85,368.0,False,119,212,Q4,Q4
LRM,44,validation,junto,False,False,False,True,,,4295.0,,7.18,385.0,False,138,223,Q4,Q4
LRM,45,validation,junto,Uncertain,Uncertain,False,False,,,2085.0,,10.16,95.0,False,12,41,Q1,Q1
LRM,46,validation,junto,True,True,True,True,,,1610.0,,10.55,248.0,False,52,190,Q2,Q4
LRM,47,validation,junto,Uncertain,Uncertain,False,False,,,6786.0,,5.77,248.0,False,52,190,Q2,Q4
LRM,48,validation,junto,Uncertain,Uncertain,True,False,,,4475.0,,7.32,136.0,False,44,64,Q1,Q1
LRM,49,validation,junto,False,False,False,True,,,2069.0,,10.05,135.0,False,45,64,Q1,Q1
LRM,50,validation,junto,True,True,True,True,,,1335.0,,11.44,136.0,False,46,65,Q1,Q1
LRM,51,validation,junto,False,False,False,True,,,2311.0,,9.56,171.0,False,47,102,Q2,Q2
LRM,52,validation,junto,Uncertain,Uncertain,False,False,,,2504.0,,9.36,171.0,False,47,102,Q2,Q2
LRM,53,validation,junto,True,True,True,True,,,1209.0,,11.69,171.0,False,47,102,Q2,Q2
LRM,54,validation,junto,True,True,True,True,,,3164.0,,8.6,125.0,False,32,47,Q1,Q1
LRM,55,validation,junto,False,False,False,True,,,2293.0,,9.73,131.0,False,32,49,Q1,Q1
LRM,56,validation,junto,Uncertain,Uncertain,Uncertain,True,,,2442.0,,9.52,125.0,False,31,47,Q1,Q1
LRM,58,validation,junto,Uncertain,Uncertain,Uncertain,True,,,5265.0,,6.53,304.0,False,83,213,Q3,Q4
LRM,59,validation,junto,True,True,True,True,,,2341.0,,9.51,290.0,False,82,197,Q3,Q4
LRM,60,validation,junto,Uncertain,Uncertain,False,False,,,2501.0,,9.36,162.0,False,63,87,Q2,Q2
LRM,61,validation,junto,Uncertain,Uncertain,True,False,,,5172.0,,6.77,162.0,False,63,87,Q2,Q2
LRM,62,validation,junto,Uncertain,Uncertain,Uncertain,True,,,2304.0,,9.68,128.0,False,29,61,Q1,Q1
LRM,63,validation,junto,False,False,False,True,,,2941.0,,8.81,137.0,False,33,66,Q1,Q1
LRM,64,validation,junto,True,True,True,True,,,2025.0,,10.09,138.0,False,38,67,Q1,Q1
LRM,65,validation,junto,True,True,True,True,,,1191.0,,11.35,241.0,False,76,125,Q3,Q3
LRM,66,validation,junto,Uncertain,Uncertain,False,False,,,1020.0,,11.9,236.0,False,77,116,Q3,Q3
LRM,67,validation,junto,True,True,True,True,,,1808.0,,11.07,237.0,False,74,121,Q3,Q3
LRM,68,validation,junto,True,True,True,True,,,1709.0,,10.63,187.0,False,54,81,Q2,Q2
LRM,69,validation,junto,False,False,False,True,,,1472.0,,10.95,202.0,False,53,95,Q2,Q2
LRM,70,validation,junto,Uncertain,Uncertain,True,False,,,2224.0,,9.79,153.0,False,56,71,Q2,Q1
LRM,71,validation,junto,False,False,True,False,,,1686.0,,10.67,155.0,False,60,72,Q2,Q1
LRM,72,validation,junto,True,True,True,True,,,4117.0,,7.55,195.0,False,78,94,Q3,Q2
LRM,73,validation,junto,True,True,True,True,,,1002.0,,12.14,180.0,False,64,103,Q3,Q2
LRM,74,validation,junto,False,False,False,True,,,3204.0,,8.44,183.0,False,62,103,Q2,Q2
LRM,76,validation,junto,True,True,True,True,,,6516.0,,5.79,332.0,False,180,202,Q4,Q4
LRM,77,validation,junto,False,False,True,False,,,5703.0,,6.24,332.0,False,186,201,Q4,Q4
LRM,78,validation,junto,False,False,False,True,,,2908.0,,8.83,177.0,False,43,86,Q1,Q2
LRM,79,validation,junto,True,True,True,True,,,2943.0,,8.73,179.0,False,44,89,Q1,Q2
LRM,80,validation,junto,Uncertain,Uncertain,False,False,,,4853.0,,6.99,167.0,False,41,79,Q1,Q2
LRM,81,validation,junto,True,True,True,True,,,2719.0,,8.99,190.0,False,47,95,Q2,Q2
LRM,82,validation,junto,False,False,False,True,,,3078.0,,8.55,187.0,False,45,91,Q1,Q2
LRM,83,validation,junto,False,False,False,True,,,7300.0,,5.48,269.0,False,100,159,Q4,Q3
LRM,84,validation,junto,True,True,True,True,,,8249.0,,5.1,244.0,False,87,148,Q4,Q3
LRM,86,validation,junto,True,True,True,True,,,1655.0,,10.35,249.0,False,94,146,Q4,Q3
LRM,87,validation,junto,True,True,True,True,,,1150.0,,11.91,129.0,False,33,66,Q1,Q1
LRM,88,validation,junto,True,True,True,True,,,1020.0,,12.23,127.0,False,35,64,Q1,Q1
LRM,89,validation,junto,Uncertain,Uncertain,False,False,,,1613.0,,10.82,134.0,False,36,73,Q1,Q1
LRM,90,validation,junto,True,True,True,True,,,884.0,,12.65,126.0,False,62,52,Q2,Q1
LRM,91,validation,junto,False,False,False,True,,,1255.0,,11.67,126.0,False,62,52,Q2,Q1
LRM,92,validation,junto,False,False,False,True,,,6258.0,,5.94,294.0,False,116,190,Q4,Q4
LRM,93,validation,junto,Uncertain,Uncertain,True,False,,,6084.0,,6.04,297.0,False,121,192,Q4,Q4
LRM,94,validation,junto,True,True,True,True,,,1019.0,,11.58,313.0,False,119,208,Q4,Q4
LRM,95,validation,junto,Uncertain,Uncertain,False,False,,,3526.0,,8.12,160.0,False,54,79,Q2,Q2
LRM,96,validation,junto,False,False,False,True,,,2415.0,,9.42,170.0,False,59,84,Q2,Q2
LRM,97,validation,junto,True,True,False,False,,,2913.0,,8.77,181.0,False,67,89,Q3,Q2
LRM,98,validation,junto,Uncertain,Uncertain,False,False,,,1711.0,,10.51,172.0,False,41,101,Q1,Q2
LRM,99,validation,junto,True,True,True,True,,,1202.0,,11.61,179.0,False,44,106,Q1,Q3
LRM,100,validation,junto,False,False,True,False,,,3445.0,,8.13,197.0,False,69,123,Q3,Q3
LRM,101,validation,junto,Uncertain,Uncertain,False,False,,,4684.0,,7.07,202.0,False,129,128,Q4,Q3
LRM,102,validation,junto,False,False,False,True,,,4151.0,,7.5,202.0,False,122,126,Q4,Q3
LRM,103,validation,junto,True,True,False,False,,,3546.0,,8.02,215.0,False,130,138,Q4,Q3
LRM,104,validation,junto,True,True,True,True,,,1214.0,,11.76,186.0,False,75,89,Q3,Q2
LRM,105,validation,junto,True,True,False,False,,,2686.0,,9.1,190.0,False,79,95,Q3,Q2
LRM,106,validation,junto,False,False,False,True,,,2709.0,,8.95,200.0,False,83,105,Q3,Q2
LRM,107,validation,junto,Uncertain,Uncertain,True,False,,,4553.0,,7.15,228.0,False,111,140,Q4,Q3
LRM,108,validation,junto,False,False,True,False,,,8451.0,,5.02,255.0,False,134,167,Q4,Q4
LRM,109,validation,junto,True,True,Uncertain,False,,,7920.0,,5.23,257.0,False,159,170,Q4,Q4
LRM,110,validation,junto,Uncertain,Uncertain,False,False,,,1462.0,,11.28,146.0,False,18,79,Q1,Q2
LRM,111,validation,junto,True,True,True,True,,,1385.0,,11.34,202.0,False,53,99,Q2,Q2
LRM,112,validation,junto,Uncertain,Uncertain,False,False,,,3044.0,,8.63,201.0,False,52,99,Q2,Q2
LRM,113,validation,junto,False,False,True,False,,,3117.0,,8.51,206.0,False,57,102,Q2,Q2
LRM,114,validation,junto,False,False,True,False,,,4129.0,,7.45,225.0,False,102,158,Q4,Q3
LRM,115,validation,junto,True,True,True,True,,,945.0,,12.04,209.0,False,98,139,Q4,Q3
LRM,116,validation,junto,Uncertain,Uncertain,False,False,,,5336.0,,6.59,210.0,False,98,141,Q4,Q3
LRM,117,validation,junto,Uncertain,Uncertain,False,False,,,2182.0,,9.81,214.0,False,76,97,Q3,Q2
LRM,118,validation,junto,True,True,True,True,,,1120.0,,11.87,227.0,False,81,111,Q3,Q3
LRM,119,validation,junto,False,False,False,True,,,1753.0,,10.51,205.0,False,74,87,Q3,Q2
LRM,120,validation,junto,Uncertain,Uncertain,False,False,,,2166.0,,10.02,91.0,False,11,39,Q1,Q1
LRM,121,validation,junto,Uncertain,Uncertain,False,False,,,8965.0,,4.74,228.0,False,63,162,Q2,Q4
LRM,123,validation,junto,True,True,True,True,,,6230.0,,6.04,236.0,False,63,170,Q2,Q4
LRM,124,validation,junto,Uncertain,Uncertain,False,False,,,3226.0,,8.33,218.0,False,63,153,Q2,Q3
LRM,125,validation,junto,True,True,True,True,,,1882.0,,9.98,246.0,False,62,185,Q2,Q4
LRM,126,validation,junto,False,False,False,True,,,3646.0,,7.85,248.0,False,64,188,Q3,Q4
LRM,127,validation,junto,False,False,Uncertain,False,,,3681.0,,7.76,343.0,False,87,269,Q4,Q4
LRM,128,validation,junto,True,True,True,True,,,4759.0,,6.83,344.0,False,89,270,Q4,Q4
LRM,129,validation,junto,Uncertain,Uncertain,False,False,,,4048.0,,7.43,341.0,False,85,267,Q3,Q4
LRM,130,validation,junto,True,True,True,True,,,4477.0,,6.99,395.0,False,96,318,Q4,Q4
LRM,131,validation,junto,True,True,True,True,,,782.0,,12.66,141.0,False,19,69,Q1,Q1
LRM,132,validation,junto,Uncertain,Uncertain,False,False,,,1683.0,,10.95,130.0,False,16,59,Q1,Q1
LRM,133,validation,junto,Uncertain,Uncertain,True,False,,,2077.0,,10.02,129.0,False,16,59,Q1,Q1
LRM,134,validation,junto,True,True,True,True,,,788.0,,12.8,123.0,False,20,57,Q1,Q1
LRM,136,validation,junto,False,False,False,True,,,1002.0,,12.11,132.0,False,26,66,Q1,Q1
LRM,137,validation,junto,True,True,True,True,,,1498.0,,10.91,220.0,False,67,109,Q3,Q3
LRM,138,validation,junto,False,False,False,True,,,1327.0,,11.27,221.0,False,67,109,Q3,Q3
LRM,139,validation,junto,Uncertain,Uncertain,Uncertain,True,,,2891.0,,8.69,248.0,False,104,154,Q4,Q3
LRM,140,validation,junto,False,False,False,True,,,4425.0,,7.16,270.0,False,114,168,Q4,Q4
LRM,143,validation,junto,Uncertain,Uncertain,False,False,,,2415.0,,9.3,230.0,False,46,164,Q1,Q4
LRM,144,validation,junto,Uncertain,Uncertain,False,False,,,2653.0,,9.03,229.0,False,86,114,Q3,Q3
LRM,145,validation,junto,Uncertain,Uncertain,Uncertain,True,,,3142.0,,8.43,231.0,False,87,117,Q4,Q3
LRM,146,validation,junto,True,True,True,True,,,2411.0,,9.29,246.0,False,96,118,Q4,Q3
LRM,147,validation,junto,True,True,True,True,,,2071.0,,9.8,245.0,False,97,118,Q4,Q3
LRM,148,validation,junto,False,False,True,False,,,2522.0,,9.13,248.0,False,105,118,Q4,Q3
LRM,149,validation,junto,True,True,True,True,,,971.0,,12.3,182.0,False,56,74,Q2,Q1
LRM,150,validation,junto,Uncertain,Uncertain,False,False,,,1026.0,,12.17,177.0,False,58,69,Q2,Q1
LRM,151,validation,junto,Uncertain,Uncertain,Uncertain,True,,,1075.0,,12.09,175.0,False,57,69,Q2,Q1
LRM,153,validation,junto,False,False,False,True,,,4786.0,,6.96,223.0,False,50,167,Q2,Q4
LRM,154,validation,junto,True,True,False,False,,,8033.0,,5.18,262.0,False,63,208,Q2,Q4
LRM,155,validation,junto,Uncertain,Uncertain,False,False,,,1188.0,,11.86,108.0,False,11,58,Q1,Q1
LRM,156,validation,junto,False,False,False,True,,,3427.0,,8.06,253.0,False,107,190,Q4,Q4
LRM,157,validation,junto,True,True,True,True,,,3193.0,,8.29,254.0,False,109,191,Q4,Q4
LRM,158,validation,junto,True,True,True,True,,,4718.0,,6.96,262.0,False,113,198,Q4,Q4
LRM,159,validation,junto,Uncertain,Uncertain,False,False,,,3037.0,,8.56,238.0,False,103,174,Q4,Q4
LRM,160,validation,junto,True,True,True,True,,,1794.0,,10.55,134.0,False,41,50,Q1,Q1
LRM,161,validation,junto,Uncertain,Uncertain,True,False,,,4606.0,,7.25,127.0,False,37,45,Q1,Q1
LRM,162,validation,junto,False,False,False,True,,,1097.0,,12.12,107.0,False,10,59,Q1,Q1
LRM,163,validation,junto,Uncertain,Uncertain,False,False,,,2144.0,,9.8,190.0,False,70,100,Q3,Q2
LRM,164,validation,junto,False,False,False,True,,,5575.0,,6.44,208.0,False,79,121,Q3,Q3
LRM,165,validation,junto,True,True,False,False,,,6381.0,,5.97,208.0,False,78,123,Q3,Q3
LRM,166,validation,junto,True,True,True,True,,,927.0,,12.65,123.0,False,28,31,Q1,Q1
LRM,167,validation,junto,True,True,True,True,,,1160.0,,12.03,137.0,False,35,49,Q1,Q1
LRM,168,validation,junto,False,False,False,True,,,1165.0,,12.07,124.0,False,28,38,Q1,Q1
LRM,169,validation,junto,Uncertain,Uncertain,False,False,,,6868.0,,5.74,199.0,False,63,88,Q2,Q2
LRM,170,validation,junto,True,True,False,False,,,2908.0,,8.65,240.0,False,86,108,Q3,Q3
LRM,171,validation,junto,False,False,Uncertain,False,,,5916.0,,6.22,226.0,False,82,100,Q3,Q2
LRM,172,validation,junto,Uncertain,Uncertain,False,False,,,4087.0,,7.51,227.0,False,97,127,Q4,Q3
LRM,173,validation,junto,False,False,True,False,,,2551.0,,9.15,226.0,False,102,127,Q4,Q3
LRM,174,validation,junto,True,True,False,False,,,6110.0,,6.09,241.0,False,113,138,Q4,Q3
LRM,175,validation,junto,Uncertain,Uncertain,False,False,,,1052.0,,12.17,94.0,False,32,18,Q1,Q1
LRM,176,validation,junto,False,False,False,True,,,737.0,,12.93,97.0,False,34,19,Q1,Q1
LRM,177,validation,junto,True,True,True,True,,,672.0,,13.11,108.0,False,38,29,Q1,Q1
LRM,178,validation,junto,False,False,False,True,,,3096.0,,8.69,165.0,False,11,123,Q1,Q3
LRM,179,validation,junto,False,False,False,True,,,1251.0,,11.7,106.0,False,25,37,Q1,Q1
LRM,180,validation,junto,False,False,False,True,,,1681.0,,10.83,106.0,False,25,37,Q1,Q1
LRM,181,validation,junto,Uncertain,Uncertain,False,False,,,1792.0,,10.54,134.0,False,38,69,Q1,Q1
LRM,182,validation,junto,True,True,True,True,,,1751.0,,10.58,144.0,False,44,79,Q1,Q2
LRM,183,validation,junto,False,False,False,True,,,4920.0,,6.95,159.0,False,56,92,Q2,Q2
LRM,184,validation,junto,True,True,True,True,,,1001.0,,12.17,216.0,False,77,120,Q3,Q3
LRM,185,validation,junto,False,False,False,True,,,1080.0,,11.69,217.0,False,76,120,Q3,Q3
LRM,186,validation,junto,Uncertain,Uncertain,False,False,,,1243.0,,11.25,218.0,False,77,122,Q3,Q3
LRM,187,validation,junto,Uncertain,Uncertain,Uncertain,True,,,3028.0,,8.71,149.0,False,50,80,Q2,Q2
LRM,188,validation,junto,True,True,True,True,,,1865.0,,10.33,162.0,False,53,93,Q2,Q2
LRM,189,validation,junto,False,False,False,True,,,2047.0,,10.04,160.0,False,52,90,Q2,Q2
LRM,190,validation,junto,False,False,False,True,,,3051.0,,8.64,170.0,False,62,98,Q2,Q2
LRM,191,validation,junto,False,False,False,True,,,2637.0,,9.12,174.0,False,61,105,Q2,Q2
LRM,192,validation,junto,False,False,False,True,,,1552.0,,11.16,93.0,False,16,44,Q1,Q1
LRM,193,validation,junto,False,False,False,True,,,2368.0,,9.54,198.0,False,78,85,Q3,Q2
LRM,194,validation,junto,Uncertain,Uncertain,True,False,,,2994.0,,8.67,188.0,False,82,80,Q3,Q2
LRM,195,validation,junto,Uncertain,Uncertain,True,False,,,4596.0,,7.01,284.0,False,57,244,Q2,Q4
LRM,197,validation,junto,True,True,True,True,,,7300.0,,5.45,289.0,False,64,251,Q3,Q4
LRM,198,validation,junto,False,False,False,True,,,1134.0,,12.04,172.0,False,50,69,Q2,Q1
LRM,199,validation,junto,False,False,False,True,,,1209.0,,11.48,175.0,False,52,69,Q2,Q1
LRM,200,validation,junto,False,False,False,True,,,1053.0,,11.82,174.0,False,52,69,Q2,Q1
LRM,201,validation,junto,Uncertain,Uncertain,False,False,,,828.0,,12.73,168.0,False,48,59,Q2,Q1
LRM,202,validation,junto,Uncertain,Uncertain,True,False,,,846.0,,12.57,175.0,False,52,68,Q2,Q1
LRM,100000,train,junto,True,True,True,True,,,5168.0,,6.75,185.0,False,106,102,Q4,Q2
LRM,100001,train,junto,True,True,False,False,,,5530.0,,6.5,184.0,False,107,100,Q4,Q2
LRM,100003,train,junto,True,True,True,True,,,5065.0,,6.78,211.0,False,138,117,Q4,Q3
LRM,100005,train,junto,True,True,True,True,,,1218.0,,11.66,197.0,False,46,103,Q1,Q2
LRM,100008,train,junto,False,False,False,True,,,4863.0,,6.96,179.0,False,59,106,Q2,Q3
LRM,100009,train,junto,True,True,True,True,,,2113.0,,9.79,188.0,False,62,111,Q2,Q3
LRM,100024,train,junto,False,False,False,True,,,4065.0,,7.55,222.0,False,85,110,Q3,Q3
LRM,100025,train,junto,True,True,True,True,,,766.0,,13.02,127.0,False,36,41,Q1,Q1
LRM,100028,train,junto,Uncertain,Uncertain,False,False,,,1057.0,,12.31,127.0,False,37,41,Q1,Q1
LRM,100036,train,junto,False,False,True,False,,,4331.0,,7.3,226.0,False,71,141,Q3,Q3
LRM,100039,train,junto,False,False,False,True,,,5097.0,,6.72,253.0,False,92,160,Q4,Q4
LRM,100040,train,junto,Uncertain,Uncertain,False,False,,,7178.0,,5.55,252.0,False,78,149,Q3,Q4
LRM,100042,train,junto,False,False,False,True,,,5188.0,,6.56,309.0,False,108,182,Q4,Q4
LRM,100045,train,junto,Uncertain,Uncertain,False,False,,,3994.0,,7.66,192.0,False,64,136,Q3,Q3
LRM,100047,train,junto,True,True,True,True,,,4114.0,,7.41,279.0,False,101,205,Q4,Q4
LRM,100051,train,junto,False,False,False,True,,,896.0,,12.67,117.0,False,30,39,Q1,Q1
LRM,100052,train,junto,True,True,True,True,,,678.0,,13.27,116.0,False,30,38,Q1,Q1
LRM,100070,train,junto,True,True,True,True,,,2468.0,,9.37,170.0,False,68,101,Q3,Q2
LRM,100071,train,junto,False,False,False,True,,,4716.0,,7.06,183.0,False,79,115,Q3,Q3
LRM,100074,train,junto,Uncertain,Uncertain,False,False,,,1576.0,,11.08,111.0,False,21,44,Q1,Q1
LRM,100075,train,junto,Uncertain,Uncertain,False,False,,,4958.0,,6.85,215.0,False,82,154,Q3,Q4
LRM,100077,train,junto,False,False,Uncertain,False,,,4381.0,,7.28,222.0,False,86,161,Q3,Q4
LRM,100083,train,junto,False,False,False,True,,,4446.0,,7.09,328.0,False,107,257,Q4,Q4
LRM,100086,train,junto,Uncertain,Uncertain,Uncertain,True,,,3654.0,,7.88,335.0,False,110,175,Q4,Q4
LRM,100094,train,junto,Uncertain,Uncertain,False,False,,,2668.0,,9.19,135.0,False,17,81,Q1,Q2
LRM,100095,train,junto,False,False,False,True,,,4370.0,,7.39,151.0,False,50,75,Q2,Q1
LRM,100102,train,junto,False,False,False,True,,,2354.0,,9.38,221.0,False,82,125,Q3,Q3
LRM,100105,train,junto,False,False,False,True,,,814.0,,12.7,125.0,False,50,71,Q2,Q1
LRM,100106,train,junto,True,True,True,True,,,735.0,,12.71,126.0,False,49,71,Q2,Q1
LRM,100109,train,junto,False,False,False,True,,,5153.0,,6.57,343.0,False,204,218,Q4,Q4
LRM,100110,train,junto,True,True,Uncertain,False,,,3752.0,,7.62,361.0,False,215,232,Q4,Q4
LRM,100111,train,junto,Uncertain,Uncertain,False,False,,,789.0,,12.88,165.0,False,47,54,Q2,Q1
LRM,100114,train,junto,False,False,False,True,,,6218.0,,6.11,175.0,False,55,102,Q2,Q2
LRM,100118,train,junto,True,True,Uncertain,False,,,3544.0,,7.95,249.0,False,88,159,Q4,Q4
LRM,100124,train,junto,Uncertain,Uncertain,False,False,,,2443.0,,9.47,144.0,False,38,81,Q1,Q2
LRM,100127,train,junto,True,True,True,True,,,2177.0,,9.85,142.0,False,39,82,Q1,Q2
LRM,100130,train,junto,False,False,False,True,,,1467.0,,10.95,164.0,False,64,92,Q3,Q2
LRM,100133,train,junto,False,False,False,True,,,3536.0,,8.08,191.0,False,63,110,Q3,Q3
LRM,100134,train,junto,True,True,True,True,,,3151.0,,8.47,192.0,False,66,113,Q3,Q3
LRM,100135,train,junto,True,True,True,True,,,1123.0,,11.89,154.0,False,34,53,Q1,Q1
LRM,100136,train,junto,False,False,False,True,,,2642.0,,9.18,156.0,False,38,56,Q1,Q1
LRM,100137,train,junto,Uncertain,Uncertain,False,False,,,2202.0,,9.86,147.0,False,32,44,Q1,Q1
LRM,100150,train,junto,True,True,True,True,,,1323.0,,11.36,152.0,False,45,90,Q1,Q2
LRM,100151,train,junto,Uncertain,Uncertain,Uncertain,True,,,3071.0,,8.65,145.0,False,40,85,Q1,Q2
LRM,100152,train,junto,Uncertain,Uncertain,False,False,,,3100.0,,8.51,208.0,False,83,118,Q3,Q3
LRM,100158,train,junto,True,True,False,False,,,3732.0,,7.85,228.0,False,102,136,Q4,Q3
LRM,100159,train,junto,False,False,False,True,,,3379.0,,8.2,227.0,False,100,135,Q4,Q3
LRM,100161,train,junto,True,True,False,False,,,3424.0,,8.15,228.0,False,109,136,Q4,Q3
LRM,100163,train,junto,Uncertain,Uncertain,Uncertain,True,,,4488.0,,7.16,247.0,False,118,150,Q4,Q4
LRM,100165,train,junto,Uncertain,Uncertain,Uncertain,True,,,2473.0,,9.55,125.0,False,11,78,Q1,Q2
LRM,100166,train,junto,True,True,True,True,,,2446.0,,9.36,213.0,False,82,123,Q3,Q3
LRM,100173,train,junto,Uncertain,Uncertain,Uncertain,True,,,4156.0,,7.48,200.0,False,63,121,Q3,Q3
LRM,100178,train,junto,Uncertain,Uncertain,True,False,,,1630.0,,10.71,224.0,False,53,138,Q2,Q3
LRM,100180,train,junto,True,True,True,True,,,1386.0,,11.2,234.0,False,54,154,Q2,Q4
LRM,100181,train,junto,Uncertain,Uncertain,False,False,,,7175.0,,5.58,235.0,False,72,156,Q3,Q4
LRM,100182,train,junto,False,False,Uncertain,False,,,7337.0,,5.5,236.0,False,73,156,Q3,Q4
LRM,100183,train,junto,True,True,True,True,,,6309.0,,5.99,237.0,False,74,157,Q3,Q4
LRM,100194,train,junto,True,True,True,True,,,837.0,,13.4,180.0,False,58,78,Q2,Q2
LRM,100196,train,junto,True,True,True,True,,,1008.0,,12.23,217.0,False,106,74,Q4,Q1
LRM,100197,train,junto,True,True,True,True,,,984.0,,12.25,139.0,False,27,61,Q1,Q1
LRM,100199,train,junto,Uncertain,Uncertain,False,False,,,1064.0,,12.83,126.0,False,24,45,Q1,Q1
LRM,100201,train,junto,False,False,False,True,,,2957.0,,8.57,274.0,False,138,161,Q4,Q4
LRM,100203,train,junto,True,True,True,True,,,721.0,,13.1,147.0,False,54,76,Q2,Q2
LRM,100204,train,junto,Uncertain,Uncertain,False,False,,,1116.0,,11.88,148.0,False,54,78,Q2,Q2
LRM,100208,train,junto,True,True,True,True,,,3307.0,,8.11,308.0,False,150,168,Q4,Q4
LRM,100209,train,junto,Uncertain,Uncertain,Uncertain,True,,,3898.0,,7.7,201.0,False,63,136,Q3,Q3
LRM,100215,train,junto,False,False,False,True,,,5586.0,,6.35,285.0,False,124,231,Q4,Q4
LRM,100218,train,junto,True,True,False,False,,,4992.0,,6.81,233.0,False,110,132,Q4,Q3
LRM,100224,train,junto,False,False,False,True,,,4962.0,,6.93,145.0,False,40,74,Q1,Q1
LRM,100227,train,junto,False,False,False,True,,,2031.0,,9.98,212.0,False,72,134,Q3,Q3
LRM,100228,train,junto,False,False,False,True,,,2103.0,,9.87,194.0,False,88,100,Q4,Q2
LRM,100230,train,junto,Uncertain,Uncertain,False,False,,,4374.0,,7.37,169.0,False,57,89,Q2,Q2
LRM,100233,train,junto,False,False,False,True,,,2307.0,,9.61,157.0,False,47,92,Q2,Q2
LRM,100240,train,junto,True,True,True,True,,,4974.0,,6.83,211.0,False,90,128,Q4,Q3
LRM,100242,train,junto,Uncertain,Uncertain,True,False,,,1549.0,,10.99,145.0,False,33,74,Q1,Q1
LRM,100244,train,junto,Uncertain,Uncertain,Uncertain,True,,,1286.0,,11.65,138.0,False,34,69,Q1,Q1
LRM,100250,train,junto,Uncertain,Uncertain,True,False,,,1665.0,,10.74,164.0,False,51,57,Q2,Q1
LRM,100252,train,junto,True,True,True,True,,,1249.0,,11.29,228.0,False,61,96,Q2,Q2
LRM,100254,train,junto,Uncertain,Uncertain,True,False,,,1348.0,,11.24,207.0,False,51,71,Q2,Q1
LRM,100255,train,junto,True,True,True,True,,,2108.0,,9.96,151.0,False,42,62,Q1,Q1
LRM,100257,train,junto,False,False,False,True,,,2417.0,,9.44,190.0,False,62,67,Q2,Q1
LRM,100260,train,junto,True,True,True,True,,,1797.0,,10.3,211.0,False,59,138,Q2,Q3
LRM,100267,train,junto,False,False,True,False,,,4527.0,,7.02,324.0,False,139,219,Q4,Q4
LRM,100268,train,junto,False,False,False,True,,,2439.0,,9.43,169.0,False,80,93,Q3,Q2
LRM,100270,train,junto,Uncertain,Uncertain,Uncertain,True,,,4029.0,,7.65,170.0,False,80,95,Q3,Q2
LRM,100271,train,junto,True,True,True,True,,,1537.0,,10.92,172.0,False,54,93,Q2,Q2
LRM,100273,train,junto,False,False,False,True,,,2048.0,,10.06,153.0,False,47,75,Q2,Q1
LRM,100278,train,junto,True,True,True,True,,,1693.0,,10.62,158.0,False,47,77,Q2,Q2
LRM,100283,train,junto,False,False,False,True,,,2367.0,,9.34,230.0,False,94,113,Q4,Q3
LRM,100285,train,junto,Uncertain,Uncertain,False,False,,,895.0,,12.34,228.0,False,74,88,Q3,Q2
LRM,100288,train,junto,True,True,True,True,,,1078.0,,12.01,136.0,False,43,51,Q1,Q1
LRM,100290,train,junto,Uncertain,Uncertain,False,False,,,1519.0,,11.18,134.0,False,43,50,Q1,Q1
LRM,100291,train,junto,False,False,False,True,,,1737.0,,10.64,145.0,False,43,57,Q1,Q1
LRM,100293,train,junto,False,False,False,True,,,1360.0,,11.37,176.0,False,34,106,Q1,Q3
LRM,100302,train,junto,False,False,True,False,,,1819.0,,10.43,206.0,False,66,160,Q3,Q4
LRM,100306,train,junto,True,True,True,True,,,3432.0,,8.14,221.0,False,97,131,Q4,Q3
LRM,100307,train,junto,False,False,False,True,,,3496.0,,8.05,234.0,False,106,138,Q4,Q3
LRM,100308,train,junto,True,True,True,True,,,2638.0,,9.04,234.0,False,107,138,Q4,Q3
LRM,100309,train,junto,True,True,True,True,,,4156.0,,7.43,247.0,False,113,149,Q4,Q4
LRM,100311,train,junto,True,True,False,False,,,3604.0,,7.98,207.0,False,59,157,Q2,Q4
LRM,100312,train,junto,False,False,False,True,,,5111.0,,6.74,208.0,False,59,159,Q2,Q4
LRM,100315,train,junto,Uncertain,Uncertain,False,False,,,1350.0,,11.23,167.0,False,44,86,Q1,Q2
LRM,100316,train,junto,True,True,False,False,,,6984.0,,5.66,219.0,False,82,145,Q3,Q4
LRM,100317,train,junto,True,True,True,True,,,1904.0,,10.09,216.0,False,80,143,Q3,Q4
LRM,100321,train,junto,Uncertain,Uncertain,True,False,,,2984.0,,8.56,231.0,False,101,125,Q4,Q3
LRM,100323,train,junto,Uncertain,Uncertain,False,False,,,1759.0,,10.59,147.0,False,28,89,Q1,Q2
LRM,100329,train,junto,True,True,True,True,,,1281.0,,11.55,121.0,False,29,40,Q1,Q1
LRM,100334,train,junto,True,True,False,False,,,4991.0,,6.85,202.0,False,64,125,Q3,Q3
LRM,100336,train,junto,True,True,True,True,,,2386.0,,9.45,201.0,False,66,126,Q3,Q3
LRM,100338,train,junto,False,False,False,True,,,4451.0,,7.22,221.0,False,76,143,Q3,Q4
LRM,100339,train,junto,True,True,False,False,,,5464.0,,6.5,228.0,False,87,151,Q4,Q4
LRM,100340,train,junto,False,False,False,True,,,2955.0,,8.67,221.0,False,70,144,Q3,Q4
LRM,100341,train,junto,True,True,True,True,,,4031.0,,7.56,235.0,False,79,154,Q3,Q4
LRM,100343,train,junto,False,False,False,True,,,2081.0,,9.96,183.0,False,48,104,Q2,Q2
LRM,100351,train,junto,True,True,True,True,,,4373.0,,7.37,158.0,False,61,86,Q2,Q2
LRM,100353,train,junto,Uncertain,Uncertain,False,False,,,1982.0,,10.14,176.0,False,58,91,Q2,Q2
LRM,100357,train,junto,True,True,True,True,,,1118.0,,12.03,161.0,False,50,85,Q2,Q2
LRM,100358,train,junto,Uncertain,Uncertain,Uncertain,True,,,3281.0,,8.42,164.0,False,53,86,Q2,Q2
LRM,100359,train,junto,False,False,False,True,,,3211.0,,8.44,179.0,False,61,94,Q2,Q2
LRM,100362,train,junto,Uncertain,Uncertain,False,False,,,2576.0,,9.31,130.0,False,52,68,Q2,Q1
LRM,100366,train,junto,False,False,False,True,,,1276.0,,11.58,141.0,False,47,66,Q2,Q1
LRM,100372,train,junto,Uncertain,Uncertain,False,False,,,3144.0,,8.39,259.0,False,126,132,Q4,Q3
LRM,100373,train,junto,False,False,False,True,,,4757.0,,6.92,272.0,False,133,141,Q4,Q3
LRM,100378,train,junto,True,True,True,True,,,1178.0,,11.68,175.0,False,38,110,Q1,Q3
LRM,100388,train,junto,Uncertain,Uncertain,False,False,,,2338.0,,9.34,267.0,False,81,180,Q3,Q4
LRM,100391,train,junto,True,True,False,False,,,4595.0,,7.02,280.0,False,89,191,Q4,Q4
LRM,100393,train,junto,False,False,False,True,,,3187.0,,8.55,133.0,False,37,72,Q1,Q1
LRM,100394,train,junto,True,True,True,True,,,2273.0,,9.73,134.0,False,38,73,Q1,Q1
LRM,100405,train,junto,True,True,True,True,,,1966.0,,10.25,134.0,False,37,59,Q1,Q1
LRM,100408,train,junto,False,False,False,True,,,5153.0,,6.76,179.0,False,67,108,Q3,Q3
LRM,100409,train,junto,Uncertain,Uncertain,False,False,,,2564.0,,9.29,146.0,False,35,62,Q1,Q1
LRM,100412,train,junto,Uncertain,Uncertain,False,False,,,6841.0,,5.74,202.0,False,50,141,Q2,Q3
LRM,100415,train,junto,True,True,False,False,,,3415.0,,8.36,108.0,False,13,54,Q1,Q1
LRM,100416,train,junto,Uncertain,Uncertain,False,False,,,4513.0,,7.09,293.0,False,175,195,Q4,Q4
LRM,100418,train,junto,True,True,True,True,,,4500.0,,7.06,316.0,False,190,220,Q4,Q4
LRM,100421,train,junto,Uncertain,Uncertain,False,False,,,3188.0,,8.5,163.0,False,44,69,Q1,Q1
LRM,100422,train,junto,Uncertain,Uncertain,False,False,,,2580.0,,9.3,140.0,False,42,80,Q1,Q2
LRM,100424,train,junto,False,False,False,True,,,1851.0,,10.41,153.0,False,49,92,Q2,Q2
LRM,100430,train,junto,False,False,False,True,,,7284.0,,5.41,368.0,False,178,275,Q4,Q4
LRM,100433,train,junto,False,False,False,True,,,3427.0,,8.17,194.0,False,88,122,Q4,Q3
LRM,100435,train,junto,Uncertain,Uncertain,False,False,,,3935.0,,7.7,200.0,False,56,125,Q2,Q3
LRM,100437,train,junto,False,False,False,True,,,2487.0,,9.34,195.0,False,57,119,Q2,Q3
LRM,100440,train,junto,False,False,False,True,,,1432.0,,11.31,106.0,False,43,26,Q1,Q1
LRM,100441,train,junto,Uncertain,Uncertain,False,False,,,972.0,,12.48,103.0,False,40,25,Q1,Q1
LRM,100444,train,junto,True,True,False,False,,,5488.0,,6.37,327.0,False,133,208,Q4,Q4
LRM,100446,train,junto,Uncertain,Uncertain,False,False,,,3889.0,,7.7,222.0,False,126,113,Q4,Q3
LRM,100448,train,junto,True,True,False,False,,,6422.0,,5.93,241.0,False,131,133,Q4,Q3
LRM,100466,train,junto,True,True,True,True,,,724.0,,13.07,164.0,False,51,47,Q2,Q1
LRM,100467,train,junto,True,True,True,True,,,902.0,,12.6,110.0,False,24,53,Q1,Q1
LRM,100468,train,junto,Uncertain,Uncertain,False,False,,,1487.0,,11.21,110.0,False,25,54,Q1,Q1
LRM,100469,train,junto,True,True,True,True,,,568.0,,13.45,176.0,False,57,71,Q2,Q1
LRM,100471,train,junto,False,False,False,True,,,2043.0,,10.05,178.0,False,55,78,Q2,Q2
LRM,100475,train,junto,False,False,False,True,,,4264.0,,7.43,183.0,False,58,111,Q2,Q3
LRM,100476,train,junto,True,True,True,True,,,5420.0,,6.54,211.0,False,72,129,Q3,Q3
LRM,100481,train,junto,False,False,False,True,,,2231.0,,9.72,181.0,False,60,124,Q2,Q3
LRM,100484,train,junto,False,False,False,True,,,2017.0,,10.13,132.0,False,30,66,Q1,Q1
LRM,100486,train,junto,Uncertain,Uncertain,False,False,,,2931.0,,8.85,134.0,False,30,66,Q1,Q1
LRM,100500,train,junto,True,True,True,True,,,6862.0,,5.71,241.0,False,84,153,Q3,Q4
LRM,100506,train,junto,True,True,True,True,,,601.0,,13.41,101.0,False,20,25,Q1,Q1
LRM,100517,train,junto,False,False,True,False,,,3840.0,,7.76,208.0,False,69,137,Q3,Q3
LRM,100518,train,junto,False,False,False,True,,,1212.0,,11.7,172.0,False,47,67,Q2,Q1
LRM,100519,train,junto,False,False,False,True,,,1359.0,,11.35,167.0,False,44,63,Q1,Q1
LRM,100521,train,junto,Uncertain,Uncertain,Uncertain,True,,,6006.0,,6.13,275.0,False,77,154,Q3,Q4
LRM,100523,train,junto,True,True,True,True,,,6022.0,,6.12,292.0,False,77,164,Q3,Q4
LRM,100530,train,junto,Uncertain,Uncertain,False,False,,,805.0,,12.92,134.0,False,37,33,Q1,Q1
LRM,100532,train,junto,False,False,False,True,,,2357.0,,9.61,168.0,False,38,75,Q1,Q1
LRM,100535,train,junto,True,True,True,True,,,1236.0,,11.21,274.0,False,65,145,Q3,Q4
LRM,100541,train,junto,Uncertain,Uncertain,False,False,,,1116.0,,11.99,125.0,False,22,59,Q1,Q1
LRM,100543,train,junto,Uncertain,Uncertain,Uncertain,True,,,2844.0,,8.79,222.0,False,84,132,Q3,Q3
LRM,100549,train,junto,True,True,False,False,,,3864.0,,7.72,226.0,False,73,147,Q3,Q4
LRM,100550,train,junto,Uncertain,Uncertain,False,False,,,2226.0,,9.88,123.0,False,32,53,Q1,Q1
LRM,100551,train,junto,True,True,Uncertain,False,,,2107.0,,10.0,131.0,False,36,58,Q1,Q1
LRM,100556,train,junto,True,True,False,False,,,5469.0,,6.52,199.0,False,124,120,Q4,Q3
LRM,100558,train,junto,True,True,True,True,,,1674.0,,10.7,182.0,False,50,100,Q2,Q2
LRM,100561,train,junto,Uncertain,Uncertain,Uncertain,True,,,5319.0,,6.58,236.0,False,79,158,Q3,Q4
LRM,100564,train,junto,Uncertain,Uncertain,False,False,,,3171.0,,8.43,201.0,False,46,131,Q1,Q3
LRM,100565,train,junto,True,True,True,True,,,2689.0,,8.99,197.0,False,46,127,Q1,Q3
LRM,100566,train,junto,True,True,True,True,,,3919.0,,7.73,195.0,False,44,126,Q1,Q3
LRM,100570,train,junto,False,False,False,True,,,3658.0,,7.84,268.0,False,73,174,Q3,Q4
LRM,100572,train,junto,Uncertain,Uncertain,False,False,,,5224.0,,6.73,155.0,False,36,91,Q1,Q2
LRM,100573,train,junto,Uncertain,Uncertain,False,False,,,6544.0,,5.94,156.0,False,38,92,Q1,Q2
LRM,100574,train,junto,False,False,False,True,,,2959.0,,8.74,163.0,False,39,96,Q1,Q2
LRM,100576,train,junto,Uncertain,Uncertain,False,False,,,1697.0,,10.49,204.0,False,73,104,Q3,Q2
LRM,100578,train,junto,True,True,True,True,,,1248.0,,11.47,202.0,False,77,102,Q3,Q2
LRM,100582,train,junto,False,False,False,True,,,3283.0,,8.19,263.0,False,111,196,Q4,Q4
LRM,100583,train,junto,False,False,True,False,,,3618.0,,7.87,260.0,False,109,192,Q4,Q4
LRM,100589,train,junto,True,True,False,False,,,7167.0,,5.62,169.0,False,55,95,Q2,Q2
LRM,100590,train,junto,Uncertain,Uncertain,True,False,,,4975.0,,6.69,339.0,False,147,239,Q4,Q4
LRM,100592,train,junto,True,True,Uncertain,False,,,4980.0,,6.71,321.0,False,139,218,Q4,Q4
LRM,100593,train,junto,True,True,True,True,,,3601.0,,7.89,245.0,False,107,144,Q4,Q4
LRM,100594,train,junto,Uncertain,Uncertain,False,False,,,2844.0,,8.69,253.0,False,108,149,Q4,Q4
LRM,100596,train,junto,True,True,True,True,,,884.0,,12.57,137.0,False,53,62,Q2,Q1
LRM,100608,train,junto,False,False,False,True,,,2052.0,,10.12,141.0,False,35,83,Q1,Q2
LRM,100610,train,junto,False,False,False,True,,,4584.0,,6.78,457.0,False,164,364,Q4,Q4
LRM,100619,train,junto,Uncertain,Uncertain,True,False,,,4796.0,,6.95,212.0,False,93,118,Q4,Q3
LRM,100620,train,junto,True,True,True,True,,,1484.0,,11.1,146.0,False,39,41,Q1,Q1
LRM,100621,train,junto,Uncertain,Uncertain,True,False,,,817.0,,12.87,143.0,False,37,38,Q1,Q1
LRM,100625,train,junto,False,False,Uncertain,False,,,5301.0,,6.71,133.0,False,53,74,Q2,Q1
LRM,100626,train,junto,False,False,False,True,,,2385.0,,9.4,212.0,False,65,125,Q3,Q3
LRM,100630,train,junto,False,False,False,True,,,4478.0,,7.22,215.0,False,100,144,Q4,Q4
LRM,100634,train,junto,Uncertain,Uncertain,False,False,,,4362.0,,7.36,173.0,False,87,112,Q4,Q3
LRM,100635,train,junto,True,True,Uncertain,False,,,6142.0,,6.13,185.0,False,94,123,Q4,Q3
LRM,100636,train,junto,False,False,False,True,,,5601.0,,6.46,183.0,False,90,121,Q4,Q3
LRM,100644,train,junto,Uncertain,Uncertain,False,False,,,2171.0,,9.83,164.0,False,45,99,Q1,Q2
LRM,100648,train,junto,True,True,False,False,,,5892.0,,6.29,171.0,False,69,96,Q3,Q2
LRM,100649,train,junto,False,False,False,True,,,7033.0,,5.69,170.0,False,72,95,Q3,Q2
LRM,100652,train,junto,True,True,True,True,,,880.0,,12.98,176.0,False,45,90,Q1,Q2
LRM,100656,train,junto,False,False,False,True,,,1844.0,,10.38,159.0,False,54,66,Q2,Q1
LRM,100660,train,junto,True,True,True,True,,,5288.0,,6.68,169.0,False,62,71,Q2,Q1
LRM,100669,train,junto,True,True,False,False,,,1992.0,,10.1,173.0,False,38,87,Q1,Q2
LRM,100670,train,junto,Uncertain,Uncertain,False,False,,,6501.0,,5.97,171.0,False,37,87,Q1,Q2
LRM,100671,train,junto,Uncertain,Uncertain,True,False,,,1123.0,,11.96,167.0,False,37,76,Q1,Q2
LRM,100673,train,junto,True,True,True,True,,,1471.0,,10.69,275.0,False,77,158,Q3,Q4
LRM,100674,train,junto,Uncertain,Uncertain,False,False,,,4288.0,,7.28,304.0,False,78,179,Q3,Q4
LRM,100675,train,junto,True,True,True,True,,,793.0,,13.41,122.0,False,24,61,Q1,Q1
LRM,100679,train,junto,False,False,False,True,,,2025.0,,9.96,187.0,False,74,124,Q3,Q3
LRM,100680,train,junto,False,False,True,False,,,3802.0,,7.85,177.0,False,72,112,Q3,Q3
LRM,100682,train,junto,False,False,False,True,,,951.0,,12.01,226.0,False,54,132,Q2,Q3
LRM,100683,train,junto,True,True,True,True,,,1116.0,,11.65,232.0,False,57,134,Q2,Q3
LRM,100685,train,junto,False,False,False,True,,,1360.0,,11.16,202.0,False,59,96,Q2,Q2
LRM,100686,train,junto,Uncertain,Uncertain,False,False,,,2239.0,,9.61,213.0,False,58,109,Q2,Q3
LRM,100687,train,junto,True,True,True,True,,,858.0,,12.57,188.0,False,80,71,Q3,Q1
LRM,100688,train,junto,Uncertain,Uncertain,False,False,,,1915.0,,10.22,188.0,False,80,71,Q3,Q1
LRM,100691,train,junto,False,False,False,True,,,3582.0,,8.18,140.0,False,38,61,Q1,Q1
LRM,100693,train,junto,Uncertain,Uncertain,False,False,,,2905.0,,8.82,177.0,False,68,95,Q3,Q2
LRM,100695,train,junto,True,True,True,True,,,2998.0,,8.68,196.0,False,84,109,Q3,Q3
LRM,100698,train,junto,True,True,True,True,,,3082.0,,8.57,191.0,False,70,118,Q3,Q3
LRM,100703,train,junto,False,False,False,True,,,5136.0,,6.74,203.0,False,100,113,Q4,Q3
LRM,100707,train,junto,True,True,True,True,,,3189.0,,8.35,225.0,False,83,128,Q3,Q3
LRM,100713,train,junto,False,False,True,False,,,3586.0,,7.87,288.0,False,140,161,Q4,Q4
LRM,100718,train,junto,Uncertain,Uncertain,True,False,,,1316.0,,11.27,222.0,False,57,116,Q2,Q3
LRM,100720,train,junto,False,False,False,True,,,1817.0,,10.19,220.0,False,57,117,Q2,Q3
LRM,100722,train,junto,Uncertain,Uncertain,True,False,,,1388.0,,11.33,155.0,False,50,106,Q2,Q3
LRM,100725,train,junto,True,True,True,True,,,2097.0,,9.91,170.0,False,58,77,Q2,Q2
LRM,100730,train,junto,True,True,True,True,,,4993.0,,6.86,200.0,False,102,137,Q4,Q3
LRM,100733,train,junto,False,False,True,False,,,3882.0,,7.73,208.0,False,107,147,Q4,Q4
LRM,100734,train,junto,False,False,False,True,,,5465.0,,6.52,206.0,False,108,144,Q4,Q4
LRM,100736,train,junto,False,False,Uncertain,False,,,6571.0,,5.87,222.0,False,126,156,Q4,Q4
LRM,100737,train,junto,True,True,True,True,,,5064.0,,6.8,206.0,False,107,142,Q4,Q3
LRM,100752,train,junto,True,True,True,True,,,4398.0,,7.28,215.0,False,56,155,Q2,Q4
LRM,100754,train,junto,True,True,False,False,,,996.0,,12.32,145.0,False,53,49,Q2,Q1
LRM,100759,train,junto,True,True,True,True,,,919.0,,11.84,295.0,False,92,154,Q4,Q4
LRM,100760,train,junto,Uncertain,Uncertain,False,False,,,1393.0,,11.14,295.0,False,93,154,Q4,Q4
LRM,100765,train,junto,Uncertain,Uncertain,False,False,,,1710.0,,10.61,236.0,False,79,157,Q3,Q4
LRM,100767,train,junto,True,True,False,False,,,5157.0,,6.68,257.0,False,99,180,Q4,Q4
LRM,100769,train,junto,Uncertain,Uncertain,False,False,,,2325.0,,9.65,193.0,False,82,104,Q3,Q2
LRM,100789,train,junto,True,True,True,True,,,2211.0,,9.82,161.0,False,66,82,Q3,Q2
LRM,100790,train,junto,Uncertain,Uncertain,True,False,,,2314.0,,9.67,151.0,False,60,77,Q2,Q2
LRM,100791,train,junto,Uncertain,Uncertain,False,False,,,3164.0,,8.67,98.0,False,27,42,Q1,Q1
LRM,100792,train,junto,Uncertain,Uncertain,True,False,,,1897.0,,10.27,151.0,False,58,73,Q2,Q1
LRM,100793,train,junto,False,False,False,True,,,3139.0,,8.59,149.0,False,57,73,Q2,Q1
LRM,100798,train,junto,True,True,True,True,,,1114.0,,11.74,183.0,False,49,95,Q2,Q2
LRM,100801,train,junto,Uncertain,Uncertain,False,False,,,2201.0,,9.77,166.0,False,59,81,Q2,Q2
LRM,100804,train,junto,Uncertain,Uncertain,False,False,,,3455.0,,8.32,126.0,False,14,76,Q1,Q2
LRM,100806,train,junto,False,False,False,True,,,1871.0,,10.05,265.0,False,96,183,Q4,Q4
LRM,100809,train,junto,True,True,True,True,,,1828.0,,10.4,169.0,False,41,117,Q1,Q3
LRM,100814,train,junto,True,True,True,True,,,811.0,,12.38,219.0,False,67,91,Q3,Q2
LRM,100815,train,junto,Uncertain,Uncertain,False,False,,,2072.0,,9.95,216.0,False,69,94,Q3,Q2
LRM,100816,train,junto,False,False,False,True,,,759.0,,13.28,191.0,False,64,69,Q3,Q1
LRM,100819,train,junto,False,False,False,True,,,7588.0,,5.34,286.0,False,101,167,Q4,Q4
LRM,100821,train,junto,False,False,False,True,,,1400.0,,11.24,183.0,False,62,84,Q2,Q2
LRM,100826,train,junto,Uncertain,Uncertain,Uncertain,True,,,3975.0,,7.56,250.0,False,84,136,Q3,Q3
LRM,100830,train,junto,False,False,False,True,,,3831.0,,7.7,256.0,False,90,141,Q4,Q3
LRM,100831,train,junto,True,True,True,True,,,3090.0,,8.4,275.0,False,99,153,Q4,Q4
LRM,100836,train,junto,False,False,False,True,,,1960.0,,10.07,179.0,False,55,100,Q2,Q2
LRM,100841,train,junto,Uncertain,Uncertain,False,False,,,3735.0,,7.84,234.0,False,64,177,Q3,Q4
LRM,100846,train,junto,True,True,True,True,,,3195.0,,8.54,134.0,False,39,72,Q1,Q1
LRM,100849,train,junto,False,False,False,True,,,2065.0,,9.92,200.0,False,52,160,Q2,Q4
LRM,100851,train,junto,Uncertain,Uncertain,False,False,,,1971.0,,10.1,182.0,False,57,109,Q2,Q3
LRM,100853,train,junto,Uncertain,Uncertain,False,False,,,3165.0,,8.51,184.0,False,58,109,Q2,Q3
LRM,100854,train,junto,Uncertain,Uncertain,False,False,,,2276.0,,9.74,142.0,False,46,65,Q1,Q1
LRM,100863,train,junto,False,False,Uncertain,False,,,3168.0,,8.37,251.0,False,78,156,Q3,Q4
LRM,100864,train,junto,True,True,Uncertain,False,,,2815.0,,8.78,252.0,False,79,157,Q3,Q4
LRM,100866,train,junto,True,True,True,True,,,2231.0,,9.69,172.0,False,53,77,Q2,Q2
LRM,100869,train,junto,False,False,False,True,,,3476.0,,8.14,181.0,False,58,81,Q2,Q2
LRM,100873,train,junto,False,False,False,True,,,3824.0,,7.77,217.0,False,72,99,Q3,Q2
LRM,100874,train,junto,False,False,False,True,,,5985.0,,6.21,194.0,False,66,87,Q3,Q2
LRM,100875,train,junto,True,True,True,True,,,1200.0,,11.61,200.0,False,70,108,Q3,Q3
LRM,100891,train,junto,True,True,True,True,,,2439.0,,9.07,331.0,False,104,252,Q4,Q4
LRM,100892,train,junto,False,False,Uncertain,False,,,3538.0,,7.82,333.0,False,106,255,Q4,Q4
LRM,100900,train,junto,Uncertain,Uncertain,False,False,,,1192.0,,11.95,96.0,False,13,40,Q1,Q1
LRM,100902,train,junto,True,True,True,True,,,1716.0,,10.65,128.0,False,36,70,Q1,Q1
LRM,100907,train,junto,True,True,False,False,,,5719.0,,6.38,186.0,False,75,116,Q3,Q3
LRM,100911,train,junto,False,False,False,True,,,3459.0,,8.19,194.0,False,111,96,Q4,Q2
LRM,100912,train,junto,True,True,False,False,,,2580.0,,9.17,196.0,False,112,99,Q4,Q2
LRM,100913,train,junto,Uncertain,Uncertain,False,False,,,5164.0,,6.74,187.0,False,110,89,Q4,Q2
LRM,100914,train,junto,True,True,False,False,,,6130.0,,6.13,203.0,False,120,106,Q4,Q3
LRM,100918,train,junto,True,True,False,False,,,2849.0,,8.79,224.0,False,138,123,Q4,Q3
LRM,100925,train,junto,Uncertain,Uncertain,True,False,,,3879.0,,7.67,247.0,False,55,158,Q2,Q4
LRM,100927,train,junto,False,False,False,True,,,2580.0,,9.03,230.0,False,97,146,Q4,Q4
LRM,100932,train,junto,False,False,False,True,,,1378.0,,11.21,231.0,False,66,107,Q3,Q3
LRM,100934,train,junto,Uncertain,Uncertain,Uncertain,True,,,3007.0,,8.78,149.0,False,42,90,Q1,Q2
LRM,100949,train,junto,Uncertain,Uncertain,False,False,,,1801.0,,10.4,153.0,False,58,63,Q2,Q1
LRM,100950,train,junto,True,True,True,True,,,887.0,,12.48,155.0,False,60,66,Q2,Q1
LRM,100951,train,junto,False,False,False,True,,,1041.0,,12.39,103.0,False,16,22,Q1,Q1
LRM,100955,train,junto,Uncertain,Uncertain,False,False,,,3245.0,,8.47,146.0,False,44,75,Q1,Q1
LRM,100957,train,junto,True,True,True,True,,,1716.0,,10.64,147.0,False,43,76,Q1,Q2
LRM,100958,train,junto,False,False,False,True,,,3271.0,,8.41,153.0,False,45,82,Q1,Q2
LRM,100959,train,junto,False,False,False,True,,,2566.0,,9.3,152.0,False,45,80,Q1,Q2
LRM,100964,train,junto,Uncertain,Uncertain,False,False,,,1189.0,,11.68,159.0,False,43,58,Q1,Q1
LRM,100966,train,junto,Uncertain,Uncertain,False,False,,,723.0,,13.16,178.0,False,59,63,Q2,Q1
LRM,100967,train,junto,Uncertain,Uncertain,True,False,,,1034.0,,12.18,180.0,False,62,63,Q2,Q1
LRM,100970,train,junto,True,True,False,False,,,2035.0,,9.96,179.0,False,80,95,Q3,Q2
LRM,100973,train,junto,Uncertain,Uncertain,False,False,,,3456.0,,8.04,283.0,False,114,186,Q4,Q4
LRM,100978,train,junto,True,True,True,True,,,853.0,,12.72,147.0,False,54,49,Q2,Q1
LRM,100980,train,junto,False,False,True,False,,,1972.0,,10.17,153.0,False,58,50,Q2,Q1
LRM,100982,train,junto,True,True,True,True,,,1137.0,,11.67,233.0,False,72,168,Q3,Q4
LRM,100984,train,junto,True,True,True,True,,,1819.0,,10.28,205.0,False,65,112,Q3,Q3
LRM,100986,train,junto,True,True,False,False,,,2362.0,,9.42,204.0,False,70,112,Q3,Q3
LRM,100993,train,junto,Uncertain,Uncertain,False,False,,,1818.0,,10.46,143.0,False,41,84,Q1,Q2
LRM,100994,train,junto,False,False,False,True,,,1896.0,,10.3,151.0,False,47,91,Q2,Q2
LRM,100999,train,junto,False,False,False,True,,,2083.0,,10.0,161.0,False,52,99,Q2,Q2
LRM,16,validation,junto,Uncertain,Uncertain,False,False,,,2595.0,,9.07,187.0,False,68,106,Q3,Q3
LRM,26,validation,junto,Uncertain,Uncertain,False,False,,,1355.0,,11.25,214.0,False,72,91,Q3,Q2
LRM,27,validation,junto,Uncertain,Uncertain,False,False,,,5711.0,,6.39,176.0,False,59,98,Q2,Q2
LRM,28,validation,junto,True,True,True,True,,,5433.0,,6.56,185.0,False,63,107,Q2,Q3
LRM,57,validation,junto,False,False,Uncertain,False,,,7306.0,,5.46,292.0,False,83,203,Q3,Q4
LRM,75,validation,junto,Uncertain,Uncertain,False,False,,,5828.0,,6.18,308.0,False,162,181,Q4,Q4
LRM,85,validation,junto,Uncertain,Uncertain,Uncertain,True,,,6429.0,,5.95,223.0,False,81,130,Q3,Q3
LRM,122,validation,junto,False,False,False,True,,,6253.0,,6.03,234.0,False,62,167,Q2,Q4
LRM,135,validation,junto,Uncertain,Uncertain,False,False,,,1355.0,,11.39,123.0,False,22,57,Q1,Q1
LRM,141,validation,junto,True,True,Uncertain,False,,,7221.0,,5.51,271.0,False,132,171,Q4,Q4
LRM,142,validation,junto,True,True,False,False,,,5477.0,,6.46,252.0,False,49,185,Q2,Q4
LRM,152,validation,junto,Uncertain,Uncertain,False,False,,,7169.0,,5.58,215.0,False,46,162,Q1,Q4
LRM,196,validation,junto,False,False,True,False,,,6238.0,,5.96,288.0,False,59,249,Q2,Q4
LRM,100249,train,junto,Uncertain,Uncertain,False,False,,,1142.0,,11.76,170.0,False,52,59,Q2,Q1
LRM,100429,train,junto,Uncertain,Uncertain,False,False,,,6491.0,,5.79,365.0,False,176,277,Q4,Q4
LRM,100452,train,junto,True,True,True,True,,,6888.0,,5.4,558.0,False,105,433,Q4,Q4
LRM,100527,train,junto,Uncertain,Uncertain,False,False,,,1233.0,,11.83,89.0,False,17,26,Q1,Q1
LRM,100567,train,junto,Uncertain,Uncertain,False,False,,,885.0,,12.49,148.0,False,38,42,Q1,Q1
LRM,100597,train,junto,False,False,False,True,,,2378.0,,9.58,148.0,False,56,74,Q2,Q1
LRM,0,validation,irrelevant,Uncertain,Uncertain,False,False,,,3244.0,,10.13,308.0,False,149,211,Q4,Q4
LRM,1,validation,irrelevant,True,True,False,False,,,8809.0,,6.63,371.0,False,205,259,Q4,Q4
LRM,2,validation,irrelevant,False,False,False,True,,,6590.0,,7.66,363.0,False,189,252,Q4,Q4
LRM,3,validation,irrelevant,Uncertain,Uncertain,Uncertain,True,,,6371.0,,7.92,220.0,False,90,163,Q4,Q4
LRM,4,validation,irrelevant,Uncertain,Uncertain,Uncertain,True,,,6455.0,,7.87,217.0,False,92,164,Q4,Q4
LRM,5,validation,irrelevant,True,True,True,True,,,4061.0,,8.22,225.0,False,137,169,Q4,Q4
LRM,6,validation,irrelevant,True,True,True,True,,,2412.0,,10.05,197.0,False,46,120,Q1,Q3
LRM,7,validation,irrelevant,Uncertain,Uncertain,False,False,,,2417.0,,11.15,209.0,False,47,128,Q2,Q3
LRM,8,validation,irrelevant,Uncertain,Uncertain,False,False,,,1737.0,,12.13,212.0,False,47,127,Q2,Q3
LRM,9,validation,irrelevant,True,True,True,True,,,1408.0,,11.63,190.0,False,71,81,Q3,Q2
LRM,10,validation,irrelevant,False,False,False,True,,,4405.0,,8.04,180.0,False,71,81,Q3,Q2
LRM,11,validation,irrelevant,Uncertain,Uncertain,False,False,,,2357.0,,11.28,183.0,False,70,81,Q3,Q2
LRM,12,validation,irrelevant,True,True,True,True,,,2365.0,,10.14,187.0,False,62,109,Q2,Q3
LRM,13,validation,irrelevant,Uncertain,Uncertain,False,False,,,5343.0,,8.57,198.0,False,62,125,Q2,Q3
LRM,14,validation,irrelevant,False,False,False,True,,,1389.0,,11.73,187.0,False,63,110,Q2,Q3
LRM,15,validation,irrelevant,True,True,True,True,,,1386.0,,11.97,97.0,False,13,39,Q1,Q1
LRM,17,validation,irrelevant,Uncertain,Uncertain,True,False,,,1450.0,,12.49,196.0,False,69,107,Q3,Q3
LRM,18,validation,irrelevant,True,True,True,True,,,2167.0,,10.38,195.0,False,70,111,Q3,Q3
LRM,19,validation,irrelevant,True,True,True,True,,,5404.0,,7.22,211.0,False,81,124,Q3,Q3
LRM,20,validation,irrelevant,False,False,False,True,,,2976.0,,9.28,218.0,False,76,121,Q3,Q3
LRM,21,validation,irrelevant,True,True,True,True,,,1708.0,,11.17,175.0,False,60,100,Q2,Q2
LRM,22,validation,irrelevant,False,False,False,True,,,3295.0,,9.04,169.0,False,57,96,Q2,Q2
LRM,23,validation,irrelevant,Uncertain,Uncertain,False,False,,,2248.0,,11.38,184.0,False,60,100,Q2,Q2
LRM,24,validation,irrelevant,True,True,True,True,,,994.0,,12.32,230.0,False,76,100,Q3,Q2
LRM,25,validation,irrelevant,Uncertain,Uncertain,False,False,,,943.0,,13.09,221.0,False,71,93,Q3,Q2
LRM,29,validation,irrelevant,False,False,False,True,,,3681.0,,8.61,192.0,False,66,106,Q3,Q3
LRM,30,validation,irrelevant,Uncertain,Uncertain,False,False,,,3734.0,,9.7,282.0,False,99,210,Q4,Q4
LRM,31,validation,irrelevant,True,True,True,True,,,8630.0,,5.54,277.0,False,99,207,Q4,Q4
LRM,32,validation,irrelevant,False,False,Uncertain,False,,,5362.0,,7.17,281.0,False,101,208,Q4,Q4
LRM,33,validation,irrelevant,True,True,True,True,,,2785.0,,9.69,149.0,False,37,51,Q1,Q1
LRM,34,validation,irrelevant,Uncertain,Uncertain,False,False,,,1379.0,,12.8,136.0,False,36,42,Q1,Q1
LRM,35,validation,irrelevant,False,False,False,True,,,1346.0,,11.86,159.0,False,44,61,Q1,Q1
LRM,36,validation,irrelevant,True,True,True,True,,,1620.0,,12.23,168.0,False,43,78,Q1,Q1
LRM,37,validation,irrelevant,True,True,True,True,,,1735.0,,11.1,176.0,False,44,96,Q1,Q2
LRM,38,validation,irrelevant,False,False,False,True,,,1330.0,,12.69,165.0,False,44,79,Q1,Q2
LRM,39,validation,irrelevant,Uncertain,Uncertain,True,False,,,4021.0,,9.49,261.0,False,86,184,Q3,Q4
LRM,40,validation,irrelevant,True,True,False,False,,,8594.0,,6.81,263.0,False,86,189,Q3,Q4
LRM,41,validation,irrelevant,False,False,True,False,,,7816.0,,7.15,264.0,False,87,191,Q4,Q4
LRM,42,validation,irrelevant,True,True,True,True,,,3286.0,,10.0,362.0,False,121,204,Q4,Q4
LRM,43,validation,irrelevant,Uncertain,Uncertain,True,False,,,3154.0,,10.07,373.0,False,119,212,Q4,Q4
LRM,44,validation,irrelevant,False,False,True,False,,,5666.0,,8.15,390.0,False,138,223,Q4,Q4
LRM,45,validation,irrelevant,Uncertain,Uncertain,True,False,,,4391.0,,9.43,100.0,False,12,41,Q1,Q1
LRM,46,validation,irrelevant,True,True,True,True,,,1831.0,,10.83,249.0,False,52,190,Q2,Q4
LRM,47,validation,irrelevant,Uncertain,Uncertain,False,False,,,3395.0,,10.05,252.0,False,52,190,Q2,Q4
LRM,48,validation,irrelevant,Uncertain,Uncertain,Uncertain,True,,,3595.0,,10.06,141.0,False,44,64,Q1,Q1
LRM,49,validation,irrelevant,False,False,False,True,,,4764.0,,7.79,139.0,False,45,64,Q1,Q1
LRM,50,validation,irrelevant,True,True,True,True,,,2526.0,,10.01,144.0,False,46,65,Q1,Q1
LRM,51,validation,irrelevant,False,False,False,True,,,2609.0,,11.01,173.0,False,47,102,Q2,Q2
LRM,52,validation,irrelevant,Uncertain,Uncertain,False,False,,,6665.0,,7.81,170.0,False,47,102,Q2,Q2
LRM,53,validation,irrelevant,True,True,True,True,,,2867.0,,9.58,171.0,False,47,102,Q2,Q2
LRM,54,validation,irrelevant,True,True,True,True,,,3188.0,,9.24,134.0,False,32,47,Q1,Q1
LRM,55,validation,irrelevant,False,False,False,True,,,1930.0,,10.95,134.0,False,32,49,Q1,Q1
LRM,56,validation,irrelevant,Uncertain,Uncertain,Uncertain,True,,,2204.0,,11.66,128.0,False,31,47,Q1,Q1
LRM,58,validation,irrelevant,Uncertain,Uncertain,False,False,,,4726.0,,8.85,312.0,False,83,213,Q3,Q4
LRM,59,validation,irrelevant,True,True,True,True,,,2283.0,,9.97,293.0,False,82,197,Q3,Q4
LRM,60,validation,irrelevant,Uncertain,Uncertain,True,False,,,3743.0,,9.88,167.0,False,63,87,Q2,Q2
LRM,61,validation,irrelevant,Uncertain,Uncertain,Uncertain,True,,,3785.0,,9.83,170.0,False,63,87,Q2,Q2
LRM,62,validation,irrelevant,Uncertain,Uncertain,False,False,,,1994.0,,11.87,131.0,False,29,61,Q1,Q1
LRM,63,validation,irrelevant,False,False,False,True,,,5362.0,,7.34,146.0,False,33,66,Q1,Q1
LRM,64,validation,irrelevant,True,True,True,True,,,3856.0,,8.54,143.0,False,38,67,Q1,Q1
LRM,65,validation,irrelevant,True,True,True,True,,,1995.0,,10.54,243.0,False,76,125,Q3,Q3
LRM,66,validation,irrelevant,Uncertain,Uncertain,False,False,,,1734.0,,12.59,239.0,False,77,116,Q3,Q3
LRM,67,validation,irrelevant,True,True,True,True,,,2810.0,,10.66,245.0,False,74,121,Q3,Q3
LRM,68,validation,irrelevant,True,True,True,True,,,3324.0,,8.95,192.0,False,54,81,Q2,Q2
LRM,69,validation,irrelevant,False,False,False,True,,,2365.0,,10.08,204.0,False,53,95,Q2,Q2
LRM,70,validation,irrelevant,Uncertain,Uncertain,True,False,,,2162.0,,11.65,155.0,False,56,71,Q2,Q1
LRM,71,validation,irrelevant,False,False,True,False,,,1835.0,,12.04,163.0,False,60,72,Q2,Q1
LRM,72,validation,irrelevant,True,True,Uncertain,False,,,4161.0,,9.48,195.0,False,78,94,Q3,Q2
LRM,73,validation,irrelevant,True,True,True,True,,,1806.0,,10.94,183.0,False,64,103,Q3,Q2
LRM,74,validation,irrelevant,False,False,False,True,,,1848.0,,11.95,191.0,False,62,103,Q2,Q2
LRM,76,validation,irrelevant,True,True,True,True,,,6920.0,,6.24,333.0,False,180,202,Q4,Q4
LRM,77,validation,irrelevant,False,False,Uncertain,False,,,4081.0,,9.28,340.0,False,186,201,Q4,Q4
LRM,78,validation,irrelevant,False,False,True,False,,,3826.0,,8.49,185.0,False,43,86,Q1,Q2
LRM,79,validation,irrelevant,True,True,True,True,,,3332.0,,8.96,187.0,False,44,89,Q1,Q2
LRM,80,validation,irrelevant,Uncertain,Uncertain,Uncertain,True,,,7124.0,,7.56,172.0,False,41,79,Q1,Q2
LRM,81,validation,irrelevant,True,True,True,True,,,5431.0,,7.23,193.0,False,47,95,Q2,Q2
LRM,82,validation,irrelevant,False,False,True,False,,,6822.0,,6.41,196.0,False,45,91,Q1,Q2
LRM,83,validation,irrelevant,False,False,False,True,,,9610.0,,6.4,270.0,False,100,159,Q4,Q3
LRM,84,validation,irrelevant,True,True,True,True,,,6291.0,,6.65,247.0,False,87,148,Q4,Q3
LRM,86,validation,irrelevant,True,True,True,True,,,2996.0,,10.4,257.0,False,94,146,Q4,Q3
LRM,87,validation,irrelevant,True,True,True,True,,,2661.0,,9.81,135.0,False,33,66,Q1,Q1
LRM,88,validation,irrelevant,True,True,True,True,,,1715.0,,11.24,129.0,False,35,64,Q1,Q1
LRM,89,validation,irrelevant,Uncertain,Uncertain,False,False,,,3484.0,,10.12,145.0,False,36,73,Q1,Q1
LRM,90,validation,irrelevant,True,True,True,True,,,1267.0,,12.87,128.0,False,62,52,Q2,Q1
LRM,91,validation,irrelevant,False,False,False,True,,,1390.0,,12.75,134.0,False,62,52,Q2,Q1
LRM,92,validation,irrelevant,False,False,False,True,,,5239.0,,8.51,298.0,False,116,190,Q4,Q4
LRM,93,validation,irrelevant,Uncertain,Uncertain,False,False,,,7180.0,,7.41,293.0,False,121,192,Q4,Q4
LRM,94,validation,irrelevant,True,True,True,True,,,2014.0,,11.41,317.0,False,119,208,Q4,Q4
LRM,95,validation,irrelevant,Uncertain,Uncertain,True,False,,,2435.0,,11.26,166.0,False,54,79,Q2,Q2
LRM,96,validation,irrelevant,False,False,False,True,,,4399.0,,8.01,172.0,False,59,84,Q2,Q2
LRM,97,validation,irrelevant,True,True,True,True,,,4314.0,,8.05,190.0,False,67,89,Q3,Q2
LRM,98,validation,irrelevant,Uncertain,Uncertain,False,False,,,4038.0,,9.61,174.0,False,41,101,Q1,Q2
LRM,99,validation,irrelevant,True,True,True,True,,,2982.0,,10.59,184.0,False,44,106,Q1,Q3
LRM,100,validation,irrelevant,False,False,False,True,,,4914.0,,8.86,205.0,False,69,123,Q3,Q3
LRM,101,validation,irrelevant,Uncertain,Uncertain,False,False,,,6021.0,,8.15,203.0,False,129,128,Q4,Q3
LRM,102,validation,irrelevant,False,False,False,True,,,4189.0,,8.15,202.0,False,122,126,Q4,Q3
LRM,103,validation,irrelevant,True,True,True,True,,,3238.0,,10.28,216.0,False,130,138,Q4,Q3
LRM,104,validation,irrelevant,True,True,True,True,,,1370.0,,12.63,189.0,False,75,89,Q3,Q2
LRM,105,validation,irrelevant,True,True,True,True,,,2279.0,,11.4,189.0,False,79,95,Q3,Q2
LRM,106,validation,irrelevant,False,False,False,True,,,3209.0,,10.36,203.0,False,83,105,Q3,Q2
LRM,107,validation,irrelevant,Uncertain,Uncertain,False,False,,,4839.0,,8.88,235.0,False,111,140,Q4,Q3
LRM,108,validation,irrelevant,False,False,True,False,,,4160.0,,9.39,255.0,False,134,167,Q4,Q4
LRM,109,validation,irrelevant,True,True,True,True,,,5902.0,,8.16,257.0,False,159,170,Q4,Q4
LRM,110,validation,irrelevant,Uncertain,Uncertain,False,False,,,4856.0,,8.97,157.0,False,18,79,Q1,Q2
LRM,111,validation,irrelevant,True,True,True,True,,,1875.0,,10.82,214.0,False,53,99,Q2,Q2
LRM,112,validation,irrelevant,Uncertain,Uncertain,False,False,,,2226.0,,11.42,204.0,False,52,99,Q2,Q2
LRM,113,validation,irrelevant,False,False,True,False,,,4028.0,,8.29,210.0,False,57,102,Q2,Q2
LRM,114,validation,irrelevant,False,False,False,True,,,1457.0,,11.36,231.0,False,102,158,Q4,Q3
LRM,115,validation,irrelevant,True,True,True,True,,,2110.0,,10.42,215.0,False,98,139,Q4,Q3
LRM,116,validation,irrelevant,Uncertain,Uncertain,Uncertain,True,,,5682.0,,8.34,211.0,False,98,141,Q4,Q3
LRM,117,validation,irrelevant,Uncertain,Uncertain,False,False,,,4288.0,,9.35,216.0,False,76,97,Q3,Q2
LRM,118,validation,irrelevant,True,True,True,True,,,2963.0,,10.51,232.0,False,81,111,Q3,Q3
LRM,119,validation,irrelevant,False,False,False,True,,,3141.0,,9.21,206.0,False,74,87,Q3,Q2
LRM,120,validation,irrelevant,Uncertain,Uncertain,False,False,,,3639.0,,10.08,99.0,False,11,39,Q1,Q1
LRM,121,validation,irrelevant,Uncertain,Uncertain,False,False,,,6664.0,,7.74,237.0,False,63,162,Q2,Q4
LRM,123,validation,irrelevant,True,True,True,True,,,4078.0,,9.48,237.0,False,63,170,Q2,Q4
LRM,124,validation,irrelevant,Uncertain,Uncertain,False,False,,,3856.0,,9.67,225.0,False,63,153,Q2,Q3
LRM,125,validation,irrelevant,True,True,True,True,,,3736.0,,8.48,245.0,False,62,185,Q2,Q4
LRM,126,validation,irrelevant,False,False,False,True,,,3272.0,,8.9,253.0,False,64,188,Q3,Q4
LRM,127,validation,irrelevant,False,False,Uncertain,False,,,4381.0,,9.11,351.0,False,87,269,Q4,Q4
LRM,128,validation,irrelevant,True,True,True,True,,,5064.0,,8.57,352.0,False,89,270,Q4,Q4
LRM,129,validation,irrelevant,Uncertain,Uncertain,False,False,,,6475.0,,7.72,347.0,False,85,267,Q3,Q4
LRM,130,validation,irrelevant,True,True,Uncertain,False,,,4535.0,,8.93,395.0,False,96,318,Q4,Q4
LRM,131,validation,irrelevant,True,True,True,True,,,1770.0,,11.08,149.0,False,19,69,Q1,Q1
LRM,132,validation,irrelevant,Uncertain,Uncertain,False,False,,,3800.0,,9.9,133.0,False,16,59,Q1,Q1
LRM,133,validation,irrelevant,Uncertain,Uncertain,True,False,,,1891.0,,12.07,137.0,False,16,59,Q1,Q1
LRM,134,validation,irrelevant,True,True,Uncertain,False,,,2789.0,,9.7,129.0,False,20,57,Q1,Q1
LRM,136,validation,irrelevant,False,False,False,True,,,988.0,,13.13,138.0,False,26,66,Q1,Q1
LRM,137,validation,irrelevant,True,True,True,True,,,1813.0,,11.88,228.0,False,67,109,Q3,Q3
LRM,138,validation,irrelevant,False,False,False,True,,,2437.0,,9.95,228.0,False,67,109,Q3,Q3
LRM,139,validation,irrelevant,Uncertain,Uncertain,False,False,,,3133.0,,10.31,251.0,False,104,154,Q4,Q3
LRM,140,validation,irrelevant,False,False,True,False,,,4618.0,,9.0,271.0,False,114,168,Q4,Q4
LRM,143,validation,irrelevant,Uncertain,Uncertain,True,False,,,2006.0,,11.7,232.0,False,46,164,Q1,Q4
LRM,144,validation,irrelevant,Uncertain,Uncertain,False,False,,,1992.0,,11.69,232.0,False,86,114,Q3,Q3
LRM,145,validation,irrelevant,Uncertain,Uncertain,False,False,,,4099.0,,9.45,235.0,False,87,117,Q4,Q3
LRM,146,validation,irrelevant,True,True,True,True,,,2499.0,,9.79,254.0,False,96,118,Q4,Q3
LRM,147,validation,irrelevant,True,True,True,True,,,2642.0,,9.61,253.0,False,97,118,Q4,Q3
LRM,148,validation,irrelevant,False,False,True,False,,,2703.0,,10.77,253.0,False,105,118,Q4,Q3
LRM,149,validation,irrelevant,True,True,False,False,,,3590.0,,8.71,189.0,False,56,74,Q2,Q1
LRM,150,validation,irrelevant,Uncertain,Uncertain,False,False,,,1426.0,,12.64,180.0,False,58,69,Q2,Q1
LRM,151,validation,irrelevant,Uncertain,Uncertain,False,False,,,1212.0,,12.96,178.0,False,57,69,Q2,Q1
LRM,153,validation,irrelevant,False,False,False,True,,,4113.0,,8.17,224.0,False,50,167,Q2,Q4
LRM,154,validation,irrelevant,True,True,False,False,,,5857.0,,6.89,261.0,False,63,208,Q2,Q4
LRM,155,validation,irrelevant,Uncertain,Uncertain,False,False,,,2981.0,,10.72,113.0,False,11,58,Q1,Q1
LRM,156,validation,irrelevant,False,False,False,True,,,4080.0,,9.43,255.0,False,107,190,Q4,Q4
LRM,157,validation,irrelevant,True,True,True,True,,,2740.0,,9.49,262.0,False,109,191,Q4,Q4
LRM,158,validation,irrelevant,True,True,True,True,,,4548.0,,7.77,263.0,False,113,198,Q4,Q4
LRM,159,validation,irrelevant,Uncertain,Uncertain,True,False,,,3952.0,,9.58,238.0,False,103,174,Q4,Q4
LRM,160,validation,irrelevant,True,True,True,True,,,3312.0,,9.1,140.0,False,41,50,Q1,Q1
LRM,161,validation,irrelevant,Uncertain,Uncertain,False,False,,,2288.0,,11.54,132.0,False,37,45,Q1,Q1
LRM,162,validation,irrelevant,False,False,False,True,,,3202.0,,9.26,117.0,False,10,59,Q1,Q1
LRM,163,validation,irrelevant,Uncertain,Uncertain,False,False,,,3412.0,,10.13,196.0,False,70,100,Q3,Q2
LRM,164,validation,irrelevant,False,False,False,True,,,6324.0,,7.95,211.0,False,79,121,Q3,Q3
LRM,165,validation,irrelevant,True,True,False,False,,,3108.0,,10.36,216.0,False,78,123,Q3,Q3
LRM,166,validation,irrelevant,True,True,True,True,,,2268.0,,10.38,135.0,False,28,31,Q1,Q1
LRM,167,validation,irrelevant,True,True,True,True,,,3150.0,,9.27,141.0,False,35,49,Q1,Q1
LRM,168,validation,irrelevant,False,False,False,True,,,1653.0,,11.34,138.0,False,28,38,Q1,Q1
LRM,169,validation,irrelevant,Uncertain,Uncertain,True,False,,,4551.0,,9.15,201.0,False,63,88,Q2,Q2
LRM,170,validation,irrelevant,True,True,True,True,,,3855.0,,8.37,242.0,False,86,108,Q3,Q3
LRM,171,validation,irrelevant,False,False,False,True,,,5002.0,,7.48,226.0,False,82,100,Q3,Q2
LRM,172,validation,irrelevant,Uncertain,Uncertain,Uncertain,True,,,7508.0,,7.32,229.0,False,97,127,Q4,Q3
LRM,173,validation,irrelevant,False,False,Uncertain,False,,,5655.0,,8.34,230.0,False,102,127,Q4,Q3
LRM,174,validation,irrelevant,True,True,True,True,,,2618.0,,10.9,241.0,False,113,138,Q4,Q3
LRM,175,validation,irrelevant,Uncertain,Uncertain,False,False,,,2229.0,,11.6,104.0,False,32,18,Q1,Q1
LRM,176,validation,irrelevant,False,False,False,True,,,2128.0,,10.68,99.0,False,34,19,Q1,Q1
LRM,177,validation,irrelevant,True,True,True,True,,,1952.0,,10.93,110.0,False,38,29,Q1,Q1
LRM,178,validation,irrelevant,False,False,False,True,,,3082.0,,9.33,170.0,False,11,123,Q1,Q3
LRM,179,validation,irrelevant,False,False,False,True,,,2911.0,,9.59,118.0,False,25,37,Q1,Q1
LRM,180,validation,irrelevant,False,False,False,True,,,3404.0,,9.04,116.0,False,25,37,Q1,Q1
LRM,181,validation,irrelevant,Uncertain,Uncertain,False,False,,,1927.0,,11.9,139.0,False,38,69,Q1,Q1
LRM,182,validation,irrelevant,True,True,True,True,,,1925.0,,10.84,154.0,False,44,79,Q1,Q2
LRM,183,validation,irrelevant,False,False,False,True,,,6042.0,,6.88,166.0,False,56,92,Q2,Q2
LRM,184,validation,irrelevant,True,True,True,True,,,2960.0,,9.33,216.0,False,77,120,Q3,Q3
LRM,185,validation,irrelevant,False,False,False,True,,,1617.0,,12.2,220.0,False,76,120,Q3,Q3
LRM,186,validation,irrelevant,Uncertain,Uncertain,False,False,,,3391.0,,10.08,223.0,False,77,122,Q3,Q3
LRM,187,validation,irrelevant,Uncertain,Uncertain,False,False,,,2354.0,,11.4,150.0,False,50,80,Q2,Q2
LRM,188,validation,irrelevant,True,True,True,True,,,2510.0,,9.97,163.0,False,53,93,Q2,Q2
LRM,189,validation,irrelevant,False,False,False,True,,,2270.0,,10.3,167.0,False,52,90,Q2,Q2
LRM,190,validation,irrelevant,False,False,False,True,,,4438.0,,7.98,178.0,False,62,98,Q2,Q2
LRM,191,validation,irrelevant,False,False,True,False,,,4963.0,,7.58,178.0,False,61,105,Q2,Q2
LRM,192,validation,irrelevant,False,False,False,True,,,2175.0,,10.6,101.0,False,16,44,Q1,Q1
LRM,193,validation,irrelevant,False,False,False,True,,,2375.0,,10.12,204.0,False,78,85,Q3,Q2
LRM,194,validation,irrelevant,Uncertain,Uncertain,True,False,,,3600.0,,9.98,188.0,False,82,80,Q3,Q2
LRM,195,validation,irrelevant,Uncertain,Uncertain,True,False,,,5963.0,,8.14,283.0,False,57,244,Q2,Q4
LRM,197,validation,irrelevant,True,True,Uncertain,False,,,5902.0,,6.82,297.0,False,64,251,Q3,Q4
LRM,198,validation,irrelevant,False,False,False,True,,,1793.0,,10.97,176.0,False,50,69,Q2,Q1
LRM,199,validation,irrelevant,False,False,False,True,,,1856.0,,10.95,182.0,False,52,69,Q2,Q1
LRM,200,validation,irrelevant,False,False,False,True,,,3187.0,,9.16,183.0,False,52,69,Q2,Q1
LRM,201,validation,irrelevant,Uncertain,Uncertain,False,False,,,1262.0,,13.0,168.0,False,48,59,Q2,Q1
LRM,202,validation,irrelevant,Uncertain,Uncertain,True,False,,,1848.0,,11.98,177.0,False,52,68,Q2,Q1
LRM,100000,train,irrelevant,True,True,True,True,,,8203.0,,5.78,189.0,False,106,102,Q4,Q2
LRM,100001,train,irrelevant,True,True,Uncertain,False,,,4314.0,,9.34,193.0,False,107,100,Q4,Q2
LRM,100003,train,irrelevant,True,True,True,True,,,5474.0,,8.48,216.0,False,138,117,Q4,Q3
LRM,100005,train,irrelevant,True,True,True,True,,,2456.0,,11.27,199.0,False,46,103,Q1,Q2
LRM,100008,train,irrelevant,False,False,False,True,,,2625.0,,9.79,182.0,False,59,106,Q2,Q3
LRM,100009,train,irrelevant,True,True,True,True,,,7218.0,,6.22,189.0,False,62,111,Q2,Q3
LRM,100024,train,irrelevant,False,False,False,True,,,2931.0,,10.58,226.0,False,85,110,Q3,Q3
LRM,100025,train,irrelevant,True,True,True,True,,,960.0,,12.6,135.0,False,36,41,Q1,Q1
LRM,100028,train,irrelevant,Uncertain,Uncertain,False,False,,,1780.0,,12.23,129.0,False,37,41,Q1,Q1
LRM,100036,train,irrelevant,False,False,True,False,,,3072.0,,9.19,228.0,False,71,141,Q3,Q3
LRM,100039,train,irrelevant,False,False,False,True,,,4625.0,,8.99,260.0,False,92,160,Q4,Q4
LRM,100040,train,irrelevant,Uncertain,Uncertain,False,False,,,4438.0,,9.18,252.0,False,78,149,Q3,Q4
LRM,100042,train,irrelevant,False,False,False,True,,,6578.0,,7.74,310.0,False,108,182,Q4,Q4
LRM,100045,train,irrelevant,Uncertain,Uncertain,False,False,,,6287.0,,8.01,192.0,False,64,136,Q3,Q3
LRM,100047,train,irrelevant,True,True,False,False,,,4058.0,,9.42,283.0,False,101,205,Q4,Q4
LRM,100051,train,irrelevant,False,False,False,True,,,1067.0,,12.47,125.0,False,30,39,Q1,Q1
LRM,100052,train,irrelevant,True,True,True,True,,,1540.0,,11.55,127.0,False,30,38,Q1,Q1
LRM,100070,train,irrelevant,True,True,True,True,,,4002.0,,9.63,173.0,False,68,101,Q3,Q2
LRM,100071,train,irrelevant,False,False,False,True,,,3918.0,,9.67,192.0,False,79,115,Q3,Q3
LRM,100074,train,irrelevant,Uncertain,Uncertain,True,False,,,1436.0,,12.78,115.0,False,21,44,Q1,Q1
LRM,100075,train,irrelevant,Uncertain,Uncertain,False,False,,,3446.0,,10.07,220.0,False,82,154,Q3,Q4
LRM,100077,train,irrelevant,False,False,False,True,,,6607.0,,7.81,225.0,False,86,161,Q3,Q4
LRM,100083,train,irrelevant,False,False,False,True,,,5143.0,,8.55,333.0,False,107,257,Q4,Q4
LRM,100086,train,irrelevant,Uncertain,Uncertain,Uncertain,True,,,6595.0,,7.71,342.0,False,110,175,Q4,Q4
LRM,100094,train,irrelevant,Uncertain,Uncertain,Uncertain,True,,,1972.0,,11.92,139.0,False,17,81,Q1,Q2
LRM,100095,train,irrelevant,False,False,False,True,,,4171.0,,8.23,160.0,False,50,75,Q2,Q1
LRM,100102,train,irrelevant,False,False,False,True,,,3858.0,,8.39,226.0,False,82,125,Q3,Q3
LRM,100105,train,irrelevant,False,False,False,True,,,1298.0,,12.05,127.0,False,50,71,Q2,Q1
LRM,100106,train,irrelevant,True,True,True,True,,,2394.0,,10.25,126.0,False,49,71,Q2,Q1
LRM,100109,train,irrelevant,False,False,False,True,,,4005.0,,9.41,343.0,False,204,218,Q4,Q4
LRM,100110,train,irrelevant,True,True,True,True,,,4580.0,,8.93,362.0,False,215,232,Q4,Q4
LRM,100111,train,irrelevant,Uncertain,Uncertain,False,False,,,1512.0,,12.45,173.0,False,47,54,Q2,Q1
LRM,100114,train,irrelevant,False,False,False,True,,,5779.0,,8.32,184.0,False,55,102,Q2,Q2
LRM,100118,train,irrelevant,True,True,Uncertain,False,,,6168.0,,8.0,252.0,False,88,159,Q4,Q4
LRM,100124,train,irrelevant,Uncertain,Uncertain,False,False,,,4070.0,,9.62,146.0,False,38,81,Q1,Q2
LRM,100127,train,irrelevant,True,True,True,True,,,3628.0,,8.76,145.0,False,39,82,Q1,Q2
LRM,100130,train,irrelevant,False,False,False,True,,,2383.0,,10.12,170.0,False,64,92,Q3,Q2
LRM,100133,train,irrelevant,False,False,False,True,,,4285.0,,8.08,198.0,False,63,110,Q3,Q3
LRM,100134,train,irrelevant,True,True,True,True,,,2844.0,,9.48,199.0,False,66,113,Q3,Q3
LRM,100135,train,irrelevant,True,True,True,True,,,3195.0,,9.2,156.0,False,34,53,Q1,Q1
LRM,100136,train,irrelevant,False,False,False,True,,,3387.0,,10.22,162.0,False,38,56,Q1,Q1
LRM,100137,train,irrelevant,Uncertain,Uncertain,False,False,,,1110.0,,13.04,155.0,False,32,44,Q1,Q1
LRM,100150,train,irrelevant,True,True,True,True,,,1414.0,,11.73,154.0,False,45,90,Q1,Q2
LRM,100151,train,irrelevant,Uncertain,Uncertain,False,False,,,2605.0,,11.05,153.0,False,40,85,Q1,Q2
LRM,100152,train,irrelevant,Uncertain,Uncertain,False,False,,,3272.0,,10.28,209.0,False,83,118,Q3,Q3
LRM,100158,train,irrelevant,True,True,False,False,,,3815.0,,9.71,235.0,False,102,136,Q4,Q3
LRM,100159,train,irrelevant,False,False,True,False,,,2789.0,,10.74,235.0,False,100,135,Q4,Q3
LRM,100161,train,irrelevant,True,True,True,True,,,3720.0,,9.8,235.0,False,109,136,Q4,Q3
LRM,100163,train,irrelevant,Uncertain,Uncertain,False,False,,,4023.0,,9.52,249.0,False,118,150,Q4,Q4
LRM,100165,train,irrelevant,Uncertain,Uncertain,False,False,,,1710.0,,12.23,137.0,False,11,78,Q1,Q2
LRM,100166,train,irrelevant,True,True,True,True,,,6631.0,,7.8,219.0,False,82,123,Q3,Q3
LRM,100173,train,irrelevant,Uncertain,Uncertain,Uncertain,True,,,3245.0,,10.27,208.0,False,63,121,Q3,Q3
LRM,100178,train,irrelevant,Uncertain,Uncertain,False,False,,,2619.0,,10.96,228.0,False,53,138,Q2,Q3
LRM,100180,train,irrelevant,True,True,True,True,,,4478.0,,7.87,240.0,False,54,154,Q2,Q4
LRM,100181,train,irrelevant,Uncertain,Uncertain,False,False,,,9977.0,,6.3,237.0,False,72,156,Q3,Q4
LRM,100182,train,irrelevant,False,False,False,True,,,6960.0,,6.3,246.0,False,73,156,Q3,Q4
LRM,100183,train,irrelevant,True,True,Uncertain,False,,,6210.0,,6.69,247.0,False,74,157,Q3,Q4
LRM,100194,train,irrelevant,True,True,True,True,,,1076.0,,12.28,187.0,False,58,78,Q2,Q2
LRM,100196,train,irrelevant,True,True,False,False,,,1840.0,,11.91,226.0,False,106,74,Q4,Q1
LRM,100197,train,irrelevant,True,True,True,True,,,2823.0,,9.62,149.0,False,27,61,Q1,Q1
LRM,100199,train,irrelevant,Uncertain,Uncertain,False,False,,,2806.0,,10.95,139.0,False,24,45,Q1,Q1
LRM,100201,train,irrelevant,False,False,False,True,,,2028.0,,11.56,278.0,False,138,161,Q4,Q4
LRM,100203,train,irrelevant,True,True,True,True,,,935.0,,12.74,148.0,False,54,76,Q2,Q2
LRM,100204,train,irrelevant,Uncertain,Uncertain,False,False,,,1279.0,,12.89,151.0,False,54,78,Q2,Q2
LRM,100208,train,irrelevant,True,True,True,True,,,4855.0,,8.77,314.0,False,150,168,Q4,Q4
LRM,100209,train,irrelevant,Uncertain,Uncertain,Uncertain,True,,,4319.0,,9.31,209.0,False,63,136,Q3,Q3
LRM,100215,train,irrelevant,False,False,False,True,,,4443.0,,7.81,289.0,False,124,231,Q4,Q4
LRM,100218,train,irrelevant,True,True,False,False,,,5499.0,,8.43,239.0,False,110,132,Q4,Q3
LRM,100224,train,irrelevant,False,False,False,True,,,5090.0,,7.53,146.0,False,40,74,Q1,Q1
LRM,100227,train,irrelevant,False,False,False,True,,,2379.0,,11.24,219.0,False,72,134,Q3,Q3
LRM,100228,train,irrelevant,False,False,False,True,,,3160.0,,10.38,194.0,False,88,100,Q4,Q2
LRM,100230,train,irrelevant,Uncertain,Uncertain,False,False,,,3945.0,,9.68,171.0,False,57,89,Q2,Q2
LRM,100233,train,irrelevant,False,False,False,True,,,4625.0,,7.85,162.0,False,47,92,Q2,Q2
LRM,100240,train,irrelevant,True,True,False,False,,,3279.0,,10.24,215.0,False,90,128,Q4,Q3
LRM,100242,train,irrelevant,Uncertain,Uncertain,True,False,,,1990.0,,11.85,147.0,False,33,74,Q1,Q1
LRM,100244,train,irrelevant,Uncertain,Uncertain,False,False,,,2917.0,,10.75,144.0,False,34,69,Q1,Q1
LRM,100250,train,irrelevant,Uncertain,Uncertain,False,False,,,982.0,,13.17,164.0,False,51,57,Q2,Q1
LRM,100252,train,irrelevant,True,True,True,True,,,2945.0,,9.31,233.0,False,61,96,Q2,Q2
LRM,100254,train,irrelevant,Uncertain,Uncertain,Uncertain,True,,,1570.0,,12.28,212.0,False,51,71,Q2,Q1
LRM,100255,train,irrelevant,True,True,True,True,,,1255.0,,12.81,153.0,False,42,62,Q1,Q1
LRM,100257,train,irrelevant,False,False,False,True,,,1704.0,,11.16,193.0,False,62,67,Q2,Q1
LRM,100260,train,irrelevant,True,True,True,True,,,3575.0,,8.71,212.0,False,59,138,Q2,Q3
LRM,100267,train,irrelevant,False,False,True,False,,,5848.0,,8.11,326.0,False,139,219,Q4,Q4
LRM,100268,train,irrelevant,False,False,False,True,,,3464.0,,10.12,177.0,False,80,93,Q3,Q2
LRM,100270,train,irrelevant,Uncertain,Uncertain,False,False,,,3603.0,,10.0,171.0,False,80,95,Q3,Q2
LRM,100271,train,irrelevant,True,True,True,True,,,1908.0,,11.89,172.0,False,54,93,Q2,Q2
LRM,100273,train,irrelevant,False,False,False,True,,,3538.0,,8.84,156.0,False,47,75,Q2,Q1
LRM,100278,train,irrelevant,True,True,True,True,,,3213.0,,10.38,160.0,False,47,77,Q2,Q2
LRM,100283,train,irrelevant,False,False,False,True,,,1707.0,,12.06,229.0,False,94,113,Q4,Q3
LRM,100285,train,irrelevant,Uncertain,Uncertain,False,False,,,1777.0,,11.92,236.0,False,74,88,Q3,Q2
LRM,100288,train,irrelevant,True,True,True,True,,,2362.0,,11.46,139.0,False,43,51,Q1,Q1
LRM,100290,train,irrelevant,Uncertain,Uncertain,False,False,,,2357.0,,11.37,143.0,False,43,50,Q1,Q1
LRM,100291,train,irrelevant,False,False,False,True,,,3195.0,,10.42,157.0,False,43,57,Q1,Q1
LRM,100293,train,irrelevant,False,False,False,True,,,2100.0,,10.54,179.0,False,34,106,Q1,Q3
LRM,100302,train,irrelevant,False,False,True,False,,,3229.0,,10.27,213.0,False,66,160,Q3,Q4
LRM,100306,train,irrelevant,True,True,True,True,,,2940.0,,9.33,231.0,False,97,131,Q4,Q3
LRM,100307,train,irrelevant,False,False,False,True,,,3233.0,,8.99,242.0,False,106,138,Q4,Q3
LRM,100308,train,irrelevant,True,True,True,True,,,9652.0,,5.21,238.0,False,107,138,Q4,Q3
LRM,100309,train,irrelevant,True,True,False,False,,,4462.0,,7.86,251.0,False,113,149,Q4,Q4
LRM,100311,train,irrelevant,True,True,True,True,,,2957.0,,9.36,207.0,False,59,157,Q2,Q4
LRM,100312,train,irrelevant,False,False,False,True,,,2226.0,,10.38,208.0,False,59,159,Q2,Q4
LRM,100315,train,irrelevant,Uncertain,Uncertain,True,False,,,3257.0,,10.34,167.0,False,44,86,Q1,Q2
LRM,100316,train,irrelevant,True,True,False,False,,,5461.0,,8.48,218.0,False,82,145,Q3,Q4
LRM,100317,train,irrelevant,True,True,True,True,,,2073.0,,11.58,219.0,False,80,143,Q3,Q4
LRM,100321,train,irrelevant,Uncertain,Uncertain,False,False,,,4973.0,,8.8,230.0,False,101,125,Q4,Q3
LRM,100323,train,irrelevant,Uncertain,Uncertain,False,False,,,4705.0,,9.11,151.0,False,28,89,Q1,Q2
LRM,100329,train,irrelevant,True,True,True,True,,,1464.0,,11.66,132.0,False,29,40,Q1,Q1
LRM,100334,train,irrelevant,True,True,True,True,,,4183.0,,9.42,213.0,False,64,125,Q3,Q3
LRM,100336,train,irrelevant,True,True,False,False,,,2973.0,,10.56,206.0,False,66,126,Q3,Q3
LRM,100338,train,irrelevant,False,False,False,True,,,8255.0,,6.98,223.0,False,76,143,Q3,Q4
LRM,100339,train,irrelevant,True,True,False,False,,,7013.0,,7.56,238.0,False,87,151,Q4,Q4
LRM,100340,train,irrelevant,False,False,False,True,,,2233.0,,11.42,223.0,False,70,144,Q3,Q4
LRM,100341,train,irrelevant,True,True,False,False,,,6894.0,,7.61,247.0,False,79,154,Q3,Q4
LRM,100343,train,irrelevant,False,False,False,True,,,2111.0,,10.52,186.0,False,48,104,Q2,Q2
LRM,100351,train,irrelevant,True,True,True,True,,,5577.0,,8.48,161.0,False,61,86,Q2,Q2
LRM,100353,train,irrelevant,Uncertain,Uncertain,False,False,,,2095.0,,11.69,176.0,False,58,91,Q2,Q2
LRM,100357,train,irrelevant,True,True,True,True,,,2962.0,,9.4,172.0,False,50,85,Q2,Q2
LRM,100358,train,irrelevant,Uncertain,Uncertain,False,False,,,3843.0,,9.8,166.0,False,53,86,Q2,Q2
LRM,100359,train,irrelevant,False,False,False,True,,,2480.0,,9.98,184.0,False,61,94,Q2,Q2
LRM,100362,train,irrelevant,Uncertain,Uncertain,False,False,,,2601.0,,11.13,131.0,False,52,68,Q2,Q1
LRM,100366,train,irrelevant,False,False,False,True,,,1729.0,,11.23,150.0,False,47,66,Q2,Q1
LRM,100372,train,irrelevant,Uncertain,Uncertain,False,False,,,2585.0,,10.9,268.0,False,126,132,Q4,Q3
LRM,100373,train,irrelevant,False,False,False,True,,,4537.0,,9.05,280.0,False,133,141,Q4,Q3
LRM,100378,train,irrelevant,True,True,True,True,,,1776.0,,11.09,177.0,False,38,110,Q1,Q3
LRM,100388,train,irrelevant,Uncertain,Uncertain,False,False,,,2631.0,,10.83,271.0,False,81,180,Q3,Q4
LRM,100391,train,irrelevant,True,True,False,False,,,3286.0,,10.11,285.0,False,89,191,Q4,Q4
LRM,100393,train,irrelevant,False,False,Uncertain,False,,,3925.0,,8.49,137.0,False,37,72,Q1,Q1
LRM,100394,train,irrelevant,True,True,True,True,,,3357.0,,9.05,139.0,False,38,73,Q1,Q1
LRM,100405,train,irrelevant,True,True,True,True,,,1977.0,,10.86,136.0,False,37,59,Q1,Q1
LRM,100408,train,irrelevant,False,False,False,True,,,3729.0,,8.6,182.0,False,67,108,Q3,Q3
LRM,100409,train,irrelevant,Uncertain,Uncertain,False,False,,,2229.0,,11.52,154.0,False,35,62,Q1,Q1
LRM,100412,train,irrelevant,Uncertain,Uncertain,False,False,,,5562.0,,8.46,206.0,False,50,141,Q2,Q3
LRM,100415,train,irrelevant,True,True,False,False,,,2827.0,,9.67,121.0,False,13,54,Q1,Q1
LRM,100416,train,irrelevant,Uncertain,Uncertain,False,False,,,7395.0,,7.31,295.0,False,175,195,Q4,Q4
LRM,100418,train,irrelevant,True,True,True,True,,,4379.0,,9.15,315.0,False,190,220,Q4,Q4
LRM,100421,train,irrelevant,Uncertain,Uncertain,False,False,,,2650.0,,11.0,168.0,False,44,69,Q1,Q1
LRM,100422,train,irrelevant,Uncertain,Uncertain,False,False,,,3008.0,,10.66,142.0,False,42,80,Q1,Q2
LRM,100424,train,irrelevant,False,False,False,True,,,2908.0,,9.48,163.0,False,49,92,Q2,Q2
LRM,100430,train,irrelevant,False,False,False,True,,,4606.0,,8.86,367.0,False,178,275,Q4,Q4
LRM,100433,train,irrelevant,False,False,False,True,,,3587.0,,8.72,193.0,False,88,122,Q4,Q3
LRM,100435,train,irrelevant,Uncertain,Uncertain,False,False,,,3825.0,,9.75,210.0,False,56,125,Q2,Q3
LRM,100437,train,irrelevant,False,False,False,True,,,4132.0,,9.5,205.0,False,57,119,Q2,Q3
LRM,100440,train,irrelevant,False,False,False,True,,,2784.0,,9.79,109.0,False,43,26,Q1,Q1
LRM,100441,train,irrelevant,Uncertain,Uncertain,False,False,,,2533.0,,11.22,115.0,False,40,25,Q1,Q1
LRM,100444,train,irrelevant,True,True,False,False,,,7170.0,,6.12,335.0,False,133,208,Q4,Q4
LRM,100446,train,irrelevant,Uncertain,Uncertain,False,False,,,2048.0,,11.65,226.0,False,126,113,Q4,Q3
LRM,100448,train,irrelevant,True,True,Uncertain,False,,,6922.0,,7.59,250.0,False,131,133,Q4,Q3
LRM,100466,train,irrelevant,True,True,True,True,,,1124.0,,12.25,174.0,False,51,47,Q2,Q1
LRM,100467,train,irrelevant,True,True,True,True,,,2838.0,,9.67,121.0,False,24,53,Q1,Q1
LRM,100468,train,irrelevant,Uncertain,Uncertain,False,False,,,3631.0,,10.08,114.0,False,25,54,Q1,Q1
LRM,100469,train,irrelevant,True,True,True,True,,,949.0,,12.62,184.0,False,57,71,Q2,Q1
LRM,100471,train,irrelevant,False,False,False,True,,,2797.0,,10.87,183.0,False,55,78,Q2,Q2
LRM,100475,train,irrelevant,False,False,False,True,,,4218.0,,9.45,184.0,False,58,111,Q2,Q3
LRM,100476,train,irrelevant,True,True,False,False,,,4842.0,,8.92,212.0,False,72,129,Q3,Q3
LRM,100481,train,irrelevant,False,False,False,True,,,2725.0,,9.7,182.0,False,60,124,Q2,Q3
LRM,100484,train,irrelevant,False,False,False,True,,,2225.0,,10.48,133.0,False,30,66,Q1,Q1
LRM,100486,train,irrelevant,Uncertain,Uncertain,False,False,,,3124.0,,10.55,133.0,False,30,66,Q1,Q1
LRM,100500,train,irrelevant,True,True,False,False,,,5237.0,,8.62,241.0,False,84,153,Q3,Q4
LRM,100506,train,irrelevant,True,True,True,True,,,983.0,,12.66,108.0,False,20,25,Q1,Q1
LRM,100517,train,irrelevant,False,False,False,True,,,6234.0,,8.02,209.0,False,69,137,Q3,Q3
LRM,100518,train,irrelevant,False,False,False,True,,,1042.0,,13.02,181.0,False,47,67,Q2,Q1
LRM,100519,train,irrelevant,False,False,False,True,,,1354.0,,12.65,172.0,False,44,63,Q1,Q1
LRM,100521,train,irrelevant,Uncertain,Uncertain,False,False,,,7140.0,,7.49,281.0,False,77,154,Q3,Q4
LRM,100523,train,irrelevant,True,True,False,False,,,5113.0,,8.62,302.0,False,77,164,Q3,Q4
LRM,100530,train,irrelevant,Uncertain,Uncertain,False,False,,,716.0,,14.17,141.0,False,37,33,Q1,Q1
LRM,100532,train,irrelevant,False,False,False,True,,,3707.0,,8.63,179.0,False,38,75,Q1,Q1
LRM,100535,train,irrelevant,True,True,True,True,,,1830.0,,10.68,277.0,False,65,145,Q3,Q4
LRM,100541,train,irrelevant,Uncertain,Uncertain,False,False,,,2269.0,,11.58,127.0,False,22,59,Q1,Q1
LRM,100543,train,irrelevant,Uncertain,Uncertain,False,False,,,2534.0,,11.02,227.0,False,84,132,Q3,Q3
LRM,100549,train,irrelevant,True,True,True,True,,,7936.0,,7.12,227.0,False,73,147,Q3,Q4
LRM,100550,train,irrelevant,Uncertain,Uncertain,Uncertain,True,,,3053.0,,10.57,133.0,False,32,53,Q1,Q1
LRM,100551,train,irrelevant,True,True,True,True,,,1661.0,,12.29,140.0,False,36,58,Q1,Q1
LRM,100556,train,irrelevant,True,True,True,True,,,5654.0,,7.08,207.0,False,124,120,Q4,Q3
LRM,100558,train,irrelevant,True,True,True,True,,,2390.0,,10.07,190.0,False,50,100,Q2,Q2
LRM,100561,train,irrelevant,Uncertain,Uncertain,Uncertain,True,,,6992.0,,7.57,239.0,False,79,158,Q3,Q4
LRM,100564,train,irrelevant,Uncertain,Uncertain,False,False,,,4593.0,,9.1,205.0,False,46,131,Q1,Q3
LRM,100565,train,irrelevant,True,True,True,True,,,2840.0,,10.68,201.0,False,46,127,Q1,Q3
LRM,100566,train,irrelevant,True,True,True,True,,,4667.0,,9.08,201.0,False,44,126,Q1,Q3
LRM,100570,train,irrelevant,False,False,False,True,,,2708.0,,10.74,278.0,False,73,174,Q3,Q4
LRM,100572,train,irrelevant,Uncertain,Uncertain,True,False,,,3233.0,,10.35,155.0,False,36,91,Q1,Q2
LRM,100573,train,irrelevant,Uncertain,Uncertain,False,False,,,4747.0,,9.05,156.0,False,38,92,Q1,Q2
LRM,100574,train,irrelevant,False,False,False,True,,,2808.0,,9.6,164.0,False,39,96,Q1,Q2
LRM,100576,train,irrelevant,Uncertain,Uncertain,False,False,,,4556.0,,9.15,204.0,False,73,104,Q3,Q2
LRM,100578,train,irrelevant,True,True,True,True,,,1854.0,,10.86,204.0,False,77,102,Q3,Q2
LRM,100582,train,irrelevant,False,False,Uncertain,False,,,4672.0,,7.67,264.0,False,111,196,Q4,Q4
LRM,100583,train,irrelevant,False,False,Uncertain,False,,,5424.0,,8.43,265.0,False,109,192,Q4,Q4
LRM,100589,train,irrelevant,True,True,False,False,,,6386.0,,7.96,175.0,False,55,95,Q2,Q2
LRM,100590,train,irrelevant,Uncertain,Uncertain,True,False,,,5684.0,,8.23,348.0,False,147,239,Q4,Q4
LRM,100592,train,irrelevant,True,True,Uncertain,False,,,5444.0,,8.37,327.0,False,139,218,Q4,Q4
LRM,100593,train,irrelevant,True,True,True,True,,,3137.0,,9.05,252.0,False,107,144,Q4,Q4
LRM,100594,train,irrelevant,Uncertain,Uncertain,False,False,,,2389.0,,11.1,255.0,False,108,149,Q4,Q4
LRM,100596,train,irrelevant,True,True,True,True,,,2227.0,,10.46,140.0,False,53,62,Q2,Q1
LRM,100608,train,irrelevant,False,False,False,True,,,7301.0,,6.22,148.0,False,35,83,Q1,Q2
LRM,100610,train,irrelevant,False,False,True,False,,,2537.0,,10.57,456.0,False,164,364,Q4,Q4
LRM,100619,train,irrelevant,Uncertain,Uncertain,False,False,,,2178.0,,11.43,210.0,False,93,118,Q4,Q3
LRM,100620,train,irrelevant,True,True,True,True,,,2406.0,,11.28,156.0,False,39,41,Q1,Q1
LRM,100621,train,irrelevant,Uncertain,Uncertain,True,False,,,1414.0,,12.61,153.0,False,37,38,Q1,Q1
LRM,100625,train,irrelevant,False,False,False,True,,,3352.0,,10.31,134.0,False,53,74,Q2,Q1
LRM,100626,train,irrelevant,False,False,False,True,,,1634.0,,12.25,211.0,False,65,125,Q3,Q3
LRM,100630,train,irrelevant,False,False,Uncertain,False,,,5702.0,,8.33,215.0,False,100,144,Q4,Q4
LRM,100634,train,irrelevant,Uncertain,Uncertain,True,False,,,4542.0,,9.2,176.0,False,87,112,Q4,Q3
LRM,100635,train,irrelevant,True,True,True,True,,,3983.0,,9.63,192.0,False,94,123,Q4,Q3
LRM,100636,train,irrelevant,False,False,True,False,,,5381.0,,8.56,193.0,False,90,121,Q4,Q3
LRM,100644,train,irrelevant,Uncertain,Uncertain,Uncertain,True,,,3771.0,,9.85,167.0,False,45,99,Q1,Q2
LRM,100648,train,irrelevant,True,True,False,False,,,2649.0,,9.78,178.0,False,69,96,Q3,Q2
LRM,100649,train,irrelevant,False,False,False,True,,,4060.0,,8.3,177.0,False,72,95,Q3,Q2
LRM,100652,train,irrelevant,True,True,True,True,,,2220.0,,10.38,184.0,False,45,90,Q1,Q2
LRM,100656,train,irrelevant,False,False,False,True,,,3777.0,,8.6,162.0,False,54,66,Q2,Q1
LRM,100660,train,irrelevant,True,True,True,True,,,3730.0,,8.62,172.0,False,62,71,Q2,Q1
LRM,100669,train,irrelevant,True,True,True,True,,,2041.0,,10.62,179.0,False,38,87,Q1,Q2
LRM,100670,train,irrelevant,Uncertain,Uncertain,False,False,,,7560.0,,7.35,180.0,False,37,87,Q1,Q2
LRM,100671,train,irrelevant,Uncertain,Uncertain,True,False,,,1385.0,,12.61,176.0,False,37,76,Q1,Q2
LRM,100673,train,irrelevant,True,True,True,True,,,2572.0,,11.01,282.0,False,77,158,Q3,Q4
LRM,100674,train,irrelevant,Uncertain,Uncertain,True,False,,,3762.0,,9.67,305.0,False,78,179,Q3,Q4
LRM,100675,train,irrelevant,True,True,True,True,,,3017.0,,9.47,126.0,False,24,61,Q1,Q1
LRM,100679,train,irrelevant,False,False,False,True,,,1555.0,,12.3,192.0,False,74,124,Q3,Q3
LRM,100680,train,irrelevant,False,False,True,False,,,1471.0,,12.53,176.0,False,72,112,Q3,Q3
LRM,100682,train,irrelevant,False,False,False,True,,,2196.0,,10.23,232.0,False,54,132,Q2,Q3
LRM,100683,train,irrelevant,True,True,True,True,,,1713.0,,12.24,239.0,False,57,134,Q2,Q3
LRM,100685,train,irrelevant,False,False,False,True,,,2047.0,,10.61,208.0,False,59,96,Q2,Q2
LRM,100686,train,irrelevant,Uncertain,Uncertain,False,False,,,2053.0,,11.63,222.0,False,58,109,Q2,Q3
LRM,100687,train,irrelevant,True,True,True,True,,,1335.0,,11.84,196.0,False,80,71,Q3,Q1
LRM,100688,train,irrelevant,Uncertain,Uncertain,True,False,,,1423.0,,12.49,193.0,False,80,71,Q3,Q1
LRM,100691,train,irrelevant,False,False,False,True,,,4812.0,,7.73,144.0,False,38,61,Q1,Q1
LRM,100693,train,irrelevant,Uncertain,Uncertain,Uncertain,True,,,6255.0,,8.02,187.0,False,68,95,Q3,Q2
LRM,100695,train,irrelevant,True,True,Uncertain,False,,,6221.0,,8.04,199.0,False,84,109,Q3,Q3
LRM,100698,train,irrelevant,True,True,True,True,,,6117.0,,8.11,192.0,False,70,118,Q3,Q3
LRM,100703,train,irrelevant,False,False,False,True,,,6196.0,,8.04,205.0,False,100,113,Q4,Q3
LRM,100707,train,irrelevant,True,True,True,True,,,3152.0,,9.15,225.0,False,83,128,Q3,Q3
LRM,100713,train,irrelevant,False,False,True,False,,,4278.0,,9.24,294.0,False,140,161,Q4,Q4
LRM,100718,train,irrelevant,Uncertain,Uncertain,True,False,,,2278.0,,11.43,221.0,False,57,116,Q2,Q3
LRM,100720,train,irrelevant,False,False,False,True,,,2670.0,,9.7,224.0,False,57,117,Q2,Q3
LRM,100722,train,irrelevant,Uncertain,Uncertain,Uncertain,True,,,2134.0,,11.67,159.0,False,50,106,Q2,Q3
LRM,100725,train,irrelevant,True,True,True,True,,,2925.0,,9.48,176.0,False,58,77,Q2,Q2
LRM,100730,train,irrelevant,True,True,True,True,,,5609.0,,8.42,203.0,False,102,137,Q4,Q3
LRM,100733,train,irrelevant,False,False,False,True,,,5697.0,,8.34,219.0,False,107,147,Q4,Q4
LRM,100734,train,irrelevant,False,False,False,True,,,4566.0,,9.13,210.0,False,108,144,Q4,Q4
LRM,100736,train,irrelevant,False,False,True,False,,,4673.0,,9.02,224.0,False,126,156,Q4,Q4
LRM,100737,train,irrelevant,True,True,False,False,,,4825.0,,8.95,211.0,False,107,142,Q4,Q3
LRM,100752,train,irrelevant,True,True,Uncertain,False,,,5711.0,,8.33,218.0,False,56,155,Q2,Q4
LRM,100754,train,irrelevant,True,True,True,True,,,1519.0,,11.55,146.0,False,53,49,Q2,Q1
LRM,100759,train,irrelevant,True,True,False,False,,,3106.0,,10.26,300.0,False,92,154,Q4,Q4
LRM,100760,train,irrelevant,Uncertain,Uncertain,True,False,,,1697.0,,11.95,296.0,False,93,154,Q4,Q4
LRM,100765,train,irrelevant,Uncertain,Uncertain,False,False,,,2559.0,,11.0,237.0,False,79,157,Q3,Q4
LRM,100767,train,irrelevant,True,True,True,True,,,6012.0,,8.08,265.0,False,99,180,Q4,Q4
LRM,100769,train,irrelevant,Uncertain,Uncertain,True,False,,,3391.0,,10.13,202.0,False,82,104,Q3,Q2
LRM,100789,train,irrelevant,True,True,True,True,,,2581.0,,11.05,170.0,False,66,82,Q3,Q2
LRM,100790,train,irrelevant,Uncertain,Uncertain,True,False,,,2783.0,,10.85,159.0,False,60,77,Q2,Q2
LRM,100791,train,irrelevant,Uncertain,Uncertain,False,False,,,4664.0,,9.2,106.0,False,27,42,Q1,Q1
LRM,100792,train,irrelevant,Uncertain,Uncertain,Uncertain,True,,,5411.0,,8.6,152.0,False,58,73,Q2,Q1
LRM,100793,train,irrelevant,False,False,False,True,,,2062.0,,10.61,158.0,False,57,73,Q2,Q1
LRM,100798,train,irrelevant,True,True,True,True,,,1628.0,,11.21,190.0,False,49,95,Q2,Q2
LRM,100801,train,irrelevant,Uncertain,Uncertain,False,False,,,2604.0,,11.07,169.0,False,59,81,Q2,Q2
LRM,100804,train,irrelevant,Uncertain,Uncertain,False,False,,,4145.0,,9.57,138.0,False,14,76,Q1,Q2
LRM,100806,train,irrelevant,False,False,False,True,,,2622.0,,9.59,272.0,False,96,183,Q4,Q4
LRM,100809,train,irrelevant,True,True,True,True,,,2050.0,,10.63,175.0,False,41,117,Q1,Q3
LRM,100814,train,irrelevant,True,True,True,True,,,2248.0,,11.37,220.0,False,67,91,Q3,Q2
LRM,100815,train,irrelevant,Uncertain,Uncertain,False,False,,,2410.0,,11.13,226.0,False,69,94,Q3,Q2
LRM,100816,train,irrelevant,False,False,False,True,,,1368.0,,11.92,200.0,False,64,69,Q3,Q1
LRM,100819,train,irrelevant,False,False,False,True,,,10238.0,,6.18,288.0,False,101,167,Q4,Q4
LRM,100821,train,irrelevant,False,False,False,True,,,1572.0,,12.33,184.0,False,62,84,Q2,Q2
LRM,100826,train,irrelevant,Uncertain,Uncertain,False,False,,,5761.0,,8.25,252.0,False,84,136,Q3,Q3
LRM,100830,train,irrelevant,False,False,Uncertain,False,,,5867.0,,8.16,262.0,False,90,141,Q4,Q3
LRM,100831,train,irrelevant,True,True,True,True,,,3988.0,,9.48,279.0,False,99,153,Q4,Q4
LRM,100836,train,irrelevant,False,False,False,True,,,1784.0,,10.99,180.0,False,55,100,Q2,Q2
LRM,100841,train,irrelevant,Uncertain,Uncertain,False,False,,,3628.0,,9.86,236.0,False,64,177,Q3,Q4
LRM,100846,train,irrelevant,True,True,True,True,,,2207.0,,10.47,138.0,False,39,72,Q1,Q1
LRM,100849,train,irrelevant,False,False,False,True,,,2601.0,,10.99,206.0,False,52,160,Q2,Q4
LRM,100851,train,irrelevant,Uncertain,Uncertain,False,False,,,4034.0,,9.56,189.0,False,57,109,Q2,Q3
LRM,100853,train,irrelevant,Uncertain,Uncertain,False,False,,,3105.0,,10.43,189.0,False,58,109,Q2,Q3
LRM,100854,train,irrelevant,Uncertain,Uncertain,Uncertain,True,,,2930.0,,10.71,151.0,False,46,65,Q1,Q1
LRM,100863,train,irrelevant,False,False,False,True,,,4066.0,,9.45,258.0,False,78,156,Q3,Q4
LRM,100864,train,irrelevant,True,True,False,False,,,6720.0,,7.69,260.0,False,79,157,Q3,Q4
LRM,100866,train,irrelevant,True,True,True,True,,,2642.0,,9.78,177.0,False,53,77,Q2,Q2
LRM,100869,train,irrelevant,False,False,False,True,,,2279.0,,11.41,182.0,False,58,81,Q2,Q2
LRM,100873,train,irrelevant,False,False,False,True,,,6624.0,,6.5,219.0,False,72,99,Q3,Q2
LRM,100874,train,irrelevant,False,False,False,True,,,5261.0,,7.34,198.0,False,66,87,Q3,Q2
LRM,100875,train,irrelevant,True,True,True,True,,,1008.0,,12.64,201.0,False,70,108,Q3,Q3
LRM,100891,train,irrelevant,True,True,True,True,,,2993.0,,10.34,336.0,False,104,252,Q4,Q4
LRM,100892,train,irrelevant,False,False,False,True,,,2624.0,,10.75,332.0,False,106,255,Q4,Q4
LRM,100900,train,irrelevant,Uncertain,Uncertain,False,False,,,2806.0,,10.9,108.0,False,13,40,Q1,Q1
LRM,100902,train,irrelevant,True,True,True,True,,,3094.0,,9.36,129.0,False,36,70,Q1,Q1
LRM,100907,train,irrelevant,True,True,True,True,,,6628.0,,7.8,189.0,False,75,116,Q3,Q3
LRM,100911,train,irrelevant,False,False,False,True,,,3693.0,,9.9,195.0,False,111,96,Q4,Q2
LRM,100912,train,irrelevant,True,True,False,False,,,2552.0,,11.02,201.0,False,112,99,Q4,Q2
LRM,100913,train,irrelevant,Uncertain,Uncertain,False,False,,,7958.0,,7.14,194.0,False,110,89,Q4,Q2
LRM,100914,train,irrelevant,True,True,False,False,,,4517.0,,9.14,213.0,False,120,106,Q4,Q3
LRM,100918,train,irrelevant,True,True,True,True,,,3282.0,,10.2,231.0,False,138,123,Q4,Q3
LRM,100925,train,irrelevant,Uncertain,Uncertain,False,False,,,4504.0,,9.11,253.0,False,55,158,Q2,Q4
LRM,100927,train,irrelevant,False,False,False,True,,,2590.0,,9.71,232.0,False,97,146,Q4,Q4
LRM,100932,train,irrelevant,False,False,False,True,,,1678.0,,11.05,232.0,False,66,107,Q3,Q3
LRM,100934,train,irrelevant,Uncertain,Uncertain,False,False,,,7623.0,,7.33,160.0,False,42,90,Q1,Q2
LRM,100949,train,irrelevant,Uncertain,Uncertain,False,False,,,2094.0,,11.66,160.0,False,58,63,Q2,Q1
LRM,100950,train,irrelevant,True,True,True,True,,,2027.0,,10.69,156.0,False,60,66,Q2,Q1
LRM,100951,train,irrelevant,False,False,False,True,,,1682.0,,11.42,111.0,False,16,22,Q1,Q1
LRM,100955,train,irrelevant,Uncertain,Uncertain,False,False,,,3246.0,,10.37,153.0,False,44,75,Q1,Q1
LRM,100957,train,irrelevant,True,True,True,True,,,4577.0,,7.92,149.0,False,43,76,Q1,Q2
LRM,100958,train,irrelevant,False,False,False,True,,,4731.0,,7.77,158.0,False,45,82,Q1,Q2
LRM,100959,train,irrelevant,False,False,False,True,,,3382.0,,8.99,156.0,False,45,80,Q1,Q2
LRM,100964,train,irrelevant,Uncertain,Uncertain,False,False,,,1104.0,,12.99,167.0,False,43,58,Q1,Q1
LRM,100966,train,irrelevant,Uncertain,Uncertain,False,False,,,974.0,,13.32,180.0,False,59,63,Q2,Q1
LRM,100967,train,irrelevant,Uncertain,Uncertain,True,False,,,1247.0,,12.94,181.0,False,62,63,Q2,Q1
LRM,100970,train,irrelevant,True,True,False,False,,,2454.0,,10.05,178.0,False,80,95,Q3,Q2
LRM,100973,train,irrelevant,Uncertain,Uncertain,False,False,,,4406.0,,9.14,281.0,False,114,186,Q4,Q4
LRM,100978,train,irrelevant,True,True,True,True,,,1014.0,,12.52,150.0,False,54,49,Q2,Q1
LRM,100980,train,irrelevant,False,False,Uncertain,False,,,2583.0,,9.92,153.0,False,58,50,Q2,Q1
LRM,100982,train,irrelevant,True,True,True,True,,,2490.0,,9.92,233.0,False,72,168,Q3,Q4
LRM,100984,train,irrelevant,True,True,True,True,,,1723.0,,11.06,208.0,False,65,112,Q3,Q3
LRM,100986,train,irrelevant,True,True,False,False,,,3616.0,,9.93,201.0,False,70,112,Q3,Q3
LRM,100993,train,irrelevant,Uncertain,Uncertain,False,False,,,1890.0,,11.99,150.0,False,41,84,Q1,Q2
LRM,100994,train,irrelevant,False,False,False,True,,,3045.0,,9.34,161.0,False,47,91,Q2,Q2
LRM,100999,train,irrelevant,False,False,False,True,,,1914.0,,10.87,165.0,False,52,99,Q2,Q2
LRM,16,validation,irrelevant,Uncertain,Uncertain,False,False,,,1513.0,,12.49,190.0,False,68,106,Q3,Q3
LRM,26,validation,irrelevant,Uncertain,Uncertain,False,False,,,1648.0,,12.09,219.0,False,72,91,Q3,Q2
LRM,27,validation,irrelevant,Uncertain,Uncertain,Uncertain,True,,,4733.0,,9.02,177.0,False,59,98,Q2,Q2
LRM,28,validation,irrelevant,True,True,True,True,,,5410.0,,7.25,186.0,False,63,107,Q2,Q3
LRM,57,validation,irrelevant,False,False,False,True,,,2597.0,,10.77,298.0,False,83,203,Q3,Q4
LRM,75,validation,irrelevant,Uncertain,Uncertain,False,False,,,6559.0,,7.71,312.0,False,162,181,Q4,Q4
LRM,85,validation,irrelevant,Uncertain,Uncertain,False,False,,,7452.0,,7.34,228.0,False,81,130,Q3,Q3
LRM,122,validation,irrelevant,False,False,False,True,,,3592.0,,9.9,235.0,False,62,167,Q2,Q4
LRM,135,validation,irrelevant,Uncertain,Uncertain,False,False,,,2899.0,,10.76,128.0,False,22,57,Q1,Q1
LRM,141,validation,irrelevant,True,True,False,False,,,6355.0,,7.85,274.0,False,132,171,Q4,Q4
LRM,142,validation,irrelevant,True,True,False,False,,,6191.0,,7.98,252.0,False,49,185,Q2,Q4
LRM,152,validation,irrelevant,Uncertain,Uncertain,True,False,,,9679.0,,6.41,217.0,False,46,162,Q1,Q4
LRM,196,validation,irrelevant,False,False,False,True,,,6856.0,,6.3,296.0,False,59,249,Q2,Q4
LRM,100249,train,irrelevant,Uncertain,Uncertain,False,False,,,1203.0,,12.71,179.0,False,52,59,Q2,Q1
LRM,100429,train,irrelevant,Uncertain,Uncertain,True,False,,,10388.0,,6.07,370.0,False,176,277,Q4,Q4
LRM,100452,train,irrelevant,True,True,True,True,,,3386.0,,8.25,560.0,False,105,433,Q4,Q4
LRM,100527,train,irrelevant,Uncertain,Uncertain,False,False,,,992.0,,13.24,95.0,False,17,26,Q1,Q1
LRM,100567,train,irrelevant,Uncertain,Uncertain,False,False,,,1455.0,,12.57,149.0,False,38,42,Q1,Q1
LRM,100597,train,irrelevant,False,False,False,True,,,2646.0,,9.85,149.0,False,56,74,Q2,Q1
LRM,0,validation,missing,Uncertain,Uncertain,SKIP,,,,,,,,,149,211,Q4,Q4
LRM,1,validation,missing,True,Uncertain,SKIP,,,,,,,,,205,259,Q4,Q4
LRM,2,validation,missing,False,Uncertain,SKIP,,,,,,,,,189,252,Q4,Q4
LRM,3,validation,missing,Uncertain,Uncertain,SKIP,,,,,,,,,90,163,Q4,Q4
LRM,4,validation,missing,Uncertain,Uncertain,SKIP,,,,,,,,,92,164,Q4,Q4
LRM,5,validation,missing,True,Uncertain,True,False,,,4089.0,,8.27,197.0,False,137,169,Q4,Q4
LRM,6,validation,missing,True,Uncertain,True,False,,,2439.0,,10.16,170.0,False,46,120,Q1,Q3
LRM,7,validation,missing,Uncertain,Uncertain,SKIP,,,,,,,,,47,128,Q2,Q3
LRM,8,validation,missing,Uncertain,Uncertain,SKIP,,,,,,,,,47,127,Q2,Q3
LRM,9,validation,missing,True,Uncertain,True,False,,,1476.0,,12.19,122.0,False,71,81,Q3,Q2
LRM,10,validation,missing,False,Uncertain,False,False,,,4419.0,,8.07,166.0,False,71,81,Q3,Q2
LRM,11,validation,missing,Uncertain,Uncertain,SKIP,,,,,,,,,70,81,Q3,Q2
LRM,12,validation,missing,True,Uncertain,True,False,,,2411.0,,10.34,141.0,False,62,109,Q2,Q3
LRM,13,validation,missing,Uncertain,Uncertain,SKIP,,,,,,,,,62,125,Q2,Q3
LRM,14,validation,missing,False,Uncertain,False,False,,,1434.0,,12.11,142.0,False,63,110,Q2,Q3
LRM,15,validation,missing,True,Uncertain,True,False,,,1404.0,,12.13,79.0,False,13,39,Q1,Q1
LRM,17,validation,missing,Uncertain,Uncertain,SKIP,,,,,,,,,69,107,Q3,Q3
LRM,18,validation,missing,True,Uncertain,False,False,,,2195.0,,10.51,167.0,False,70,111,Q3,Q3
LRM,19,validation,missing,True,Uncertain,True,False,,,5431.0,,7.26,184.0,False,81,124,Q3,Q3
LRM,20,validation,missing,False,Uncertain,False,False,,,3012.0,,9.39,182.0,False,76,121,Q3,Q3
LRM,21,validation,missing,True,Uncertain,False,False,,,1727.0,,11.3,156.0,False,60,100,Q2,Q2
LRM,22,validation,missing,False,Uncertain,False,False,,,3322.0,,9.11,142.0,False,57,96,Q2,Q2
LRM,23,validation,missing,Uncertain,Uncertain,SKIP,,,,,,,,,60,100,Q2,Q2
LRM,24,validation,missing,True,Uncertain,False,False,,,1051.0,,13.03,173.0,False,76,100,Q3,Q2
LRM,25,validation,missing,Uncertain,Uncertain,SKIP,,,,,,,,,71,93,Q3,Q2
LRM,29,validation,missing,False,Uncertain,False,False,,,3710.0,,8.68,163.0,False,66,106,Q3,Q3
LRM,30,validation,missing,Uncertain,Uncertain,SKIP,,,,,,,,,99,210,Q4,Q4
LRM,31,validation,missing,True,Uncertain,True,False,,,8670.0,,5.57,237.0,False,99,207,Q4,Q4
LRM,32,validation,missing,False,Uncertain,False,False,,,5405.0,,7.22,238.0,False,101,208,Q4,Q4
LRM,33,validation,missing,True,Uncertain,True,False,,,2816.0,,9.8,118.0,False,37,51,Q1,Q1
LRM,34,validation,missing,Uncertain,Uncertain,SKIP,,,,,,,,,36,42,Q1,Q1
LRM,35,validation,missing,False,Uncertain,False,False,,,1379.0,,12.15,126.0,False,44,61,Q1,Q1
LRM,36,validation,missing,True,Uncertain,SKIP,,,,,,,,,43,78,Q1,Q1
LRM,37,validation,missing,True,Uncertain,True,False,,,1747.0,,11.17,164.0,False,44,96,Q1,Q2
LRM,38,validation,missing,False,Uncertain,SKIP,,,,,,,,,44,79,Q1,Q2
LRM,39,validation,missing,Uncertain,Uncertain,SKIP,,,,,,,,,86,184,Q3,Q4
LRM,40,validation,missing,True,Uncertain,SKIP,,,,,,,,,86,189,Q3,Q4
LRM,41,validation,missing,False,Uncertain,SKIP,,,,,,,,,87,191,Q4,Q4
LRM,42,validation,missing,True,Uncertain,SKIP,,,,,,,,,121,204,Q4,Q4
LRM,43,validation,missing,Uncertain,Uncertain,SKIP,,,,,,,,,119,212,Q4,Q4
LRM,44,validation,missing,False,Uncertain,SKIP,,,,,,,,,138,223,Q4,Q4
LRM,45,validation,missing,Uncertain,Uncertain,SKIP,,,,,,,,,12,41,Q1,Q1
LRM,46,validation,missing,True,Uncertain,False,False,,,1853.0,,10.97,227.0,False,52,190,Q2,Q4
LRM,47,validation,missing,Uncertain,Uncertain,SKIP,,,,,,,,,52,190,Q2,Q4
LRM,48,validation,missing,Uncertain,Uncertain,SKIP,,,,,,,,,44,64,Q1,Q1
LRM,49,validation,missing,False,Uncertain,Uncertain,True,,,4786.0,,7.82,117.0,False,45,64,Q1,Q1
LRM,50,validation,missing,True,Uncertain,True,False,,,2552.0,,10.12,118.0,False,46,65,Q1,Q1
LRM,51,validation,missing,False,Uncertain,SKIP,,,,,,,,,47,102,Q2,Q2
LRM,52,validation,missing,Uncertain,Uncertain,SKIP,,,,,,,,,47,102,Q2,Q2
LRM,53,validation,missing,True,Uncertain,True,False,,,2888.0,,9.65,150.0,False,47,102,Q2,Q2
LRM,54,validation,missing,True,Uncertain,True,False,,,3209.0,,9.3,113.0,False,32,47,Q1,Q1
LRM,55,validation,missing,False,Uncertain,True,False,,,1950.0,,11.06,114.0,False,32,49,Q1,Q1
LRM,56,validation,missing,Uncertain,Uncertain,SKIP,,,,,,,,,31,47,Q1,Q1
LRM,58,validation,missing,Uncertain,Uncertain,SKIP,,,,,,,,,83,213,Q3,Q4
LRM,59,validation,missing,True,Uncertain,False,False,,,2338.0,,10.21,238.0,False,82,197,Q3,Q4
LRM,60,validation,missing,Uncertain,Uncertain,SKIP,,,,,,,,,63,87,Q2,Q2
LRM,61,validation,missing,Uncertain,Uncertain,SKIP,,,,,,,,,63,87,Q2,Q2
LRM,62,validation,missing,Uncertain,Uncertain,SKIP,,,,,,,,,29,61,Q1,Q1
LRM,63,validation,missing,False,Uncertain,Uncertain,True,,,5390.0,,7.37,118.0,False,33,66,Q1,Q1
LRM,64,validation,missing,True,Uncertain,True,False,,,3880.0,,8.59,119.0,False,38,67,Q1,Q1
LRM,65,validation,missing,True,Uncertain,True,False,,,2011.0,,10.63,227.0,False,76,125,Q3,Q3
LRM,66,validation,missing,Uncertain,Uncertain,SKIP,,,,,,,,,77,116,Q3,Q3
LRM,67,validation,missing,True,Uncertain,SKIP,,,,,,,,,74,121,Q3,Q3
LRM,68,validation,missing,True,Uncertain,False,False,,,3368.0,,9.07,148.0,False,54,81,Q2,Q2
LRM,69,validation,missing,False,Uncertain,False,False,,,2406.0,,10.26,163.0,False,53,95,Q2,Q2
LRM,70,validation,missing,Uncertain,Uncertain,SKIP,,,,,,,,,56,71,Q2,Q1
LRM,71,validation,missing,False,Uncertain,SKIP,,,,,,,,,60,72,Q2,Q1
LRM,72,validation,missing,True,Uncertain,SKIP,,,,,,,,,78,94,Q3,Q2
LRM,73,validation,missing,True,Uncertain,True,False,,,1835.0,,11.12,154.0,False,64,103,Q3,Q2
LRM,74,validation,missing,False,Uncertain,SKIP,,,,,,,,,62,103,Q2,Q2
LRM,76,validation,missing,True,Uncertain,Uncertain,True,,,6962.0,,6.28,291.0,False,180,202,Q4,Q4
LRM,77,validation,missing,False,Uncertain,SKIP,,,,,,,,,186,201,Q4,Q4
LRM,78,validation,missing,False,Uncertain,False,False,,,3853.0,,8.55,158.0,False,43,86,Q1,Q2
LRM,79,validation,missing,True,Uncertain,False,False,,,3359.0,,9.03,160.0,False,44,89,Q1,Q2
LRM,80,validation,missing,Uncertain,Uncertain,SKIP,,,,,,,,,41,79,Q1,Q2
LRM,81,validation,missing,True,Uncertain,True,False,,,5453.0,,7.26,171.0,False,47,95,Q2,Q2
LRM,82,validation,missing,False,Uncertain,True,False,,,6850.0,,6.44,168.0,False,45,91,Q1,Q2
LRM,83,validation,missing,False,Uncertain,SKIP,,,,,,,,,100,159,Q4,Q3
LRM,84,validation,missing,True,Uncertain,False,False,,,6326.0,,6.68,212.0,False,87,148,Q4,Q3
LRM,86,validation,missing,True,Uncertain,SKIP,,,,,,,,,94,146,Q4,Q3
LRM,87,validation,missing,True,Uncertain,False,False,,,2689.0,,9.92,107.0,False,33,66,Q1,Q1
LRM,88,validation,missing,True,Uncertain,True,False,,,1739.0,,11.4,105.0,False,35,64,Q1,Q1
LRM,89,validation,missing,Uncertain,Uncertain,SKIP,,,,,,,,,36,73,Q1,Q1
LRM,90,validation,missing,True,Uncertain,SKIP,,,,,,,,,62,52,Q2,Q1
LRM,91,validation,missing,False,Uncertain,SKIP,,,,,,,,,62,52,Q2,Q1
LRM,92,validation,missing,False,Uncertain,SKIP,,,,,,,,,116,190,Q4,Q4
LRM,93,validation,missing,Uncertain,Uncertain,SKIP,,,,,,,,,121,192,Q4,Q4
LRM,94,validation,missing,True,Uncertain,SKIP,,,,,,,,,119,208,Q4,Q4
LRM,95,validation,missing,Uncertain,Uncertain,SKIP,,,,,,,,,54,79,Q2,Q2
LRM,96,validation,missing,False,Uncertain,False,False,,,4419.0,,8.05,152.0,False,59,84,Q2,Q2
LRM,97,validation,missing,True,Uncertain,False,False,,,4341.0,,8.1,163.0,False,67,89,Q3,Q2
LRM,98,validation,missing,Uncertain,Uncertain,SKIP,,,,,,,,,41,101,Q1,Q2
LRM,99,validation,missing,True,Uncertain,SKIP,,,,,,,,,44,106,Q1,Q3
LRM,100,validation,missing,False,Uncertain,SKIP,,,,,,,,,69,123,Q3,Q3
LRM,101,validation,missing,Uncertain,Uncertain,SKIP,,,,,,,,,129,128,Q4,Q3
LRM,102,validation,missing,False,Uncertain,False,False,,,4214.0,,8.2,177.0,False,122,126,Q4,Q3
LRM,103,validation,missing,True,Uncertain,SKIP,,,,,,,,,130,138,Q4,Q3
LRM,104,validation,missing,True,Uncertain,SKIP,,,,,,,,,75,89,Q3,Q2
LRM,105,validation,missing,True,Uncertain,SKIP,,,,,,,,,79,95,Q3,Q2
LRM,106,validation,missing,False,Uncertain,SKIP,,,,,,,,,83,105,Q3,Q2
LRM,107,validation,missing,Uncertain,Uncertain,SKIP,,,,,,,,,111,140,Q4,Q3
LRM,108,validation,missing,False,Uncertain,SKIP,,,,,,,,,134,167,Q4,Q4
LRM,109,validation,missing,True,Uncertain,SKIP,,,,,,,,,159,170,Q4,Q4
LRM,110,validation,missing,Uncertain,Uncertain,SKIP,,,,,,,,,18,79,Q1,Q2
LRM,111,validation,missing,True,Uncertain,True,False,,,1923.0,,11.09,166.0,False,53,99,Q2,Q2
LRM,112,validation,missing,Uncertain,Uncertain,SKIP,,,,,,,,,52,99,Q2,Q2
LRM,113,validation,missing,False,Uncertain,False,False,,,4068.0,,8.37,170.0,False,57,102,Q2,Q2
LRM,114,validation,missing,False,Uncertain,True,False,,,1498.0,,11.68,190.0,False,102,158,Q4,Q3
LRM,115,validation,missing,True,Uncertain,False,False,,,2141.0,,10.57,184.0,False,98,139,Q4,Q3
LRM,116,validation,missing,Uncertain,Uncertain,SKIP,,,,,,,,,98,141,Q4,Q3
LRM,117,validation,missing,Uncertain,Uncertain,SKIP,,,,,,,,,76,97,Q3,Q2
LRM,118,validation,missing,True,Uncertain,SKIP,,,,,,,,,81,111,Q3,Q3
LRM,119,validation,missing,False,Uncertain,True,False,,,3158.0,,9.26,189.0,False,74,87,Q3,Q2
LRM,120,validation,missing,Uncertain,Uncertain,SKIP,,,,,,,,,11,39,Q1,Q1
LRM,121,validation,missing,Uncertain,Uncertain,SKIP,,,,,,,,,63,162,Q2,Q4
LRM,123,validation,missing,True,Uncertain,SKIP,,,,,,,,,63,170,Q2,Q4
LRM,124,validation,missing,Uncertain,Uncertain,SKIP,,,,,,,,,63,153,Q2,Q3
LRM,125,validation,missing,True,Uncertain,True,False,,,3761.0,,8.53,220.0,False,62,185,Q2,Q4
LRM,126,validation,missing,False,Uncertain,False,False,,,3303.0,,8.98,222.0,False,64,188,Q3,Q4
LRM,127,validation,missing,False,Uncertain,SKIP,,,,,,,,,87,269,Q4,Q4
LRM,128,validation,missing,True,Uncertain,SKIP,,,,,,,,,89,270,Q4,Q4
LRM,129,validation,missing,Uncertain,Uncertain,SKIP,,,,,,,,,85,267,Q3,Q4
LRM,130,validation,missing,True,Uncertain,SKIP,,,,,,,,,96,318,Q4,Q4
LRM,131,validation,missing,True,Uncertain,Uncertain,True,,,1791.0,,11.21,128.0,False,19,69,Q1,Q1
LRM,132,validation,missing,Uncertain,Uncertain,SKIP,,,,,,,,,16,59,Q1,Q1
LRM,133,validation,missing,Uncertain,Uncertain,SKIP,,,,,,,,,16,59,Q1,Q1
LRM,134,validation,missing,True,Uncertain,False,False,,,2814.0,,9.78,104.0,False,20,57,Q1,Q1
LRM,136,validation,missing,False,Uncertain,SKIP,,,,,,,,,26,66,Q1,Q1
LRM,137,validation,missing,True,Uncertain,SKIP,,,,,,,,,67,109,Q3,Q3
LRM,138,validation,missing,False,Uncertain,False,False,,,2467.0,,10.07,198.0,False,67,109,Q3,Q3
LRM,139,validation,missing,Uncertain,Uncertain,SKIP,,,,,,,,,104,154,Q4,Q3
LRM,140,validation,missing,False,Uncertain,SKIP,,,,,,,,,114,168,Q4,Q4
LRM,143,validation,missing,Uncertain,Uncertain,SKIP,,,,,,,,,46,164,Q1,Q4
LRM,144,validation,missing,Uncertain,Uncertain,SKIP,,,,,,,,,86,114,Q3,Q3
LRM,145,validation,missing,Uncertain,Uncertain,SKIP,,,,,,,,,87,117,Q4,Q3
LRM,146,validation,missing,True,Uncertain,True,False,,,2541.0,,9.95,212.0,False,96,118,Q4,Q3
LRM,147,validation,missing,True,Uncertain,Uncertain,True,,,2684.0,,9.77,211.0,False,97,118,Q4,Q3
LRM,148,validation,missing,False,Uncertain,SKIP,,,,,,,,,105,118,Q4,Q3
LRM,149,validation,missing,True,Uncertain,True,False,,,3624.0,,8.79,155.0,False,56,74,Q2,Q1
LRM,150,validation,missing,Uncertain,Uncertain,SKIP,,,,,,,,,58,69,Q2,Q1
LRM,151,validation,missing,Uncertain,Uncertain,SKIP,,,,,,,,,57,69,Q2,Q1
LRM,153,validation,missing,False,Uncertain,False,False,,,4139.0,,8.23,198.0,False,50,167,Q2,Q4
LRM,154,validation,missing,True,Uncertain,True,False,,,5881.0,,6.92,237.0,False,63,208,Q2,Q4
LRM,155,validation,missing,Uncertain,Uncertain,SKIP,,,,,,,,,11,58,Q1,Q1
LRM,156,validation,missing,False,Uncertain,SKIP,,,,,,,,,107,190,Q4,Q4
LRM,157,validation,missing,True,Uncertain,False,False,,,2767.0,,9.58,235.0,False,109,191,Q4,Q4
LRM,158,validation,missing,True,Uncertain,Uncertain,True,,,4568.0,,7.8,243.0,False,113,198,Q4,Q4
LRM,159,validation,missing,Uncertain,Uncertain,SKIP,,,,,,,,,103,174,Q4,Q4
LRM,160,validation,missing,True,Uncertain,False,False,,,3334.0,,9.16,118.0,False,41,50,Q1,Q1
LRM,161,validation,missing,Uncertain,Uncertain,SKIP,,,,,,,,,37,45,Q1,Q1
LRM,162,validation,missing,False,Uncertain,False,False,,,3226.0,,9.33,93.0,False,10,59,Q1,Q1
LRM,163,validation,missing,Uncertain,Uncertain,SKIP,,,,,,,,,70,100,Q3,Q2
LRM,164,validation,missing,False,Uncertain,SKIP,,,,,,,,,79,121,Q3,Q3
LRM,165,validation,missing,True,Uncertain,SKIP,,,,,,,,,78,123,Q3,Q3
LRM,166,validation,missing,True,Uncertain,False,False,,,2300.0,,10.53,103.0,False,28,31,Q1,Q1
LRM,167,validation,missing,True,Uncertain,True,False,,,3174.0,,9.34,117.0,False,35,49,Q1,Q1
LRM,168,validation,missing,False,Uncertain,False,False,,,1687.0,,11.57,104.0,False,28,38,Q1,Q1
LRM,169,validation,missing,Uncertain,Uncertain,SKIP,,,,,,,,,63,88,Q2,Q2
LRM,170,validation,missing,True,Uncertain,False,False,,,3883.0,,8.43,214.0,False,86,108,Q3,Q3
LRM,171,validation,missing,False,Uncertain,True,False,,,5028.0,,7.52,200.0,False,82,100,Q3,Q2
LRM,172,validation,missing,Uncertain,Uncertain,SKIP,,,,,,,,,97,127,Q4,Q3
LRM,173,validation,missing,False,Uncertain,SKIP,,,,,,,,,102,127,Q4,Q3
LRM,174,validation,missing,True,Uncertain,SKIP,,,,,,,,,113,138,Q4,Q3
LRM,175,validation,missing,Uncertain,Uncertain,SKIP,,,,,,,,,32,18,Q1,Q1
LRM,176,validation,missing,False,Uncertain,Uncertain,True,,,2142.0,,10.75,85.0,False,34,19,Q1,Q1
LRM,177,validation,missing,True,Uncertain,True,False,,,1966.0,,11.01,96.0,False,38,29,Q1,Q1
LRM,178,validation,missing,False,Uncertain,False,False,,,3130.0,,9.48,122.0,False,11,123,Q1,Q3
LRM,179,validation,missing,False,Uncertain,False,False,,,2935.0,,9.66,94.0,False,25,37,Q1,Q1
LRM,180,validation,missing,False,Uncertain,False,False,,,3435.0,,9.12,85.0,False,25,37,Q1,Q1
LRM,181,validation,missing,Uncertain,Uncertain,SKIP,,,,,,,,,38,69,Q1,Q1
LRM,182,validation,missing,True,Uncertain,True,False,,,1957.0,,11.02,122.0,False,44,79,Q1,Q2
LRM,183,validation,missing,False,Uncertain,Uncertain,True,,,6071.0,,6.91,137.0,False,56,92,Q2,Q2
LRM,184,validation,missing,True,Uncertain,True,False,,,2992.0,,9.43,184.0,False,77,120,Q3,Q3
LRM,185,validation,missing,False,Uncertain,SKIP,,,,,,,,,76,120,Q3,Q3
LRM,186,validation,missing,Uncertain,Uncertain,SKIP,,,,,,,,,77,122,Q3,Q3
LRM,187,validation,missing,Uncertain,Uncertain,SKIP,,,,,,,,,50,80,Q2,Q2
LRM,188,validation,missing,True,Uncertain,Uncertain,True,,,2535.0,,10.07,138.0,False,53,93,Q2,Q2
LRM,189,validation,missing,False,Uncertain,Uncertain,True,,,2301.0,,10.44,136.0,False,52,90,Q2,Q2
LRM,190,validation,missing,False,Uncertain,False,False,,,4470.0,,8.03,146.0,False,62,98,Q2,Q2
LRM,191,validation,missing,False,Uncertain,False,False,,,4991.0,,7.62,150.0,False,61,105,Q2,Q2
LRM,192,validation,missing,False,Uncertain,False,False,,,2199.0,,10.72,77.0,False,16,44,Q1,Q1
LRM,193,validation,missing,False,Uncertain,False,False,,,2404.0,,10.24,175.0,False,78,85,Q3,Q2
LRM,194,validation,missing,Uncertain,Uncertain,SKIP,,,,,,,,,82,80,Q3,Q2
LRM,195,validation,missing,Uncertain,Uncertain,SKIP,,,,,,,,,57,244,Q2,Q4
LRM,197,validation,missing,True,Uncertain,False,False,,,5935.0,,6.86,264.0,False,64,251,Q3,Q4
LRM,198,validation,missing,False,Uncertain,False,False,,,1832.0,,11.21,137.0,False,50,69,Q2,Q1
LRM,199,validation,missing,False,Uncertain,False,False,,,1898.0,,11.2,140.0,False,52,69,Q2,Q1
LRM,200,validation,missing,False,Uncertain,False,False,,,3219.0,,9.25,151.0,False,52,69,Q2,Q1
LRM,201,validation,missing,Uncertain,Uncertain,SKIP,,,,,,,,,48,59,Q2,Q1
LRM,202,validation,missing,Uncertain,Uncertain,SKIP,,,,,,,,,52,68,Q2,Q1
LRM,100000,train,missing,True,Uncertain,False,False,,,8231.0,,5.8,161.0,False,106,102,Q4,Q2
LRM,100001,train,missing,True,Uncertain,SKIP,,,,,,,,,107,100,Q4,Q2
LRM,100003,train,missing,True,Uncertain,SKIP,,,,,,,,,138,117,Q4,Q3
LRM,100005,train,missing,True,Uncertain,SKIP,,,,,,,,,46,103,Q1,Q2
LRM,100008,train,missing,False,Uncertain,False,False,,,2645.0,,9.87,162.0,False,59,106,Q2,Q3
LRM,100009,train,missing,True,Uncertain,True,False,,,7236.0,,6.24,171.0,False,62,111,Q2,Q3
LRM,100024,train,missing,False,Uncertain,SKIP,,,,,,,,,85,110,Q3,Q3
LRM,100025,train,missing,True,Uncertain,True,False,,,995.0,,13.06,100.0,False,36,41,Q1,Q1
LRM,100028,train,missing,Uncertain,Uncertain,SKIP,,,,,,,,,37,41,Q1,Q1
LRM,100036,train,missing,False,Uncertain,False,False,,,3099.0,,9.27,201.0,False,71,141,Q3,Q3
LRM,100039,train,missing,False,Uncertain,SKIP,,,,,,,,,92,160,Q4,Q4
LRM,100040,train,missing,Uncertain,Uncertain,SKIP,,,,,,,,,78,149,Q3,Q4
LRM,100042,train,missing,False,Uncertain,SKIP,,,,,,,,,108,182,Q4,Q4
LRM,100045,train,missing,Uncertain,Uncertain,SKIP,,,,,,,,,64,136,Q3,Q3
LRM,100047,train,missing,True,Uncertain,SKIP,,,,,,,,,101,205,Q4,Q4
LRM,100051,train,missing,False,Uncertain,False,False,,,1085.0,,12.68,107.0,False,30,39,Q1,Q1
LRM,100052,train,missing,True,Uncertain,False,False,,,1561.0,,11.71,106.0,False,30,38,Q1,Q1
LRM,100070,train,missing,True,Uncertain,SKIP,,,,,,,,,68,101,Q3,Q2
LRM,100071,train,missing,False,Uncertain,SKIP,,,,,,,,,79,115,Q3,Q3
LRM,100074,train,missing,Uncertain,Uncertain,SKIP,,,,,,,,,21,44,Q1,Q1
LRM,100075,train,missing,Uncertain,Uncertain,SKIP,,,,,,,,,82,154,Q3,Q4
LRM,100077,train,missing,False,Uncertain,SKIP,,,,,,,,,86,161,Q3,Q4
LRM,100083,train,missing,False,Uncertain,SKIP,,,,,,,,,107,257,Q4,Q4
LRM,100086,train,missing,Uncertain,Uncertain,SKIP,,,,,,,,,110,175,Q4,Q4
LRM,100094,train,missing,Uncertain,Uncertain,SKIP,,,,,,,,,17,81,Q1,Q2
LRM,100095,train,missing,False,Uncertain,False,False,,,4207.0,,8.3,124.0,False,50,75,Q2,Q1
LRM,100102,train,missing,False,Uncertain,True,False,,,3905.0,,8.49,179.0,False,82,125,Q3,Q3
LRM,100105,train,missing,False,Uncertain,False,False,,,1321.0,,12.27,104.0,False,50,71,Q2,Q1
LRM,100106,train,missing,True,Uncertain,False,False,,,2411.0,,10.32,109.0,False,49,71,Q2,Q1
LRM,100109,train,missing,False,Uncertain,SKIP,,,,,,,,,204,218,Q4,Q4
LRM,100110,train,missing,True,Uncertain,SKIP,,,,,,,,,215,232,Q4,Q4
LRM,100111,train,missing,Uncertain,Uncertain,SKIP,,,,,,,,,47,54,Q2,Q1
LRM,100114,train,missing,False,Uncertain,SKIP,,,,,,,,,55,102,Q2,Q2
LRM,100118,train,missing,True,Uncertain,SKIP,,,,,,,,,88,159,Q4,Q4
LRM,100124,train,missing,Uncertain,Uncertain,SKIP,,,,,,,,,38,81,Q1,Q2
LRM,100127,train,missing,True,Uncertain,False,False,,,3650.0,,8.82,123.0,False,39,82,Q1,Q2
LRM,100130,train,missing,False,Uncertain,False,False,,,2412.0,,10.25,141.0,False,64,92,Q3,Q2
LRM,100133,train,missing,False,Uncertain,Uncertain,True,,,4313.0,,8.13,170.0,False,63,110,Q3,Q3
LRM,100134,train,missing,True,Uncertain,True,False,,,2869.0,,9.56,174.0,False,66,113,Q3,Q3
LRM,100135,train,missing,True,Uncertain,True,False,,,3217.0,,9.26,134.0,False,34,53,Q1,Q1
LRM,100136,train,missing,False,Uncertain,SKIP,,,,,,,,,38,56,Q1,Q1
LRM,100137,train,missing,Uncertain,Uncertain,SKIP,,,,,,,,,32,44,Q1,Q1
LRM,100150,train,missing,True,Uncertain,Uncertain,True,,,1434.0,,11.9,134.0,False,45,90,Q1,Q2
LRM,100151,train,missing,Uncertain,Uncertain,SKIP,,,,,,,,,40,85,Q1,Q2
LRM,100152,train,missing,Uncertain,Uncertain,SKIP,,,,,,,,,83,118,Q3,Q3
LRM,100158,train,missing,True,Uncertain,SKIP,,,,,,,,,102,136,Q4,Q3
LRM,100159,train,missing,False,Uncertain,SKIP,,,,,,,,,100,135,Q4,Q3
LRM,100161,train,missing,True,Uncertain,SKIP,,,,,,,,,109,136,Q4,Q3
LRM,100163,train,missing,Uncertain,Uncertain,SKIP,,,,,,,,,118,150,Q4,Q4
LRM,100165,train,missing,Uncertain,Uncertain,SKIP,,,,,,,,,11,78,Q1,Q2
LRM,100166,train,missing,True,Uncertain,SKIP,,,,,,,,,82,123,Q3,Q3
LRM,100173,train,missing,Uncertain,Uncertain,SKIP,,,,,,,,,63,121,Q3,Q3
LRM,100178,train,missing,Uncertain,Uncertain,SKIP,,,,,,,,,53,138,Q2,Q3
LRM,100180,train,missing,True,Uncertain,False,False,,,4506.0,,7.92,212.0,False,54,154,Q2,Q4
LRM,100181,train,missing,Uncertain,Uncertain,SKIP,,,,,,,,,72,156,Q3,Q4
LRM,100182,train,missing,False,Uncertain,False,False,,,6992.0,,6.32,214.0,False,73,156,Q3,Q4
LRM,100183,train,missing,True,Uncertain,False,False,,,6242.0,,6.72,215.0,False,74,157,Q3,Q4
LRM,100194,train,missing,True,Uncertain,Uncertain,True,,,1103.0,,12.59,160.0,False,58,78,Q2,Q2
LRM,100196,train,missing,True,Uncertain,SKIP,,,,,,,,,106,74,Q4,Q1
LRM,100197,train,missing,True,Uncertain,False,False,,,2880.0,,9.81,92.0,False,27,61,Q1,Q1
LRM,100199,train,missing,Uncertain,Uncertain,SKIP,,,,,,,,,24,45,Q1,Q1
LRM,100201,train,missing,False,Uncertain,SKIP,,,,,,,,,138,161,Q4,Q4
LRM,100203,train,missing,True,Uncertain,False,False,,,958.0,,13.06,125.0,False,54,76,Q2,Q2
LRM,100204,train,missing,Uncertain,Uncertain,SKIP,,,,,,,,,54,78,Q2,Q2
LRM,100208,train,missing,True,Uncertain,SKIP,,,,,,,,,150,168,Q4,Q4
LRM,100209,train,missing,Uncertain,Uncertain,SKIP,,,,,,,,,63,136,Q3,Q3
LRM,100215,train,missing,False,Uncertain,True,False,,,4483.0,,7.89,249.0,False,124,231,Q4,Q4
LRM,100218,train,missing,True,Uncertain,SKIP,,,,,,,,,110,132,Q4,Q3
LRM,100224,train,missing,False,Uncertain,False,False,,,5110.0,,7.56,126.0,False,40,74,Q1,Q1
LRM,100227,train,missing,False,Uncertain,SKIP,,,,,,,,,72,134,Q3,Q3
LRM,100228,train,missing,False,Uncertain,SKIP,,,,,,,,,88,100,Q4,Q2
LRM,100230,train,missing,Uncertain,Uncertain,SKIP,,,,,,,,,57,89,Q2,Q2
LRM,100233,train,missing,False,Uncertain,False,False,,,4648.0,,7.89,139.0,False,47,92,Q2,Q2
LRM,100240,train,missing,True,Uncertain,SKIP,,,,,,,,,90,128,Q4,Q3
LRM,100242,train,missing,Uncertain,Uncertain,SKIP,,,,,,,,,33,74,Q1,Q1
LRM,100244,train,missing,Uncertain,Uncertain,SKIP,,,,,,,,,34,69,Q1,Q1
LRM,100250,train,missing,Uncertain,Uncertain,SKIP,,,,,,,,,51,57,Q2,Q1
LRM,100252,train,missing,True,Uncertain,False,False,,,2998.0,,9.48,180.0,False,61,96,Q2,Q2
LRM,100254,train,missing,Uncertain,Uncertain,SKIP,,,,,,,,,51,71,Q2,Q1
LRM,100255,train,missing,True,Uncertain,SKIP,,,,,,,,,42,62,Q1,Q1
LRM,100257,train,missing,False,Uncertain,False,False,,,1740.0,,11.4,157.0,False,62,67,Q2,Q1
LRM,100260,train,missing,True,Uncertain,False,False,,,3603.0,,8.78,184.0,False,59,138,Q2,Q3
LRM,100267,train,missing,False,Uncertain,SKIP,,,,,,,,,139,219,Q4,Q4
LRM,100268,train,missing,False,Uncertain,SKIP,,,,,,,,,80,93,Q3,Q2
LRM,100270,train,missing,Uncertain,Uncertain,SKIP,,,,,,,,,80,95,Q3,Q2
LRM,100271,train,missing,True,Uncertain,SKIP,,,,,,,,,54,93,Q2,Q2
LRM,100273,train,missing,False,Uncertain,False,False,,,3559.0,,8.89,135.0,False,47,75,Q2,Q1
LRM,100278,train,missing,True,Uncertain,SKIP,,,,,,,,,47,77,Q2,Q2
LRM,100283,train,missing,False,Uncertain,SKIP,,,,,,,,,94,113,Q4,Q3
LRM,100285,train,missing,Uncertain,Uncertain,SKIP,,,,,,,,,74,88,Q3,Q2
LRM,100288,train,missing,True,Uncertain,SKIP,,,,,,,,,43,51,Q1,Q1
LRM,100290,train,missing,Uncertain,Uncertain,SKIP,,,,,,,,,43,50,Q1,Q1
LRM,100291,train,missing,False,Uncertain,SKIP,,,,,,,,,43,57,Q1,Q1
LRM,100293,train,missing,False,Uncertain,False,False,,,2119.0,,10.63,160.0,False,34,106,Q1,Q3
LRM,100302,train,missing,False,Uncertain,SKIP,,,,,,,,,66,160,Q3,Q4
LRM,100306,train,missing,True,Uncertain,False,False,,,2991.0,,9.49,180.0,False,97,131,Q4,Q3
LRM,100307,train,missing,False,Uncertain,False,False,,,3273.0,,9.1,202.0,False,106,138,Q4,Q3
LRM,100308,train,missing,True,Uncertain,Uncertain,True,,,9697.0,,5.23,193.0,False,107,138,Q4,Q3
LRM,100309,train,missing,True,Uncertain,False,False,,,4507.0,,7.94,206.0,False,113,149,Q4,Q4
LRM,100311,train,missing,True,Uncertain,True,False,,,3000.0,,9.49,164.0,False,59,157,Q2,Q4
LRM,100312,train,missing,False,Uncertain,True,False,,,2269.0,,10.59,165.0,False,59,159,Q2,Q4
LRM,100315,train,missing,Uncertain,Uncertain,SKIP,,,,,,,,,44,86,Q1,Q2
LRM,100316,train,missing,True,Uncertain,SKIP,,,,,,,,,82,145,Q3,Q4
LRM,100317,train,missing,True,Uncertain,SKIP,,,,,,,,,80,143,Q3,Q4
LRM,100321,train,missing,Uncertain,Uncertain,SKIP,,,,,,,,,101,125,Q4,Q3
LRM,100323,train,missing,Uncertain,Uncertain,SKIP,,,,,,,,,28,89,Q1,Q2
LRM,100329,train,missing,True,Uncertain,False,False,,,1485.0,,11.82,111.0,False,29,40,Q1,Q1
LRM,100334,train,missing,True,Uncertain,SKIP,,,,,,,,,64,125,Q3,Q3
LRM,100336,train,missing,True,Uncertain,SKIP,,,,,,,,,66,126,Q3,Q3
LRM,100338,train,missing,False,Uncertain,SKIP,,,,,,,,,76,143,Q3,Q4
LRM,100339,train,missing,True,Uncertain,SKIP,,,,,,,,,87,151,Q4,Q4
LRM,100340,train,missing,False,Uncertain,SKIP,,,,,,,,,70,144,Q3,Q4
LRM,100341,train,missing,True,Uncertain,SKIP,,,,,,,,,79,154,Q3,Q4
LRM,100343,train,missing,False,Uncertain,False,False,,,2142.0,,10.68,155.0,False,48,104,Q2,Q2
LRM,100351,train,missing,True,Uncertain,SKIP,,,,,,,,,61,86,Q2,Q2
LRM,100353,train,missing,Uncertain,Uncertain,SKIP,,,,,,,,,58,91,Q2,Q2
LRM,100357,train,missing,True,Uncertain,False,False,,,2989.0,,9.49,145.0,False,50,85,Q2,Q2
LRM,100358,train,missing,Uncertain,Uncertain,SKIP,,,,,,,,,53,86,Q2,Q2
LRM,100359,train,missing,False,Uncertain,False,False,,,2501.0,,10.06,163.0,False,61,94,Q2,Q2
LRM,100362,train,missing,Uncertain,Uncertain,SKIP,,,,,,,,,52,68,Q2,Q1
LRM,100366,train,missing,False,Uncertain,Uncertain,True,,,1758.0,,11.42,121.0,False,47,66,Q2,Q1
LRM,100372,train,missing,Uncertain,Uncertain,SKIP,,,,,,,,,126,132,Q4,Q3
LRM,100373,train,missing,False,Uncertain,SKIP,,,,,,,,,133,141,Q4,Q3
LRM,100378,train,missing,True,Uncertain,False,False,,,1803.0,,11.26,150.0,False,38,110,Q1,Q3
LRM,100388,train,missing,Uncertain,Uncertain,SKIP,,,,,,,,,81,180,Q3,Q4
LRM,100391,train,missing,True,Uncertain,SKIP,,,,,,,,,89,191,Q4,Q4
LRM,100393,train,missing,False,Uncertain,False,False,,,3945.0,,8.54,117.0,False,37,72,Q1,Q1
LRM,100394,train,missing,True,Uncertain,True,False,,,3378.0,,9.1,118.0,False,38,73,Q1,Q1
LRM,100405,train,missing,True,Uncertain,False,False,,,1998.0,,10.97,115.0,False,37,59,Q1,Q1
LRM,100408,train,missing,False,Uncertain,Uncertain,True,,,3752.0,,8.66,159.0,False,67,108,Q3,Q3
LRM,100409,train,missing,Uncertain,Uncertain,SKIP,,,,,,,,,35,62,Q1,Q1
LRM,100412,train,missing,Uncertain,Uncertain,SKIP,,,,,,,,,50,141,Q2,Q3
LRM,100415,train,missing,True,Uncertain,False,False,,,2853.0,,9.76,95.0,False,13,54,Q1,Q1
LRM,100416,train,missing,Uncertain,Uncertain,SKIP,,,,,,,,,175,195,Q4,Q4
LRM,100418,train,missing,True,Uncertain,SKIP,,,,,,,,,190,220,Q4,Q4
LRM,100421,train,missing,Uncertain,Uncertain,SKIP,,,,,,,,,44,69,Q1,Q1
LRM,100422,train,missing,Uncertain,Uncertain,SKIP,,,,,,,,,42,80,Q1,Q2
LRM,100424,train,missing,False,Uncertain,False,False,,,2931.0,,9.56,140.0,False,49,92,Q2,Q2
LRM,100430,train,missing,False,Uncertain,SKIP,,,,,,,,,178,275,Q4,Q4
LRM,100433,train,missing,False,Uncertain,False,False,,,3610.0,,8.77,170.0,False,88,122,Q4,Q3
LRM,100435,train,missing,Uncertain,Uncertain,SKIP,,,,,,,,,56,125,Q2,Q3
LRM,100437,train,missing,False,Uncertain,SKIP,,,,,,,,,57,119,Q2,Q3
LRM,100440,train,missing,False,Uncertain,False,False,,,2804.0,,9.86,89.0,False,43,26,Q1,Q1
LRM,100441,train,missing,Uncertain,Uncertain,SKIP,,,,,,,,,40,25,Q1,Q1
LRM,100444,train,missing,True,Uncertain,False,False,,,7221.0,,6.16,284.0,False,133,208,Q4,Q4
LRM,100446,train,missing,Uncertain,Uncertain,SKIP,,,,,,,,,126,113,Q4,Q3
LRM,100448,train,missing,True,Uncertain,SKIP,,,,,,,,,131,133,Q4,Q3
LRM,100466,train,missing,True,Uncertain,False,False,,,1158.0,,12.62,140.0,False,51,47,Q2,Q1
LRM,100467,train,missing,True,Uncertain,True,False,,,2863.0,,9.76,96.0,False,24,53,Q1,Q1
LRM,100468,train,missing,Uncertain,Uncertain,SKIP,,,,,,,,,25,54,Q1,Q1
LRM,100469,train,missing,True,Uncertain,False,False,,,985.0,,13.09,148.0,False,57,71,Q2,Q1
LRM,100471,train,missing,False,Uncertain,SKIP,,,,,,,,,55,78,Q2,Q2
LRM,100475,train,missing,False,Uncertain,SKIP,,,,,,,,,58,111,Q2,Q3
LRM,100476,train,missing,True,Uncertain,SKIP,,,,,,,,,72,129,Q3,Q3
LRM,100481,train,missing,False,Uncertain,False,False,,,2739.0,,9.75,168.0,False,60,124,Q2,Q3
LRM,100484,train,missing,False,Uncertain,False,False,,,2244.0,,10.57,114.0,False,30,66,Q1,Q1
LRM,100486,train,missing,Uncertain,Uncertain,SKIP,,,,,,,,,30,66,Q1,Q1
LRM,100500,train,missing,True,Uncertain,SKIP,,,,,,,,,84,153,Q3,Q4
LRM,100506,train,missing,True,Uncertain,False,False,,,1007.0,,12.97,84.0,False,20,25,Q1,Q1
LRM,100517,train,missing,False,Uncertain,SKIP,,,,,,,,,69,137,Q3,Q3
LRM,100518,train,missing,False,Uncertain,SKIP,,,,,,,,,47,67,Q2,Q1
LRM,100519,train,missing,False,Uncertain,SKIP,,,,,,,,,44,63,Q1,Q1
LRM,100521,train,missing,Uncertain,Uncertain,SKIP,,,,,,,,,77,154,Q3,Q4
LRM,100523,train,missing,True,Uncertain,SKIP,,,,,,,,,77,164,Q3,Q4
LRM,100530,train,missing,Uncertain,Uncertain,SKIP,,,,,,,,,37,33,Q1,Q1
LRM,100532,train,missing,False,Uncertain,False,False,,,3749.0,,8.73,137.0,False,38,75,Q1,Q1
LRM,100535,train,missing,True,Uncertain,False,False,,,1896.0,,11.07,211.0,False,65,145,Q3,Q4
LRM,100541,train,missing,Uncertain,Uncertain,SKIP,,,,,,,,,22,59,Q1,Q1
LRM,100543,train,missing,Uncertain,Uncertain,SKIP,,,,,,,,,84,132,Q3,Q3
LRM,100549,train,missing,True,Uncertain,SKIP,,,,,,,,,73,147,Q3,Q4
LRM,100550,train,missing,Uncertain,Uncertain,SKIP,,,,,,,,,32,53,Q1,Q1
LRM,100551,train,missing,True,Uncertain,SKIP,,,,,,,,,36,58,Q1,Q1
LRM,100556,train,missing,True,Uncertain,True,False,,,5683.0,,7.11,178.0,False,124,120,Q4,Q3
LRM,100558,train,missing,True,Uncertain,False,False,,,2418.0,,10.19,162.0,False,50,100,Q2,Q2
LRM,100561,train,missing,Uncertain,Uncertain,SKIP,,,,,,,,,79,158,Q3,Q4
LRM,100564,train,missing,Uncertain,Uncertain,SKIP,,,,,,,,,46,131,Q1,Q3
LRM,100565,train,missing,True,Uncertain,SKIP,,,,,,,,,46,127,Q1,Q3
LRM,100566,train,missing,True,Uncertain,SKIP,,,,,,,,,44,126,Q1,Q3
LRM,100570,train,missing,False,Uncertain,SKIP,,,,,,,,,73,174,Q3,Q4
LRM,100572,train,missing,Uncertain,Uncertain,SKIP,,,,,,,,,36,91,Q1,Q2
LRM,100573,train,missing,Uncertain,Uncertain,SKIP,,,,,,,,,38,92,Q1,Q2
LRM,100574,train,missing,False,Uncertain,False,False,,,2829.0,,9.68,143.0,False,39,96,Q1,Q2
LRM,100576,train,missing,Uncertain,Uncertain,SKIP,,,,,,,,,73,104,Q3,Q2
LRM,100578,train,missing,True,Uncertain,True,False,,,1883.0,,11.03,175.0,False,77,102,Q3,Q2
LRM,100582,train,missing,False,Uncertain,False,False,,,4703.0,,7.72,233.0,False,111,196,Q4,Q4
LRM,100583,train,missing,False,Uncertain,SKIP,,,,,,,,,109,192,Q4,Q4
LRM,100589,train,missing,True,Uncertain,SKIP,,,,,,,,,55,95,Q2,Q2
LRM,100590,train,missing,Uncertain,Uncertain,SKIP,,,,,,,,,147,239,Q4,Q4
LRM,100592,train,missing,True,Uncertain,SKIP,,,,,,,,,139,218,Q4,Q4
LRM,100593,train,missing,True,Uncertain,False,False,,,3170.0,,9.15,219.0,False,107,144,Q4,Q4
LRM,100594,train,missing,Uncertain,Uncertain,SKIP,,,,,,,,,108,149,Q4,Q4
LRM,100596,train,missing,True,Uncertain,True,False,,,2251.0,,10.58,116.0,False,53,62,Q2,Q1
LRM,100608,train,missing,False,Uncertain,False,False,,,7335.0,,6.25,114.0,False,35,83,Q1,Q2
LRM,100610,train,missing,False,Uncertain,SKIP,,,,,,,,,164,364,Q4,Q4
LRM,100619,train,missing,Uncertain,Uncertain,SKIP,,,,,,,,,93,118,Q4,Q3
LRM,100620,train,missing,True,Uncertain,SKIP,,,,,,,,,39,41,Q1,Q1
LRM,100621,train,missing,Uncertain,Uncertain,SKIP,,,,,,,,,37,38,Q1,Q1
LRM,100625,train,missing,False,Uncertain,SKIP,,,,,,,,,53,74,Q2,Q1
LRM,100626,train,missing,False,Uncertain,SKIP,,,,,,,,,65,125,Q3,Q3
LRM,100630,train,missing,False,Uncertain,SKIP,,,,,,,,,100,144,Q4,Q4
LRM,100634,train,missing,Uncertain,Uncertain,SKIP,,,,,,,,,87,112,Q4,Q3
LRM,100635,train,missing,True,Uncertain,SKIP,,,,,,,,,94,123,Q4,Q3
LRM,100636,train,missing,False,Uncertain,SKIP,,,,,,,,,90,121,Q4,Q3
LRM,100644,train,missing,Uncertain,Uncertain,SKIP,,,,,,,,,45,99,Q1,Q2
LRM,100648,train,missing,True,Uncertain,False,False,,,2676.0,,9.88,151.0,False,69,96,Q3,Q2
LRM,100649,train,missing,False,Uncertain,False,False,,,4087.0,,8.35,150.0,False,72,95,Q3,Q2
LRM,100652,train,missing,True,Uncertain,True,False,,,2259.0,,10.56,145.0,False,45,90,Q1,Q2
LRM,100656,train,missing,False,Uncertain,False,False,,,3804.0,,8.66,135.0,False,54,66,Q2,Q1
LRM,100660,train,missing,True,Uncertain,False,False,,,3757.0,,8.68,145.0,False,62,71,Q2,Q1
LRM,100669,train,missing,True,Uncertain,True,False,,,2086.0,,10.85,134.0,False,38,87,Q1,Q2
LRM,100670,train,missing,Uncertain,Uncertain,SKIP,,,,,,,,,37,87,Q1,Q2
LRM,100671,train,missing,Uncertain,Uncertain,SKIP,,,,,,,,,37,76,Q1,Q2
LRM,100673,train,missing,True,Uncertain,SKIP,,,,,,,,,77,158,Q3,Q4
LRM,100674,train,missing,Uncertain,Uncertain,SKIP,,,,,,,,,78,179,Q3,Q4
LRM,100675,train,missing,True,Uncertain,False,False,,,3037.0,,9.53,106.0,False,24,61,Q1,Q1
LRM,100679,train,missing,False,Uncertain,SKIP,,,,,,,,,74,124,Q3,Q3
LRM,100680,train,missing,False,Uncertain,SKIP,,,,,,,,,72,112,Q3,Q3
LRM,100682,train,missing,False,Uncertain,Error,,,,2263.0,,10.54,165.0,False,54,132,Q2,Q3
LRM,100683,train,missing,True,Uncertain,SKIP,,,,,,,,,57,134,Q2,Q3
LRM,100685,train,missing,False,Uncertain,False,False,,,2084.0,,10.81,171.0,False,59,96,Q2,Q2
LRM,100686,train,missing,Uncertain,Uncertain,SKIP,,,,,,,,,58,109,Q2,Q3
LRM,100687,train,missing,True,Uncertain,False,False,,,1364.0,,12.1,167.0,False,80,71,Q3,Q1
LRM,100688,train,missing,Uncertain,Uncertain,SKIP,,,,,,,,,80,71,Q3,Q1
LRM,100691,train,missing,False,Uncertain,False,False,,,4832.0,,7.77,124.0,False,38,61,Q1,Q1
LRM,100693,train,missing,Uncertain,Uncertain,SKIP,,,,,,,,,68,95,Q3,Q2
LRM,100695,train,missing,True,Uncertain,SKIP,,,,,,,,,84,109,Q3,Q3
LRM,100698,train,missing,True,Uncertain,SKIP,,,,,,,,,70,118,Q3,Q3
LRM,100703,train,missing,False,Uncertain,SKIP,,,,,,,,,100,113,Q4,Q3
LRM,100707,train,missing,True,Uncertain,False,False,,,3197.0,,9.28,180.0,False,83,128,Q3,Q3
LRM,100713,train,missing,False,Uncertain,SKIP,,,,,,,,,140,161,Q4,Q4
LRM,100718,train,missing,Uncertain,Uncertain,SKIP,,,,,,,,,57,116,Q2,Q3
LRM,100720,train,missing,False,Uncertain,True,False,,,2690.0,,9.77,204.0,False,57,117,Q2,Q3
LRM,100722,train,missing,Uncertain,Uncertain,SKIP,,,,,,,,,50,106,Q2,Q3
LRM,100725,train,missing,True,Uncertain,Uncertain,True,,,2944.0,,9.54,157.0,False,58,77,Q2,Q2
LRM,100730,train,missing,True,Uncertain,SKIP,,,,,,,,,102,137,Q4,Q3
LRM,100733,train,missing,False,Uncertain,SKIP,,,,,,,,,107,147,Q4,Q4
LRM,100734,train,missing,False,Uncertain,SKIP,,,,,,,,,108,144,Q4,Q4
LRM,100736,train,missing,False,Uncertain,SKIP,,,,,,,,,126,156,Q4,Q4
LRM,100737,train,missing,True,Uncertain,SKIP,,,,,,,,,107,142,Q4,Q3
LRM,100752,train,missing,True,Uncertain,SKIP,,,,,,,,,56,155,Q2,Q4
LRM,100754,train,missing,True,Uncertain,False,False,,,1544.0,,11.74,121.0,False,53,49,Q2,Q1
LRM,100759,train,missing,True,Uncertain,SKIP,,,,,,,,,92,154,Q4,Q4
LRM,100760,train,missing,Uncertain,Uncertain,SKIP,,,,,,,,,93,154,Q4,Q4
LRM,100765,train,missing,Uncertain,Uncertain,SKIP,,,,,,,,,79,157,Q3,Q4
LRM,100767,train,missing,True,Uncertain,SKIP,,,,,,,,,99,180,Q4,Q4
LRM,100769,train,missing,Uncertain,Uncertain,SKIP,,,,,,,,,82,104,Q3,Q2
LRM,100789,train,missing,True,Uncertain,SKIP,,,,,,,,,66,82,Q3,Q2
LRM,100790,train,missing,Uncertain,Uncertain,SKIP,,,,,,,,,60,77,Q2,Q2
LRM,100791,train,missing,Uncertain,Uncertain,SKIP,,,,,,,,,27,42,Q1,Q1
LRM,100792,train,missing,Uncertain,Uncertain,SKIP,,,,,,,,,58,73,Q2,Q1
LRM,100793,train,missing,False,Uncertain,False,False,,,2096.0,,10.79,124.0,False,57,73,Q2,Q1
LRM,100798,train,missing,True,Uncertain,False,False,,,1653.0,,11.39,165.0,False,49,95,Q2,Q2
LRM,100801,train,missing,Uncertain,Uncertain,SKIP,,,,,,,,,59,81,Q2,Q2
LRM,100804,train,missing,Uncertain,Uncertain,SKIP,,,,,,,,,14,76,Q1,Q2
LRM,100806,train,missing,False,Uncertain,False,False,,,2656.0,,9.71,238.0,False,96,183,Q4,Q4
LRM,100809,train,missing,True,Uncertain,False,False,,,2082.0,,10.8,143.0,False,41,117,Q1,Q3
LRM,100814,train,missing,True,Uncertain,SKIP,,,,,,,,,67,91,Q3,Q2
LRM,100815,train,missing,Uncertain,Uncertain,SKIP,,,,,,,,,69,94,Q3,Q2
LRM,100816,train,missing,False,Uncertain,False,False,,,1434.0,,12.49,134.0,False,64,69,Q3,Q1
LRM,100819,train,missing,False,Uncertain,SKIP,,,,,,,,,101,167,Q4,Q4
LRM,100821,train,missing,False,Uncertain,SKIP,,,,,,,,,62,84,Q2,Q2
LRM,100826,train,missing,Uncertain,Uncertain,SKIP,,,,,,,,,84,136,Q3,Q3
LRM,100830,train,missing,False,Uncertain,SKIP,,,,,,,,,90,141,Q4,Q3
LRM,100831,train,missing,True,Uncertain,SKIP,,,,,,,,,99,153,Q4,Q4
LRM,100836,train,missing,False,Uncertain,False,False,,,1801.0,,11.1,163.0,False,55,100,Q2,Q2
LRM,100841,train,missing,Uncertain,Uncertain,SKIP,,,,,,,,,64,177,Q3,Q4
LRM,100846,train,missing,True,Uncertain,False,False,,,2228.0,,10.57,117.0,False,39,72,Q1,Q1
LRM,100849,train,missing,False,Uncertain,SKIP,,,,,,,,,52,160,Q2,Q4
LRM,100851,train,missing,Uncertain,Uncertain,SKIP,,,,,,,,,57,109,Q2,Q3
LRM,100853,train,missing,Uncertain,Uncertain,SKIP,,,,,,,,,58,109,Q2,Q3
LRM,100854,train,missing,Uncertain,Uncertain,SKIP,,,,,,,,,46,65,Q1,Q1
LRM,100863,train,missing,False,Uncertain,SKIP,,,,,,,,,78,156,Q3,Q4
LRM,100864,train,missing,True,Uncertain,SKIP,,,,,,,,,79,157,Q3,Q4
LRM,100866,train,missing,True,Uncertain,Uncertain,True,,,2666.0,,9.87,153.0,False,53,77,Q2,Q2
LRM,100869,train,missing,False,Uncertain,SKIP,,,,,,,,,58,81,Q2,Q2
LRM,100873,train,missing,False,Uncertain,False,False,,,6645.0,,6.52,198.0,False,72,99,Q3,Q2
LRM,100874,train,missing,False,Uncertain,False,False,,,5284.0,,7.37,175.0,False,66,87,Q3,Q2
LRM,100875,train,missing,True,Uncertain,False,False,,,1035.0,,12.98,174.0,False,70,108,Q3,Q3
LRM,100891,train,missing,True,Uncertain,SKIP,,,,,,,,,104,252,Q4,Q4
LRM,100892,train,missing,False,Uncertain,SKIP,,,,,,,,,106,255,Q4,Q4
LRM,100900,train,missing,Uncertain,Uncertain,SKIP,,,,,,,,,13,40,Q1,Q1
LRM,100902,train,missing,True,Uncertain,False,False,,,3111.0,,9.41,112.0,False,36,70,Q1,Q1
LRM,100907,train,missing,True,Uncertain,SKIP,,,,,,,,,75,116,Q3,Q3
LRM,100911,train,missing,False,Uncertain,SKIP,,,,,,,,,111,96,Q4,Q2
LRM,100912,train,missing,True,Uncertain,SKIP,,,,,,,,,112,99,Q4,Q2
LRM,100913,train,missing,Uncertain,Uncertain,SKIP,,,,,,,,,110,89,Q4,Q2
LRM,100914,train,missing,True,Uncertain,SKIP,,,,,,,,,120,106,Q4,Q3
LRM,100918,train,missing,True,Uncertain,SKIP,,,,,,,,,138,123,Q4,Q3
LRM,100925,train,missing,Uncertain,Uncertain,SKIP,,,,,,,,,55,158,Q2,Q4
LRM,100927,train,missing,False,Uncertain,False,False,,,2616.0,,9.8,206.0,False,97,146,Q4,Q4
LRM,100932,train,missing,False,Uncertain,False,False,,,1727.0,,11.38,183.0,False,66,107,Q3,Q3
LRM,100934,train,missing,Uncertain,Uncertain,SKIP,,,,,,,,,42,90,Q1,Q2
LRM,100949,train,missing,Uncertain,Uncertain,SKIP,,,,,,,,,58,63,Q2,Q1
LRM,100950,train,missing,True,Uncertain,False,False,,,2055.0,,10.83,128.0,False,60,66,Q2,Q1
LRM,100951,train,missing,False,Uncertain,Uncertain,True,,,1707.0,,11.59,86.0,False,16,22,Q1,Q1
LRM,100955,train,missing,Uncertain,Uncertain,SKIP,,,,,,,,,44,75,Q1,Q1
LRM,100957,train,missing,True,Uncertain,False,False,,,4597.0,,7.95,129.0,False,43,76,Q1,Q2
LRM,100958,train,missing,False,Uncertain,False,False,,,4754.0,,7.81,135.0,False,45,82,Q1,Q2
LRM,100959,train,missing,False,Uncertain,False,False,,,3404.0,,9.05,134.0,False,45,80,Q1,Q2
LRM,100964,train,missing,Uncertain,Uncertain,SKIP,,,,,,,,,43,58,Q1,Q1
LRM,100966,train,missing,Uncertain,Uncertain,SKIP,,,,,,,,,59,63,Q2,Q1
LRM,100967,train,missing,Uncertain,Uncertain,SKIP,,,,,,,,,62,63,Q2,Q1
LRM,100970,train,missing,True,Uncertain,False,False,,,2483.0,,10.17,149.0,False,80,95,Q3,Q2
LRM,100973,train,missing,Uncertain,Uncertain,SKIP,,,,,,,,,114,186,Q4,Q4
LRM,100978,train,missing,True,Uncertain,False,False,,,1029.0,,12.7,135.0,False,54,49,Q2,Q1
LRM,100980,train,missing,False,Uncertain,False,False,,,2601.0,,9.99,135.0,False,58,50,Q2,Q1
LRM,100982,train,missing,True,Uncertain,False,False,,,2523.0,,10.05,200.0,False,72,168,Q3,Q4
LRM,100984,train,missing,True,Uncertain,False,False,,,1744.0,,11.2,187.0,False,65,112,Q3,Q3
LRM,100986,train,missing,True,Uncertain,SKIP,,,,,,,,,70,112,Q3,Q3
LRM,100993,train,missing,Uncertain,Uncertain,SKIP,,,,,,,,,41,84,Q1,Q2
LRM,100994,train,missing,False,Uncertain,False,False,,,3079.0,,9.44,127.0,False,47,91,Q2,Q2
LRM,100999,train,missing,False,Uncertain,False,False,,,1929.0,,10.96,150.0,False,52,99,Q2,Q2
LRM,16,validation,missing,Uncertain,Uncertain,SKIP,,,,,,,,,68,106,Q3,Q3
LRM,26,validation,missing,Uncertain,Uncertain,SKIP,,,,,,,,,72,91,Q3,Q2
LRM,27,validation,missing,Uncertain,Uncertain,SKIP,,,,,,,,,59,98,Q2,Q2
LRM,28,validation,missing,True,Uncertain,False,False,,,5432.0,,7.28,164.0,False,63,107,Q2,Q3
LRM,57,validation,missing,False,Uncertain,SKIP,,,,,,,,,83,203,Q3,Q4
LRM,75,validation,missing,Uncertain,Uncertain,SKIP,,,,,,,,,162,181,Q4,Q4
LRM,85,validation,missing,Uncertain,Uncertain,SKIP,,,,,,,,,81,130,Q3,Q3
LRM,122,validation,missing,False,Uncertain,SKIP,,,,,,,,,62,167,Q2,Q4
LRM,135,validation,missing,Uncertain,Uncertain,SKIP,,,,,,,,,22,57,Q1,Q1
LRM,141,validation,missing,True,Uncertain,SKIP,,,,,,,,,132,171,Q4,Q4
LRM,142,validation,missing,True,Uncertain,SKIP,,,,,,,,,49,185,Q2,Q4
LRM,152,validation,missing,Uncertain,Uncertain,SKIP,,,,,,,,,46,162,Q1,Q4
LRM,196,validation,missing,False,Uncertain,False,False,,,6889.0,,6.33,263.0,False,59,249,Q2,Q4
LRM,100249,train,missing,Uncertain,Uncertain,SKIP,,,,,,,,,52,59,Q2,Q1
LRM,100429,train,missing,Uncertain,Uncertain,SKIP,,,,,,,,,176,277,Q4,Q4
LRM,100452,train,missing,True,Uncertain,True,False,,,3434.0,,8.37,512.0,False,105,433,Q4,Q4
LRM,100527,train,missing,Uncertain,Uncertain,SKIP,,,,,,,,,17,26,Q1,Q1
LRM,100567,train,missing,Uncertain,Uncertain,SKIP,,,,,,,,,38,42,Q1,Q1
LRM,100597,train,missing,False,Uncertain,False,False,,,2668.0,,9.93,127.0,False,56,74,Q2,Q1
LRM,0,validation,complex,Uncertain,Uncertain,Uncertain,True,,,4792.0,,6.68,373.0,False,149,211,Q4,Q4
LRM,1,validation,complex,True,True,True,True,,,7977.0,,5.05,436.0,False,205,259,Q4,Q4
LRM,2,validation,complex,False,False,False,True,,,8476.0,,4.85,437.0,False,189,252,Q4,Q4
LRM,3,validation,complex,Uncertain,Uncertain,False,False,,,5773.0,,6.25,251.0,False,90,163,Q4,Q4
LRM,4,validation,complex,Uncertain,Uncertain,Uncertain,True,,,6336.0,,5.94,251.0,False,92,164,Q4,Q4
LRM,5,validation,complex,True,True,True,True,,,3861.0,,7.62,248.0,False,137,169,Q4,Q4
LRM,6,validation,complex,True,True,True,True,,,1173.0,,11.29,216.0,False,46,120,Q1,Q3
LRM,7,validation,complex,Uncertain,Uncertain,False,False,,,4289.0,,7.27,247.0,False,47,128,Q2,Q3
LRM,8,validation,complex,Uncertain,Uncertain,False,False,,,2277.0,,9.33,254.0,False,47,127,Q2,Q3
LRM,9,validation,complex,True,True,True,True,,,713.0,,12.33,197.0,False,71,81,Q3,Q2
LRM,10,validation,complex,False,False,False,True,,,925.0,,11.93,192.0,False,71,81,Q3,Q2
LRM,11,validation,complex,Uncertain,Uncertain,False,False,,,1240.0,,11.18,207.0,False,70,81,Q3,Q2
LRM,12,validation,complex,True,True,True,True,,,1612.0,,10.41,227.0,False,62,109,Q2,Q3
LRM,13,validation,complex,Uncertain,Uncertain,False,False,,,1917.0,,9.88,239.0,False,62,125,Q2,Q3
LRM,14,validation,complex,False,False,False,True,,,1477.0,,10.65,226.0,False,63,110,Q2,Q3
LRM,15,validation,complex,True,True,True,True,,,951.0,,12.13,118.0,False,13,39,Q1,Q1
LRM,17,validation,complex,Uncertain,Uncertain,True,False,,,1532.0,,10.57,220.0,False,69,107,Q3,Q3
LRM,18,validation,complex,True,True,True,True,,,1426.0,,10.72,232.0,False,70,111,Q3,Q3
LRM,19,validation,complex,True,True,True,True,,,3059.0,,8.39,248.0,False,81,124,Q3,Q3
LRM,20,validation,complex,False,False,False,True,,,2646.0,,8.86,251.0,False,76,121,Q3,Q3
LRM,21,validation,complex,True,True,True,True,,,933.0,,11.83,211.0,False,60,100,Q2,Q2
LRM,22,validation,complex,False,False,False,True,,,1338.0,,10.94,215.0,False,57,96,Q2,Q2
LRM,23,validation,complex,Uncertain,Uncertain,False,False,,,2459.0,,9.22,204.0,False,60,100,Q2,Q2
LRM,24,validation,complex,True,True,True,True,,,883.0,,11.74,259.0,False,76,100,Q3,Q2
LRM,25,validation,complex,Uncertain,Uncertain,False,False,,,1014.0,,11.42,267.0,False,71,93,Q3,Q2
LRM,29,validation,complex,False,False,Uncertain,False,,,3520.0,,8.02,208.0,False,66,106,Q3,Q3
LRM,30,validation,complex,Uncertain,Uncertain,False,False,,,5466.0,,6.36,314.0,False,99,210,Q4,Q4
LRM,31,validation,complex,True,True,True,True,,,2815.0,,8.51,324.0,False,99,207,Q4,Q4
LRM,32,validation,complex,False,False,False,True,,,4702.0,,6.87,311.0,False,101,208,Q4,Q4
LRM,33,validation,complex,True,True,True,True,,,859.0,,12.19,169.0,False,37,51,Q1,Q1
LRM,34,validation,complex,Uncertain,Uncertain,True,False,,,2692.0,,9.05,158.0,False,36,42,Q1,Q1
LRM,35,validation,complex,False,False,False,True,,,1556.0,,10.66,188.0,False,44,61,Q1,Q1
LRM,36,validation,complex,True,True,True,True,,,1158.0,,11.43,182.0,False,43,78,Q1,Q1
LRM,37,validation,complex,True,True,True,True,,,1092.0,,11.48,206.0,False,44,96,Q1,Q2
LRM,38,validation,complex,False,False,False,True,,,1215.0,,11.33,177.0,False,44,79,Q1,Q2
LRM,39,validation,complex,Uncertain,Uncertain,True,False,,,2906.0,,8.45,303.0,False,86,184,Q3,Q4
LRM,40,validation,complex,True,True,True,True,,,6260.0,,5.91,320.0,False,86,189,Q3,Q4
LRM,41,validation,complex,False,False,Uncertain,False,,,7845.0,,5.19,321.0,False,87,191,Q4,Q4
LRM,42,validation,complex,True,True,True,True,,,3429.0,,7.69,430.0,False,121,204,Q4,Q4
LRM,43,validation,complex,Uncertain,Uncertain,True,False,,,2480.0,,8.66,422.0,False,119,212,Q4,Q4
LRM,44,validation,complex,False,False,False,True,,,4156.0,,6.94,524.0,False,138,223,Q4,Q4
LRM,45,validation,complex,Uncertain,Uncertain,False,False,,,2060.0,,10.03,120.0,False,12,41,Q1,Q1
LRM,46,validation,complex,True,True,True,True,,,1572.0,,10.3,286.0,False,52,190,Q2,Q4
LRM,47,validation,complex,Uncertain,Uncertain,False,False,,,6641.0,,5.65,393.0,False,52,190,Q2,Q4
LRM,48,validation,complex,Uncertain,Uncertain,False,False,,,4451.0,,7.28,160.0,False,44,64,Q1,Q1
LRM,49,validation,complex,False,False,False,True,,,2046.0,,9.94,158.0,False,45,64,Q1,Q1
LRM,50,validation,complex,True,True,True,True,,,1311.0,,11.23,160.0,False,46,65,Q1,Q1
LRM,51,validation,complex,False,False,False,True,,,2297.0,,9.5,185.0,False,47,102,Q2,Q2
LRM,52,validation,complex,Uncertain,Uncertain,False,False,,,2461.0,,9.2,214.0,False,47,102,Q2,Q2
LRM,53,validation,complex,True,True,True,True,,,1173.0,,11.34,207.0,False,47,102,Q2,Q2
LRM,54,validation,complex,True,True,True,True,,,3146.0,,8.55,143.0,False,32,47,Q1,Q1
LRM,55,validation,complex,False,False,False,True,,,2266.0,,9.62,158.0,False,32,49,Q1,Q1
LRM,56,validation,complex,Uncertain,Uncertain,False,False,,,2421.0,,9.43,146.0,False,31,47,Q1,Q1
LRM,58,validation,complex,Uncertain,Uncertain,False,False,,,5214.0,,6.47,355.0,False,83,213,Q3,Q4
LRM,59,validation,complex,True,True,True,True,,,2214.0,,8.99,417.0,False,82,197,Q3,Q4
LRM,60,validation,complex,Uncertain,Uncertain,False,False,,,2469.0,,9.24,194.0,False,63,87,Q2,Q2
LRM,61,validation,complex,Uncertain,Uncertain,False,False,,,5140.0,,6.73,194.0,False,63,87,Q2,Q2
LRM,62,validation,complex,Uncertain,Uncertain,False,False,,,2287.0,,9.61,145.0,False,29,61,Q1,Q1
LRM,63,validation,complex,False,False,False,True,,,2924.0,,8.76,154.0,False,33,66,Q1,Q1
LRM,64,validation,complex,True,True,False,False,,,2008.0,,10.01,155.0,False,38,67,Q1,Q1
LRM,65,validation,complex,True,True,True,True,,,1161.0,,11.07,271.0,False,76,125,Q3,Q3
LRM,66,validation,complex,Uncertain,Uncertain,False,False,,,983.0,,11.47,273.0,False,77,116,Q3,Q3
LRM,67,validation,complex,True,True,True,True,,,1589.0,,9.73,456.0,False,74,121,Q3,Q3
LRM,68,validation,complex,True,True,True,True,,,1653.0,,10.29,243.0,False,54,81,Q2,Q2
LRM,69,validation,complex,False,False,False,True,,,1438.0,,10.7,236.0,False,53,95,Q2,Q2
LRM,70,validation,complex,Uncertain,Uncertain,True,False,,,2189.0,,9.64,188.0,False,56,71,Q2,Q1
LRM,71,validation,complex,False,False,False,True,,,1656.0,,10.48,185.0,False,60,72,Q2,Q1
LRM,72,validation,complex,True,True,True,True,,,4062.0,,7.45,250.0,False,78,94,Q3,Q2
LRM,73,validation,complex,True,True,True,True,,,964.0,,11.68,218.0,False,64,103,Q3,Q2
LRM,74,validation,complex,False,False,False,True,,,3169.0,,8.35,218.0,False,62,103,Q2,Q2
LRM,76,validation,complex,True,True,False,False,,,6467.0,,5.74,381.0,False,180,202,Q4,Q4
LRM,77,validation,complex,False,False,Uncertain,False,,,5624.0,,6.15,411.0,False,186,201,Q4,Q4
LRM,78,validation,complex,False,False,False,True,,,2860.0,,8.68,225.0,False,43,86,Q1,Q2
LRM,79,validation,complex,True,True,True,True,,,2917.0,,8.65,205.0,False,44,89,Q1,Q2
LRM,80,validation,complex,Uncertain,Uncertain,True,False,,,4815.0,,6.93,205.0,False,41,79,Q1,Q2
LRM,81,validation,complex,True,True,True,True,,,2687.0,,8.88,222.0,False,47,95,Q2,Q2
LRM,82,validation,complex,False,False,False,True,,,3052.0,,8.48,213.0,False,45,91,Q1,Q2
LRM,83,validation,complex,False,False,False,True,,,7241.0,,5.43,328.0,False,100,159,Q4,Q3
LRM,84,validation,complex,True,True,True,True,,,8195.0,,5.07,298.0,False,87,148,Q4,Q3
LRM,86,validation,complex,True,True,True,True,,,1629.0,,10.19,275.0,False,94,146,Q4,Q3
LRM,87,validation,complex,True,True,True,True,,,1118.0,,11.58,161.0,False,33,66,Q1,Q1
LRM,88,validation,complex,True,True,True,True,,,989.0,,11.86,158.0,False,35,64,Q1,Q1
LRM,89,validation,complex,Uncertain,Uncertain,False,False,,,1585.0,,10.64,162.0,False,36,73,Q1,Q1
LRM,90,validation,complex,True,True,True,True,,,857.0,,12.26,153.0,False,62,52,Q2,Q1
LRM,91,validation,complex,False,False,False,True,,,1228.0,,11.42,153.0,False,62,52,Q2,Q1
LRM,92,validation,complex,False,False,False,True,,,6245.0,,5.93,307.0,False,116,190,Q4,Q4
LRM,93,validation,complex,Uncertain,Uncertain,False,False,,,6047.0,,6.0,334.0,False,121,192,Q4,Q4
LRM,94,validation,complex,True,True,True,True,,,976.0,,11.09,356.0,False,119,208,Q4,Q4
LRM,95,validation,complex,Uncertain,Uncertain,True,False,,,3504.0,,8.07,182.0,False,54,79,Q2,Q2
LRM,96,validation,complex,False,False,False,True,,,2390.0,,9.33,195.0,False,59,84,Q2,Q2
LRM,97,validation,complex,True,True,False,False,,,2884.0,,8.69,210.0,False,67,89,Q3,Q2
LRM,98,validation,complex,Uncertain,Uncertain,False,False,,,1691.0,,10.39,192.0,False,41,101,Q1,Q2
LRM,99,validation,complex,True,True,True,True,,,1173.0,,11.33,208.0,False,44,106,Q1,Q3
LRM,100,validation,complex,False,False,False,True,,,3433.0,,8.1,209.0,False,69,123,Q3,Q3
LRM,101,validation,complex,Uncertain,Uncertain,False,False,,,4644.0,,7.01,242.0,False,129,128,Q4,Q3
LRM,102,validation,complex,False,False,False,True,,,4110.0,,7.42,243.0,False,122,126,Q4,Q3
LRM,103,validation,complex,True,True,Uncertain,False,,,3514.0,,7.95,247.0,False,130,138,Q4,Q3
LRM,104,validation,complex,True,True,True,True,,,1158.0,,11.22,242.0,False,75,89,Q3,Q2
LRM,105,validation,complex,True,True,True,True,,,2630.0,,8.91,246.0,False,79,95,Q3,Q2
LRM,106,validation,complex,False,False,False,True,,,2697.0,,8.91,212.0,False,83,105,Q3,Q2
LRM,107,validation,complex,Uncertain,Uncertain,Uncertain,True,,,4494.0,,7.05,287.0,False,111,140,Q4,Q3
LRM,108,validation,complex,False,False,True,False,,,8394.0,,4.99,312.0,False,134,167,Q4,Q4
LRM,109,validation,complex,True,True,Uncertain,False,,,7869.0,,5.19,308.0,False,159,170,Q4,Q4
LRM,110,validation,complex,Uncertain,Uncertain,False,False,,,1412.0,,10.89,196.0,False,18,79,Q1,Q2
LRM,111,validation,complex,True,True,True,True,,,1319.0,,10.8,268.0,False,53,99,Q2,Q2
LRM,112,validation,complex,Uncertain,Uncertain,False,False,,,2982.0,,8.45,263.0,False,52,99,Q2,Q2
LRM,113,validation,complex,False,False,False,True,,,3069.0,,8.38,254.0,False,57,102,Q2,Q2
LRM,114,validation,complex,False,False,False,True,,,4110.0,,7.42,244.0,False,102,158,Q4,Q3
LRM,115,validation,complex,True,True,True,True,,,926.0,,11.79,228.0,False,98,139,Q4,Q3
LRM,116,validation,complex,Uncertain,Uncertain,Uncertain,True,,,5310.0,,6.56,236.0,False,98,141,Q4,Q3
LRM,117,validation,complex,Uncertain,Uncertain,False,False,,,2108.0,,9.48,288.0,False,76,97,Q3,Q2
LRM,118,validation,complex,True,True,True,True,,,1063.0,,11.26,284.0,False,81,111,Q3,Q3
LRM,119,validation,complex,False,False,False,True,,,1697.0,,10.17,261.0,False,74,87,Q3,Q2
LRM,120,validation,complex,Uncertain,Uncertain,False,False,,,2145.0,,9.92,112.0,False,11,39,Q1,Q1
LRM,121,validation,complex,Uncertain,Uncertain,True,False,,,8912.0,,4.72,281.0,False,63,162,Q2,Q4
LRM,123,validation,complex,True,True,True,True,,,6177.0,,5.99,289.0,False,63,170,Q2,Q4
LRM,124,validation,complex,Uncertain,Uncertain,False,False,,,3203.0,,8.27,241.0,False,63,153,Q2,Q3
LRM,125,validation,complex,True,True,True,True,,,1869.0,,9.91,259.0,False,62,185,Q2,Q4
LRM,126,validation,complex,False,False,False,True,,,3627.0,,7.81,267.0,False,64,188,Q3,Q4
LRM,127,validation,complex,False,False,False,True,,,3565.0,,7.51,459.0,False,87,269,Q4,Q4
LRM,128,validation,complex,True,True,False,False,,,4686.0,,6.73,417.0,False,89,270,Q4,Q4
LRM,129,validation,complex,Uncertain,Uncertain,False,False,,,3935.0,,7.22,454.0,False,85,267,Q3,Q4
LRM,130,validation,complex,True,True,Uncertain,False,,,4364.0,,6.81,508.0,False,96,318,Q4,Q4
LRM,131,validation,complex,True,True,True,True,,,767.0,,12.42,156.0,False,19,69,Q1,Q1
LRM,132,validation,complex,Uncertain,Uncertain,False,False,,,1614.0,,10.5,199.0,False,16,59,Q1,Q1
LRM,133,validation,complex,Uncertain,Uncertain,False,False,,,2061.0,,9.94,145.0,False,16,59,Q1,Q1
LRM,134,validation,complex,True,True,True,True,,,767.0,,12.46,144.0,False,20,57,Q1,Q1
LRM,136,validation,complex,False,False,False,True,,,991.0,,11.98,143.0,False,26,66,Q1,Q1
LRM,137,validation,complex,True,True,True,True,,,1449.0,,10.55,269.0,False,67,109,Q3,Q3
LRM,138,validation,complex,False,False,False,True,,,1280.0,,10.87,268.0,False,67,109,Q3,Q3
LRM,139,validation,complex,Uncertain,Uncertain,Uncertain,True,,,2834.0,,8.52,305.0,False,104,154,Q4,Q3
LRM,140,validation,complex,False,False,False,True,,,4381.0,,7.09,314.0,False,114,168,Q4,Q4
LRM,143,validation,complex,Uncertain,Uncertain,False,False,,,2376.0,,9.15,269.0,False,46,164,Q1,Q4
LRM,144,validation,complex,Uncertain,Uncertain,False,False,,,2597.0,,8.84,285.0,False,86,114,Q3,Q3
LRM,145,validation,complex,Uncertain,Uncertain,False,False,,,3092.0,,8.3,281.0,False,87,117,Q4,Q3
LRM,146,validation,complex,True,True,False,False,,,2366.0,,9.12,291.0,False,96,118,Q4,Q3
LRM,147,validation,complex,True,True,True,True,,,2021.0,,9.57,295.0,False,97,118,Q4,Q3
LRM,148,validation,complex,False,False,True,False,,,2477.0,,8.97,293.0,False,105,118,Q4,Q3
LRM,149,validation,complex,True,True,True,True,,,930.0,,11.78,223.0,False,56,74,Q2,Q1
LRM,150,validation,complex,Uncertain,Uncertain,False,False,,,985.0,,11.68,218.0,False,58,69,Q2,Q1
LRM,151,validation,complex,Uncertain,Uncertain,Uncertain,True,,,1031.0,,11.6,219.0,False,57,69,Q2,Q1
LRM,153,validation,complex,False,False,False,True,,,4742.0,,6.9,267.0,False,50,167,Q2,Q4
LRM,154,validation,complex,True,True,False,False,,,7983.0,,5.14,312.0,False,63,208,Q2,Q4
LRM,155,validation,complex,Uncertain,Uncertain,False,False,,,1165.0,,11.63,131.0,False,11,58,Q1,Q1
LRM,156,validation,complex,False,False,False,True,,,3396.0,,7.98,284.0,False,107,190,Q4,Q4
LRM,157,validation,complex,True,True,True,True,,,3163.0,,8.21,284.0,False,109,191,Q4,Q4
LRM,158,validation,complex,True,True,Uncertain,False,,,4678.0,,6.9,302.0,False,113,198,Q4,Q4
LRM,159,validation,complex,Uncertain,Uncertain,True,False,,,2979.0,,8.39,296.0,False,103,174,Q4,Q4
LRM,160,validation,complex,True,True,True,True,,,1765.0,,10.38,163.0,False,41,50,Q1,Q1
LRM,161,validation,complex,Uncertain,Uncertain,False,False,,,4561.0,,7.18,172.0,False,37,45,Q1,Q1
LRM,162,validation,complex,False,False,False,True,,,1072.0,,11.84,132.0,False,10,59,Q1,Q1
LRM,163,validation,complex,Uncertain,Uncertain,False,False,,,2110.0,,9.64,224.0,False,70,100,Q3,Q2
LRM,164,validation,complex,False,False,False,True,,,5551.0,,6.41,232.0,False,79,121,Q3,Q3
LRM,165,validation,complex,True,True,False,False,,,6358.0,,5.95,231.0,False,78,123,Q3,Q3
LRM,166,validation,complex,True,True,True,True,,,890.0,,12.14,160.0,False,28,31,Q1,Q1
LRM,167,validation,complex,True,True,True,True,,,1112.0,,11.53,185.0,False,35,49,Q1,Q1
LRM,168,validation,complex,False,False,False,True,,,1117.0,,11.57,172.0,False,28,38,Q1,Q1
LRM,169,validation,complex,Uncertain,Uncertain,False,False,,,6831.0,,5.71,236.0,False,63,88,Q2,Q2
LRM,170,validation,complex,True,True,True,True,,,2875.0,,8.55,273.0,False,86,108,Q3,Q3
LRM,171,validation,complex,False,False,False,True,,,5881.0,,6.18,261.0,False,82,100,Q3,Q2
LRM,172,validation,complex,Uncertain,Uncertain,False,False,,,4039.0,,7.43,275.0,False,97,127,Q4,Q3
LRM,173,validation,complex,False,False,False,True,,,2506.0,,8.99,271.0,False,102,127,Q4,Q3
LRM,174,validation,complex,True,True,True,True,,,6067.0,,6.05,284.0,False,113,138,Q4,Q3
LRM,175,validation,complex,Uncertain,Uncertain,False,False,,,1038.0,,12.01,108.0,False,32,18,Q1,Q1
LRM,176,validation,complex,False,False,False,True,,,723.0,,12.68,111.0,False,34,19,Q1,Q1
LRM,177,validation,complex,True,True,True,True,,,655.0,,12.77,125.0,False,38,29,Q1,Q1
LRM,178,validation,complex,False,False,False,True,,,3015.0,,8.46,246.0,False,11,123,Q1,Q3
LRM,179,validation,complex,False,False,False,True,,,1233.0,,11.54,124.0,False,25,37,Q1,Q1
LRM,180,validation,complex,False,False,False,True,,,1654.0,,10.65,133.0,False,25,37,Q1,Q1
LRM,181,validation,complex,Uncertain,Uncertain,False,False,,,1762.0,,10.36,164.0,False,38,69,Q1,Q1
LRM,182,validation,complex,True,True,True,True,,,1722.0,,10.41,173.0,False,44,79,Q1,Q2
LRM,183,validation,complex,False,False,False,True,,,4893.0,,6.91,186.0,False,56,92,Q2,Q2
LRM,184,validation,complex,True,True,True,True,,,952.0,,11.58,265.0,False,77,120,Q3,Q3
LRM,185,validation,complex,False,False,False,True,,,1057.0,,11.44,240.0,False,76,120,Q3,Q3
LRM,186,validation,complex,Uncertain,Uncertain,False,False,,,1226.0,,11.09,235.0,False,77,122,Q3,Q3
LRM,187,validation,complex,Uncertain,Uncertain,False,False,,,3004.0,,8.64,173.0,False,50,80,Q2,Q2
LRM,188,validation,complex,True,True,True,True,,,1831.0,,10.14,196.0,False,53,93,Q2,Q2
LRM,189,validation,complex,False,False,False,True,,,2013.0,,9.87,194.0,False,52,90,Q2,Q2
LRM,190,validation,complex,False,False,False,True,,,3019.0,,8.55,202.0,False,62,98,Q2,Q2
LRM,191,validation,complex,False,False,False,True,,,2613.0,,9.03,198.0,False,61,105,Q2,Q2
LRM,192,validation,complex,False,False,False,True,,,1523.0,,10.95,122.0,False,16,44,Q1,Q1
LRM,193,validation,complex,False,False,False,True,,,2297.0,,9.26,269.0,False,78,85,Q3,Q2
LRM,194,validation,complex,Uncertain,Uncertain,False,False,,,2960.0,,8.58,222.0,False,82,80,Q3,Q2
LRM,195,validation,complex,Uncertain,Uncertain,False,False,,,4564.0,,6.96,316.0,False,57,244,Q2,Q4
LRM,197,validation,complex,True,True,True,True,,,7269.0,,5.43,320.0,False,64,251,Q3,Q4
LRM,198,validation,complex,False,False,False,True,,,1079.0,,11.46,227.0,False,50,69,Q2,Q1
LRM,199,validation,complex,False,False,False,True,,,1194.0,,11.34,190.0,False,52,69,Q2,Q1
LRM,200,validation,complex,False,False,False,True,,,1044.0,,11.72,183.0,False,52,69,Q2,Q1
LRM,201,validation,complex,Uncertain,Uncertain,False,False,,,793.0,,12.2,203.0,False,48,59,Q2,Q1
LRM,202,validation,complex,Uncertain,Uncertain,True,False,,,817.0,,12.14,204.0,False,52,68,Q2,Q1
LRM,100000,train,complex,True,True,True,True,,,5124.0,,6.69,229.0,False,106,102,Q4,Q2
LRM,100001,train,complex,True,True,False,False,,,5493.0,,6.46,221.0,False,107,100,Q4,Q2
LRM,100003,train,complex,True,True,True,True,,,5021.0,,6.73,255.0,False,138,117,Q4,Q3
LRM,100005,train,complex,True,True,True,True,,,1165.0,,11.16,250.0,False,46,103,Q1,Q2
LRM,100008,train,complex,False,False,False,True,,,4838.0,,6.92,204.0,False,59,106,Q2,Q3
LRM,100009,train,complex,True,True,True,True,,,2096.0,,9.71,205.0,False,62,111,Q2,Q3
LRM,100024,train,complex,False,False,False,True,,,4004.0,,7.44,283.0,False,85,110,Q3,Q3
LRM,100025,train,complex,True,True,True,True,,,734.0,,12.48,159.0,False,36,41,Q1,Q1
LRM,100028,train,complex,Uncertain,Uncertain,False,False,,,1015.0,,11.82,169.0,False,37,41,Q1,Q1
LRM,100036,train,complex,False,False,True,False,,,4288.0,,7.23,269.0,False,71,141,Q3,Q3
LRM,100039,train,complex,False,False,True,False,,,5025.0,,6.62,325.0,False,92,160,Q4,Q4
LRM,100040,train,complex,Uncertain,Uncertain,True,False,,,7146.0,,5.52,284.0,False,78,149,Q3,Q4
LRM,100042,train,complex,False,False,False,True,,,5158.0,,6.52,339.0,False,108,182,Q4,Q4
LRM,100045,train,complex,Uncertain,Uncertain,False,False,,,3941.0,,7.56,245.0,False,64,136,Q3,Q3
LRM,100047,train,complex,True,True,Uncertain,False,,,4067.0,,7.32,326.0,False,101,205,Q4,Q4
LRM,100051,train,complex,False,False,False,True,,,868.0,,12.27,145.0,False,30,39,Q1,Q1
LRM,100052,train,complex,True,True,True,True,,,650.0,,12.73,144.0,False,30,38,Q1,Q1
LRM,100070,train,complex,True,True,False,False,,,2443.0,,9.27,195.0,False,68,101,Q3,Q2
LRM,100071,train,complex,False,False,False,True,,,4689.0,,7.02,210.0,False,79,115,Q3,Q3
LRM,100074,train,complex,Uncertain,Uncertain,False,False,,,1541.0,,10.83,146.0,False,21,44,Q1,Q1
LRM,100075,train,complex,Uncertain,Uncertain,Uncertain,True,,,4915.0,,6.79,258.0,False,82,154,Q3,Q4
LRM,100077,train,complex,False,False,False,True,,,4335.0,,7.2,268.0,False,86,161,Q3,Q4
LRM,100083,train,complex,False,False,False,True,,,4375.0,,6.97,399.0,False,107,257,Q4,Q4
LRM,100086,train,complex,Uncertain,Uncertain,False,False,,,3475.0,,7.49,514.0,False,110,175,Q4,Q4
LRM,100094,train,complex,Uncertain,Uncertain,Uncertain,True,,,2641.0,,9.1,162.0,False,17,81,Q1,Q2
LRM,100095,train,complex,False,False,False,True,,,4343.0,,7.34,178.0,False,50,75,Q2,Q1
LRM,100102,train,complex,False,False,True,False,,,2334.0,,9.3,241.0,False,82,125,Q3,Q3
LRM,100105,train,complex,False,False,False,True,,,797.0,,12.44,142.0,False,50,71,Q2,Q1
LRM,100106,train,complex,True,True,True,True,,,730.0,,12.62,131.0,False,49,71,Q2,Q1
LRM,100109,train,complex,False,False,False,True,,,5073.0,,6.47,423.0,False,204,218,Q4,Q4
LRM,100110,train,complex,True,True,Uncertain,False,,,3669.0,,7.45,444.0,False,215,232,Q4,Q4
LRM,100111,train,complex,Uncertain,Uncertain,False,False,,,753.0,,12.29,201.0,False,47,54,Q2,Q1
LRM,100114,train,complex,False,False,Uncertain,False,,,6175.0,,6.07,218.0,False,55,102,Q2,Q2
LRM,100118,train,complex,True,True,False,False,,,3518.0,,7.89,275.0,False,88,159,Q4,Q4
LRM,100124,train,complex,Uncertain,Uncertain,False,False,,,2421.0,,9.38,166.0,False,38,81,Q1,Q2
LRM,100127,train,complex,True,True,True,True,,,2157.0,,9.76,162.0,False,39,82,Q1,Q2
LRM,100130,train,complex,False,False,False,True,,,1460.0,,10.9,171.0,False,64,92,Q3,Q2
LRM,100133,train,complex,False,False,False,True,,,3502.0,,8.01,225.0,False,63,110,Q3,Q3
LRM,100134,train,complex,True,True,True,True,,,3128.0,,8.41,215.0,False,66,113,Q3,Q3
LRM,100135,train,complex,True,True,True,True,,,1096.0,,11.61,181.0,False,34,53,Q1,Q1
LRM,100136,train,complex,False,False,False,True,,,2613.0,,9.08,185.0,False,38,56,Q1,Q1
LRM,100137,train,complex,Uncertain,Uncertain,False,False,,,2162.0,,9.68,187.0,False,32,44,Q1,Q1
LRM,100150,train,complex,True,True,True,True,,,1305.0,,11.2,170.0,False,45,90,Q1,Q2
LRM,100151,train,complex,Uncertain,Uncertain,False,False,,,3053.0,,8.6,163.0,False,40,85,Q1,Q2
LRM,100152,train,complex,Uncertain,Uncertain,False,False,,,3068.0,,8.42,240.0,False,83,118,Q3,Q3
LRM,100158,train,complex,True,True,False,False,,,3675.0,,7.73,285.0,False,102,136,Q4,Q3
LRM,100159,train,complex,False,False,True,False,,,3323.0,,8.06,283.0,False,100,135,Q4,Q3
LRM,100161,train,complex,True,True,False,False,,,3369.0,,8.02,283.0,False,109,136,Q4,Q3
LRM,100163,train,complex,Uncertain,Uncertain,False,False,,,4434.0,,7.08,301.0,False,118,150,Q4,Q4
LRM,100165,train,complex,Uncertain,Uncertain,False,False,,,2420.0,,9.35,178.0,False,11,78,Q1,Q2
LRM,100166,train,complex,True,True,True,True,,,2393.0,,9.15,266.0,False,82,123,Q3,Q3
LRM,100173,train,complex,Uncertain,Uncertain,False,False,,,4132.0,,7.44,224.0,False,63,121,Q3,Q3
LRM,100178,train,complex,Uncertain,Uncertain,False,False,,,1568.0,,10.31,286.0,False,53,138,Q2,Q3
LRM,100180,train,complex,True,True,True,True,,,1325.0,,10.7,295.0,False,54,154,Q2,Q4
LRM,100181,train,complex,Uncertain,Uncertain,False,False,,,7088.0,,5.51,322.0,False,72,156,Q3,Q4
LRM,100182,train,complex,False,False,False,True,,,7252.0,,5.44,321.0,False,73,156,Q3,Q4
LRM,100183,train,complex,True,True,True,True,,,6280.0,,5.96,266.0,False,74,157,Q3,Q4
LRM,100194,train,complex,True,True,True,True,,,751.0,,12.03,266.0,False,58,78,Q2,Q2
LRM,100196,train,complex,True,True,True,True,,,950.0,,11.52,275.0,False,106,74,Q4,Q1
LRM,100197,train,complex,True,True,True,True,,,961.0,,11.97,162.0,False,27,61,Q1,Q1
LRM,100199,train,complex,Uncertain,Uncertain,False,False,,,973.0,,11.74,217.0,False,24,45,Q1,Q1
LRM,100201,train,complex,False,False,False,True,,,2903.0,,8.41,328.0,False,138,161,Q4,Q4
LRM,100203,train,complex,True,True,True,True,,,689.0,,12.52,179.0,False,54,76,Q2,Q2
LRM,100204,train,complex,Uncertain,Uncertain,False,False,,,1094.0,,11.64,170.0,False,54,78,Q2,Q2
LRM,100208,train,complex,True,True,True,True,,,3256.0,,7.98,359.0,False,150,168,Q4,Q4
LRM,100209,train,complex,Uncertain,Uncertain,Uncertain,True,,,3871.0,,7.65,228.0,False,63,136,Q3,Q3
LRM,100215,train,complex,False,False,False,True,,,5537.0,,6.3,334.0,False,124,231,Q4,Q4
LRM,100218,train,complex,True,True,True,True,,,4946.0,,6.74,279.0,False,110,132,Q4,Q3
LRM,100224,train,complex,False,False,False,True,,,4939.0,,6.9,168.0,False,40,74,Q1,Q1
LRM,100227,train,complex,False,False,False,True,,,1977.0,,9.71,266.0,False,72,134,Q3,Q3
LRM,100228,train,complex,False,False,False,True,,,2066.0,,9.7,231.0,False,88,100,Q4,Q2
LRM,100230,train,complex,Uncertain,Uncertain,False,False,,,4333.0,,7.3,210.0,False,57,89,Q2,Q2
LRM,100233,train,complex,False,False,Uncertain,False,,,2289.0,,9.53,175.0,False,47,92,Q2,Q2
LRM,100240,train,complex,True,True,False,False,,,4946.0,,6.8,239.0,False,90,128,Q4,Q3
LRM,100242,train,complex,Uncertain,Uncertain,True,False,,,1515.0,,10.75,179.0,False,33,74,Q1,Q1
LRM,100244,train,complex,Uncertain,Uncertain,False,False,,,1245.0,,11.28,179.0,False,34,69,Q1,Q1
LRM,100250,train,complex,Uncertain,Uncertain,False,False,,,1622.0,,10.46,207.0,False,51,57,Q2,Q1
LRM,100252,train,complex,True,True,True,True,,,1219.0,,11.02,258.0,False,61,96,Q2,Q2
LRM,100254,train,complex,Uncertain,Uncertain,True,False,,,1307.0,,10.9,248.0,False,51,71,Q2,Q1
LRM,100255,train,complex,True,True,True,True,,,2075.0,,9.8,184.0,False,42,62,Q1,Q1
LRM,100257,train,complex,False,False,False,True,,,2370.0,,9.26,237.0,False,62,67,Q2,Q1
LRM,100260,train,complex,True,True,True,True,,,1767.0,,10.13,241.0,False,59,138,Q2,Q3
LRM,100267,train,complex,False,False,True,False,,,4461.0,,6.92,390.0,False,139,219,Q4,Q4
LRM,100268,train,complex,False,False,False,True,,,2406.0,,9.3,202.0,False,80,93,Q3,Q2
LRM,100270,train,complex,Uncertain,Uncertain,False,False,,,3989.0,,7.58,210.0,False,80,95,Q3,Q2
LRM,100271,train,complex,True,True,True,True,,,1503.0,,10.68,206.0,False,54,93,Q2,Q2
LRM,100273,train,complex,False,False,False,True,,,2014.0,,9.89,187.0,False,47,75,Q2,Q1
LRM,100278,train,complex,True,True,True,True,,,1667.0,,10.46,184.0,False,47,77,Q2,Q2
LRM,100283,train,complex,False,False,True,False,,,2342.0,,9.24,255.0,False,94,113,Q4,Q3
LRM,100285,train,complex,Uncertain,Uncertain,False,False,,,853.0,,11.76,270.0,False,74,88,Q3,Q2
LRM,100288,train,complex,True,True,True,True,,,1058.0,,11.79,156.0,False,43,51,Q1,Q1
LRM,100290,train,complex,Uncertain,Uncertain,False,False,,,1474.0,,10.85,179.0,False,43,50,Q1,Q1
LRM,100291,train,complex,False,False,False,True,,,1703.0,,10.43,179.0,False,43,57,Q1,Q1
LRM,100293,train,complex,False,False,False,True,,,1312.0,,10.97,224.0,False,34,106,Q1,Q3
LRM,100302,train,complex,False,False,True,False,,,1749.0,,10.03,276.0,False,66,160,Q3,Q4
LRM,100306,train,complex,True,True,False,False,,,3381.0,,8.02,272.0,False,97,131,Q4,Q3
LRM,100307,train,complex,False,False,False,True,,,3444.0,,7.93,286.0,False,106,138,Q4,Q3
LRM,100308,train,complex,True,True,True,True,,,2586.0,,8.87,286.0,False,107,138,Q4,Q3
LRM,100309,train,complex,True,True,True,True,,,4095.0,,7.32,308.0,False,113,149,Q4,Q4
LRM,100311,train,complex,True,True,True,True,,,3566.0,,7.9,245.0,False,59,157,Q2,Q4
LRM,100312,train,complex,False,False,False,True,,,5087.0,,6.71,232.0,False,59,159,Q2,Q4
LRM,100315,train,complex,Uncertain,Uncertain,False,False,,,1333.0,,11.09,184.0,False,44,86,Q1,Q2
LRM,100316,train,complex,True,True,True,True,,,6955.0,,5.64,248.0,False,82,145,Q3,Q4
LRM,100317,train,complex,True,True,True,True,,,1873.0,,9.93,247.0,False,80,143,Q3,Q4
LRM,100321,train,complex,Uncertain,Uncertain,True,False,,,2959.0,,8.49,256.0,False,101,125,Q4,Q3
LRM,100323,train,complex,Uncertain,Uncertain,False,False,,,1726.0,,10.39,180.0,False,28,89,Q1,Q2
LRM,100329,train,complex,True,True,True,True,,,1266.0,,11.41,136.0,False,29,40,Q1,Q1
LRM,100334,train,complex,True,True,True,True,,,4945.0,,6.78,248.0,False,64,125,Q3,Q3
LRM,100336,train,complex,True,True,True,True,,,2339.0,,9.26,248.0,False,66,126,Q3,Q3
LRM,100338,train,complex,False,False,False,True,,,4404.0,,7.15,268.0,False,76,143,Q3,Q4
LRM,100339,train,complex,True,True,False,False,,,5415.0,,6.44,277.0,False,87,151,Q4,Q4
LRM,100340,train,complex,False,False,False,True,,,2908.0,,8.53,268.0,False,70,144,Q3,Q4
LRM,100341,train,complex,True,True,False,False,,,3982.0,,7.46,284.0,False,79,154,Q3,Q4
LRM,100343,train,complex,False,False,False,True,,,2037.0,,9.75,227.0,False,48,104,Q2,Q2
LRM,100351,train,complex,True,True,False,False,,,4351.0,,7.33,180.0,False,61,86,Q2,Q2
LRM,100353,train,complex,Uncertain,Uncertain,False,False,,,1941.0,,9.93,217.0,False,58,91,Q2,Q2
LRM,100357,train,complex,True,True,True,True,,,1075.0,,11.56,204.0,False,50,85,Q2,Q2
LRM,100358,train,complex,Uncertain,Uncertain,False,False,,,3239.0,,8.31,206.0,False,53,86,Q2,Q2
LRM,100359,train,complex,False,False,False,True,,,3180.0,,8.36,210.0,False,61,94,Q2,Q2
LRM,100362,train,complex,Uncertain,Uncertain,False,False,,,2556.0,,9.24,150.0,False,52,68,Q2,Q1
LRM,100366,train,complex,False,False,False,True,,,1248.0,,11.33,169.0,False,47,66,Q2,Q1
LRM,100372,train,complex,Uncertain,Uncertain,False,False,,,3088.0,,8.24,315.0,False,126,132,Q4,Q3
LRM,100373,train,complex,False,False,Uncertain,False,,,4703.0,,6.85,326.0,False,133,141,Q4,Q3
LRM,100378,train,complex,True,True,True,True,,,1150.0,,11.4,203.0,False,38,110,Q1,Q3
LRM,100388,train,complex,Uncertain,Uncertain,False,False,,,2293.0,,9.17,312.0,False,81,180,Q3,Q4
LRM,100391,train,complex,True,True,False,False,,,4550.0,,6.96,325.0,False,89,191,Q4,Q4
LRM,100393,train,complex,False,False,False,True,,,3167.0,,8.5,153.0,False,37,72,Q1,Q1
LRM,100394,train,complex,True,True,True,True,,,2252.0,,9.64,155.0,False,38,73,Q1,Q1
LRM,100405,train,complex,True,True,True,True,,,1935.0,,10.09,165.0,False,37,59,Q1,Q1
LRM,100408,train,complex,False,False,True,False,,,5111.0,,6.71,221.0,False,67,108,Q3,Q3
LRM,100409,train,complex,Uncertain,Uncertain,False,False,,,2544.0,,9.22,166.0,False,35,62,Q1,Q1
LRM,100412,train,complex,Uncertain,Uncertain,False,False,,,6823.0,,5.73,220.0,False,50,141,Q2,Q3
LRM,100415,train,complex,True,True,True,True,,,3391.0,,8.3,132.0,False,13,54,Q1,Q1
LRM,100416,train,complex,Uncertain,Uncertain,Uncertain,True,,,4442.0,,6.98,364.0,False,175,195,Q4,Q4
LRM,100418,train,complex,True,True,False,False,,,4428.0,,6.95,388.0,False,190,220,Q4,Q4
LRM,100421,train,complex,Uncertain,Uncertain,Uncertain,True,,,3157.0,,8.42,194.0,False,44,69,Q1,Q1
LRM,100422,train,complex,Uncertain,Uncertain,False,False,,,2552.0,,9.2,168.0,False,42,80,Q1,Q2
LRM,100424,train,complex,False,False,False,True,,,1817.0,,10.21,187.0,False,49,92,Q2,Q2
LRM,100430,train,complex,False,False,False,True,,,7211.0,,5.35,441.0,False,178,275,Q4,Q4
LRM,100433,train,complex,False,False,False,True,,,3406.0,,8.12,215.0,False,88,122,Q4,Q3
LRM,100435,train,complex,Uncertain,Uncertain,False,False,,,3887.0,,7.61,248.0,False,56,125,Q2,Q3
LRM,100437,train,complex,False,False,False,True,,,2437.0,,9.15,245.0,False,57,119,Q2,Q3
LRM,100440,train,complex,False,False,False,True,,,1413.0,,11.16,125.0,False,43,26,Q1,Q1
LRM,100441,train,complex,Uncertain,Uncertain,False,False,,,947.0,,12.16,128.0,False,40,25,Q1,Q1
LRM,100444,train,complex,True,True,True,True,,,5431.0,,6.3,384.0,False,133,208,Q4,Q4
LRM,100446,train,complex,Uncertain,Uncertain,False,False,,,3842.0,,7.61,269.0,False,126,113,Q4,Q3
LRM,100448,train,complex,True,True,Uncertain,False,,,6375.0,,5.89,288.0,False,131,133,Q4,Q3
LRM,100466,train,complex,True,True,True,True,,,689.0,,12.44,199.0,False,51,47,Q2,Q1
LRM,100467,train,complex,True,True,True,True,,,880.0,,12.29,132.0,False,24,53,Q1,Q1
LRM,100468,train,complex,Uncertain,Uncertain,False,False,,,1463.0,,11.03,134.0,False,25,54,Q1,Q1
LRM,100469,train,complex,True,True,True,True,,,536.0,,12.69,208.0,False,57,71,Q2,Q1
LRM,100471,train,complex,False,False,False,True,,,1997.0,,9.82,224.0,False,55,78,Q2,Q2
LRM,100475,train,complex,False,False,True,False,,,4225.0,,7.37,222.0,False,58,111,Q2,Q3
LRM,100476,train,complex,True,True,True,True,,,5388.0,,6.5,243.0,False,72,129,Q3,Q3
LRM,100481,train,complex,False,False,False,True,,,2191.0,,9.55,221.0,False,60,124,Q2,Q3
LRM,100484,train,complex,False,False,False,True,,,1999.0,,10.04,150.0,False,30,66,Q1,Q1
LRM,100486,train,complex,Uncertain,Uncertain,False,False,,,2913.0,,8.79,152.0,False,30,66,Q1,Q1
LRM,100500,train,complex,True,True,True,True,,,6811.0,,5.67,292.0,False,84,153,Q3,Q4
LRM,100506,train,complex,True,True,True,True,,,581.0,,12.96,121.0,False,20,25,Q1,Q1
LRM,100517,train,complex,False,False,False,True,,,3802.0,,7.69,246.0,False,69,137,Q3,Q3
LRM,100518,train,complex,False,False,False,True,,,1172.0,,11.32,212.0,False,47,67,Q2,Q1
LRM,100519,train,complex,False,False,False,True,,,1323.0,,11.05,203.0,False,44,63,Q1,Q1
LRM,100521,train,complex,Uncertain,Uncertain,False,False,,,5944.0,,6.06,337.0,False,77,154,Q3,Q4
LRM,100523,train,complex,True,True,False,False,,,5908.0,,6.01,406.0,False,77,164,Q3,Q4
LRM,100530,train,complex,Uncertain,Uncertain,False,False,,,772.0,,12.39,167.0,False,37,33,Q1,Q1
LRM,100532,train,complex,False,False,False,True,,,2304.0,,9.39,221.0,False,38,75,Q1,Q1
LRM,100535,train,complex,True,True,True,True,,,1197.0,,10.86,313.0,False,65,145,Q3,Q4
LRM,100541,train,complex,Uncertain,Uncertain,False,False,,,1094.0,,11.75,147.0,False,22,59,Q1,Q1
LRM,100543,train,complex,Uncertain,Uncertain,False,False,,,2802.0,,8.66,264.0,False,84,132,Q3,Q3
LRM,100549,train,complex,True,True,True,True,,,3820.0,,7.63,270.0,False,73,147,Q3,Q4
LRM,100550,train,complex,Uncertain,Uncertain,False,False,,,2186.0,,9.71,163.0,False,32,53,Q1,Q1
LRM,100551,train,complex,True,True,Uncertain,False,,,2085.0,,9.9,153.0,False,36,58,Q1,Q1
LRM,100556,train,complex,True,True,True,True,,,5442.0,,6.48,226.0,False,124,120,Q4,Q3
LRM,100558,train,complex,True,True,True,True,,,1625.0,,10.39,231.0,False,50,100,Q2,Q2
LRM,100561,train,complex,Uncertain,Uncertain,Uncertain,True,,,5273.0,,6.52,282.0,False,79,158,Q3,Q4
LRM,100564,train,complex,Uncertain,Uncertain,True,False,,,3143.0,,8.36,229.0,False,46,131,Q1,Q3
LRM,100565,train,complex,True,True,True,True,,,2667.0,,8.92,219.0,False,46,127,Q1,Q3
LRM,100566,train,complex,True,True,True,True,,,3861.0,,7.62,253.0,False,44,126,Q1,Q3
LRM,100570,train,complex,False,False,False,True,,,3603.0,,7.73,323.0,False,73,174,Q3,Q4
LRM,100572,train,complex,Uncertain,Uncertain,False,False,,,5206.0,,6.71,173.0,False,36,91,Q1,Q2
LRM,100573,train,complex,Uncertain,Uncertain,False,False,,,6527.0,,5.92,173.0,False,38,92,Q1,Q2
LRM,100574,train,complex,False,False,False,True,,,2942.0,,8.69,180.0,False,39,96,Q1,Q2
LRM,100576,train,complex,Uncertain,Uncertain,False,False,,,1666.0,,10.3,235.0,False,73,104,Q3,Q2
LRM,100578,train,complex,True,True,False,False,,,1211.0,,11.13,239.0,False,77,102,Q3,Q2
LRM,100582,train,complex,False,False,False,True,,,3245.0,,8.1,301.0,False,111,196,Q4,Q4
LRM,100583,train,complex,False,False,False,True,,,3576.0,,7.78,302.0,False,109,192,Q4,Q4
LRM,100589,train,complex,True,True,True,True,,,7145.0,,5.61,191.0,False,55,95,Q2,Q2
LRM,100590,train,complex,Uncertain,Uncertain,True,False,,,4896.0,,6.58,418.0,False,147,239,Q4,Q4
LRM,100592,train,complex,True,True,Uncertain,False,,,4902.0,,6.61,399.0,False,139,218,Q4,Q4
LRM,100593,train,complex,True,True,True,True,,,3585.0,,7.85,261.0,False,107,144,Q4,Q4
LRM,100594,train,complex,Uncertain,Uncertain,False,False,,,2819.0,,8.61,278.0,False,108,149,Q4,Q4
LRM,100596,train,complex,True,True,True,True,,,860.0,,12.22,161.0,False,53,62,Q2,Q1
LRM,100608,train,complex,False,False,False,True,,,2013.0,,9.92,180.0,False,35,83,Q1,Q2
LRM,100610,train,complex,False,False,False,True,,,4532.0,,6.71,509.0,False,164,364,Q4,Q4
LRM,100619,train,complex,Uncertain,Uncertain,False,False,,,4786.0,,6.93,222.0,False,93,118,Q4,Q3
LRM,100620,train,complex,True,True,False,False,,,1456.0,,10.9,174.0,False,39,41,Q1,Q1
LRM,100621,train,complex,Uncertain,Uncertain,True,False,,,782.0,,12.32,178.0,False,37,38,Q1,Q1
LRM,100625,train,complex,False,False,Uncertain,False,,,5282.0,,6.69,152.0,False,53,74,Q2,Q1
LRM,100626,train,complex,False,False,False,True,,,2348.0,,9.26,249.0,False,65,125,Q3,Q3
LRM,100630,train,complex,False,False,True,False,,,4429.0,,7.14,264.0,False,100,144,Q4,Q4
LRM,100634,train,complex,Uncertain,Uncertain,False,False,,,4328.0,,7.3,207.0,False,87,112,Q4,Q3
LRM,100635,train,complex,True,True,False,False,,,6108.0,,6.1,219.0,False,94,123,Q4,Q3
LRM,100636,train,complex,False,False,False,True,,,5567.0,,6.42,217.0,False,90,121,Q4,Q3
LRM,100644,train,complex,Uncertain,Uncertain,Uncertain,True,,,2141.0,,9.69,194.0,False,45,99,Q1,Q2
LRM,100648,train,complex,True,True,True,True,,,5865.0,,6.27,198.0,False,69,96,Q3,Q2
LRM,100649,train,complex,False,False,True,False,,,7009.0,,5.67,194.0,False,72,95,Q3,Q2
LRM,100652,train,complex,True,True,True,True,,,813.0,,11.99,243.0,False,45,90,Q1,Q2
LRM,100656,train,complex,False,False,False,True,,,1815.0,,10.21,188.0,False,54,66,Q2,Q1
LRM,100660,train,complex,True,True,True,True,,,5260.0,,6.64,197.0,False,62,71,Q2,Q1
LRM,100669,train,complex,True,True,False,False,,,1957.0,,9.92,208.0,False,38,87,Q1,Q2
LRM,100670,train,complex,Uncertain,Uncertain,False,False,,,6444.0,,5.91,228.0,False,37,87,Q1,Q2
LRM,100671,train,complex,Uncertain,Uncertain,True,False,,,1082.0,,11.53,208.0,False,37,76,Q1,Q2
LRM,100673,train,complex,True,True,True,True,,,1439.0,,10.46,307.0,False,77,158,Q3,Q4
LRM,100674,train,complex,Uncertain,Uncertain,False,False,,,4184.0,,7.1,408.0,False,78,179,Q3,Q4
LRM,100675,train,complex,True,True,True,True,,,734.0,,12.41,181.0,False,24,61,Q1,Q1
LRM,100679,train,complex,False,False,False,True,,,2005.0,,9.86,207.0,False,74,124,Q3,Q3
LRM,100680,train,complex,False,False,True,False,,,3764.0,,7.78,215.0,False,72,112,Q3,Q3
LRM,100682,train,complex,False,False,False,True,,,927.0,,11.7,250.0,False,54,132,Q2,Q3
LRM,100683,train,complex,True,True,True,True,,,1082.0,,11.3,266.0,False,57,134,Q2,Q3
LRM,100685,train,complex,False,False,False,True,,,1332.0,,10.93,230.0,False,59,96,Q2,Q2
LRM,100686,train,complex,Uncertain,Uncertain,False,False,,,2201.0,,9.44,251.0,False,58,109,Q2,Q3
LRM,100687,train,complex,True,True,True,True,,,822.0,,12.04,224.0,False,80,71,Q3,Q1
LRM,100688,train,complex,Uncertain,Uncertain,False,False,,,1870.0,,9.98,233.0,False,80,71,Q3,Q1
LRM,100691,train,complex,False,False,False,True,,,3511.0,,8.02,211.0,False,38,61,Q1,Q1
LRM,100693,train,complex,Uncertain,Uncertain,False,False,,,2863.0,,8.69,219.0,False,68,95,Q3,Q2
LRM,100695,train,complex,True,True,False,False,,,2949.0,,8.54,245.0,False,84,109,Q3,Q3
LRM,100698,train,complex,True,True,False,False,,,3046.0,,8.47,227.0,False,70,118,Q3,Q3
LRM,100703,train,complex,False,False,False,True,,,5099.0,,6.69,240.0,False,100,113,Q4,Q3
LRM,100707,train,complex,True,True,True,True,,,3172.0,,8.3,242.0,False,83,128,Q3,Q3
LRM,100713,train,complex,False,False,True,False,,,3536.0,,7.76,338.0,False,140,161,Q4,Q4
LRM,100718,train,complex,Uncertain,Uncertain,True,False,,,1275.0,,10.92,263.0,False,57,116,Q2,Q3
LRM,100720,train,complex,False,False,False,True,,,1798.0,,10.08,239.0,False,57,117,Q2,Q3
LRM,100722,train,complex,Uncertain,Uncertain,False,False,,,1351.0,,11.03,192.0,False,50,106,Q2,Q3
LRM,100725,train,complex,True,True,False,False,,,2072.0,,9.79,195.0,False,58,77,Q2,Q2
LRM,100730,train,complex,True,True,False,False,,,4936.0,,6.78,257.0,False,102,137,Q4,Q3
LRM,100733,train,complex,False,False,True,False,,,3842.0,,7.65,248.0,False,107,147,Q4,Q4
LRM,100734,train,complex,False,False,False,True,,,5425.0,,6.47,246.0,False,108,144,Q4,Q4
LRM,100736,train,complex,False,False,True,False,,,6536.0,,5.84,257.0,False,126,156,Q4,Q4
LRM,100737,train,complex,True,True,True,True,,,5002.0,,6.72,268.0,False,107,142,Q4,Q3
LRM,100752,train,complex,True,True,False,False,,,4344.0,,7.19,269.0,False,56,155,Q2,Q4
LRM,100754,train,complex,True,True,True,True,,,964.0,,11.92,177.0,False,53,49,Q2,Q1
LRM,100759,train,complex,True,True,True,True,,,890.0,,11.47,324.0,False,92,154,Q4,Q4
LRM,100760,train,complex,Uncertain,Uncertain,Uncertain,True,,,1303.0,,10.42,385.0,False,93,154,Q4,Q4
LRM,100765,train,complex,Uncertain,Uncertain,False,False,,,1628.0,,10.11,318.0,False,79,157,Q3,Q4
LRM,100767,train,complex,True,True,False,False,,,5082.0,,6.58,332.0,False,99,180,Q4,Q4
LRM,100769,train,complex,Uncertain,Uncertain,False,False,,,2250.0,,9.34,268.0,False,82,104,Q3,Q2
LRM,100789,train,complex,True,True,True,True,,,2168.0,,9.63,204.0,False,66,82,Q3,Q2
LRM,100790,train,complex,Uncertain,Uncertain,Uncertain,True,,,2277.0,,9.52,188.0,False,60,77,Q2,Q2
LRM,100791,train,complex,Uncertain,Uncertain,False,False,,,3137.0,,8.6,125.0,False,27,42,Q1,Q1
LRM,100792,train,complex,Uncertain,Uncertain,True,False,,,1877.0,,10.17,171.0,False,58,73,Q2,Q1
LRM,100793,train,complex,False,False,False,True,,,3107.0,,8.51,181.0,False,57,73,Q2,Q1
LRM,100798,train,complex,True,True,True,True,,,1094.0,,11.52,203.0,False,49,95,Q2,Q2
LRM,100801,train,complex,Uncertain,Uncertain,False,False,,,2173.0,,9.65,194.0,False,59,81,Q2,Q2
LRM,100804,train,complex,Uncertain,Uncertain,False,False,,,3404.0,,8.2,177.0,False,14,76,Q1,Q2
LRM,100806,train,complex,False,False,False,True,,,1828.0,,9.82,308.0,False,96,183,Q4,Q4
LRM,100809,train,complex,True,True,True,True,,,1793.0,,10.2,204.0,False,41,117,Q1,Q3
LRM,100814,train,complex,True,True,True,True,,,789.0,,12.05,241.0,False,67,91,Q3,Q2
LRM,100815,train,complex,Uncertain,Uncertain,False,False,,,2009.0,,9.64,279.0,False,69,94,Q3,Q2
LRM,100816,train,complex,False,False,False,True,,,697.0,,12.2,253.0,False,64,69,Q3,Q1
LRM,100819,train,complex,False,False,False,True,,,7530.0,,5.3,344.0,False,101,167,Q4,Q4
LRM,100821,train,complex,False,False,False,True,,,1357.0,,10.89,226.0,False,62,84,Q2,Q2
LRM,100826,train,complex,Uncertain,Uncertain,Uncertain,True,,,3940.0,,7.49,285.0,False,84,136,Q3,Q3
LRM,100830,train,complex,False,False,Uncertain,False,,,3780.0,,7.6,307.0,False,90,141,Q4,Q3
LRM,100831,train,complex,True,True,True,True,,,3039.0,,8.26,326.0,False,99,153,Q4,Q4
LRM,100836,train,complex,False,False,False,True,,,1944.0,,9.99,195.0,False,55,100,Q2,Q2
LRM,100841,train,complex,Uncertain,Uncertain,False,False,,,3671.0,,7.71,298.0,False,64,177,Q3,Q4
LRM,100846,train,complex,True,True,True,True,,,3176.0,,8.49,153.0,False,39,72,Q1,Q1
LRM,100849,train,complex,False,False,False,True,,,2020.0,,9.71,245.0,False,52,160,Q2,Q4
LRM,100851,train,complex,Uncertain,Uncertain,False,False,,,1940.0,,9.94,213.0,False,57,109,Q2,Q3
LRM,100853,train,complex,Uncertain,Uncertain,False,False,,,3108.0,,8.36,241.0,False,58,109,Q2,Q3
LRM,100854,train,complex,Uncertain,Uncertain,False,False,,,2244.0,,9.61,174.0,False,46,65,Q1,Q1
LRM,100863,train,complex,False,False,Uncertain,False,,,3119.0,,8.24,300.0,False,78,156,Q3,Q4
LRM,100864,train,complex,True,True,False,False,,,2759.0,,8.6,308.0,False,79,157,Q3,Q4
LRM,100866,train,complex,True,True,True,True,,,2205.0,,9.58,198.0,False,53,77,Q2,Q2
LRM,100869,train,complex,False,False,True,False,,,3450.0,,8.08,207.0,False,58,81,Q2,Q2
LRM,100873,train,complex,False,False,False,True,,,3772.0,,7.67,269.0,False,72,99,Q3,Q2
LRM,100874,train,complex,False,False,False,True,,,5959.0,,6.18,220.0,False,66,87,Q3,Q2
LRM,100875,train,complex,True,True,True,True,,,1162.0,,11.24,238.0,False,70,108,Q3,Q3
LRM,100891,train,complex,True,True,True,True,,,2378.0,,8.84,392.0,False,104,252,Q4,Q4
LRM,100892,train,complex,False,False,False,True,,,3490.0,,7.72,381.0,False,106,255,Q4,Q4
LRM,100900,train,complex,Uncertain,Uncertain,False,False,,,1166.0,,11.69,122.0,False,13,40,Q1,Q1
LRM,100902,train,complex,True,True,True,True,,,1696.0,,10.53,148.0,False,36,70,Q1,Q1
LRM,100907,train,complex,True,True,Uncertain,False,,,5701.0,,6.36,204.0,False,75,116,Q3,Q3
LRM,100911,train,complex,False,False,False,True,,,3400.0,,8.05,253.0,False,111,96,Q4,Q2
LRM,100912,train,complex,True,True,False,False,,,2543.0,,9.04,233.0,False,112,99,Q4,Q2
LRM,100913,train,complex,Uncertain,Uncertain,Uncertain,True,,,5127.0,,6.69,224.0,False,110,89,Q4,Q2
LRM,100914,train,complex,True,True,False,False,,,6084.0,,6.08,249.0,False,120,106,Q4,Q3
LRM,100918,train,complex,True,True,False,False,,,2801.0,,8.64,272.0,False,138,123,Q4,Q3
LRM,100925,train,complex,Uncertain,Uncertain,True,False,,,3831.0,,7.57,295.0,False,55,158,Q2,Q4
LRM,100927,train,complex,False,False,False,True,,,2566.0,,8.98,244.0,False,97,146,Q4,Q4
LRM,100932,train,complex,False,False,False,True,,,1317.0,,10.71,292.0,False,66,107,Q3,Q3
LRM,100934,train,complex,Uncertain,Uncertain,False,False,,,2953.0,,8.62,203.0,False,42,90,Q1,Q2
LRM,100949,train,complex,Uncertain,Uncertain,False,False,,,1788.0,,10.33,166.0,False,58,63,Q2,Q1
LRM,100950,train,complex,True,True,True,True,,,863.0,,12.14,179.0,False,60,66,Q2,Q1
LRM,100951,train,complex,False,False,False,True,,,1007.0,,11.99,137.0,False,16,22,Q1,Q1
LRM,100955,train,complex,Uncertain,Uncertain,False,False,,,3220.0,,8.4,171.0,False,44,75,Q1,Q1
LRM,100957,train,complex,True,True,True,True,,,1690.0,,10.47,173.0,False,43,76,Q1,Q2
LRM,100958,train,complex,False,False,False,True,,,3246.0,,8.35,178.0,False,45,82,Q1,Q2
LRM,100959,train,complex,False,False,False,True,,,2532.0,,9.18,186.0,False,45,80,Q1,Q2
LRM,100964,train,complex,Uncertain,Uncertain,False,False,,,1165.0,,11.44,183.0,False,43,58,Q1,Q1
LRM,100966,train,complex,Uncertain,Uncertain,Uncertain,True,,,676.0,,12.31,225.0,False,59,63,Q2,Q1
LRM,100967,train,complex,Uncertain,Uncertain,True,False,,,987.0,,11.63,227.0,False,62,63,Q2,Q1
LRM,100970,train,complex,True,True,False,False,,,2017.0,,9.87,197.0,False,80,95,Q3,Q2
LRM,100973,train,complex,Uncertain,Uncertain,False,False,,,3374.0,,7.85,365.0,False,114,186,Q4,Q4
LRM,100978,train,complex,True,True,True,True,,,820.0,,12.23,180.0,False,54,49,Q2,Q1
LRM,100980,train,complex,False,False,False,True,,,1943.0,,10.02,182.0,False,58,50,Q2,Q1
LRM,100982,train,complex,True,True,True,True,,,1095.0,,11.23,275.0,False,72,168,Q3,Q4
LRM,100984,train,complex,True,True,True,True,,,1789.0,,10.11,235.0,False,65,112,Q3,Q3
LRM,100986,train,complex,True,True,Uncertain,False,,,2337.0,,9.32,229.0,False,70,112,Q3,Q3
LRM,100993,train,complex,Uncertain,Uncertain,False,False,,,1787.0,,10.29,174.0,False,41,84,Q1,Q2
LRM,100994,train,complex,False,False,False,True,,,1870.0,,10.16,177.0,False,47,91,Q2,Q2
LRM,100999,train,complex,False,False,False,True,,,2046.0,,9.82,198.0,False,52,99,Q2,Q2
LRM,16,validation,complex,Uncertain,Uncertain,False,False,,,2559.0,,8.94,223.0,False,68,106,Q3,Q3
LRM,26,validation,complex,Uncertain,Uncertain,False,False,,,1307.0,,10.85,262.0,False,72,91,Q3,Q2
LRM,27,validation,complex,Uncertain,Uncertain,False,False,,,5685.0,,6.36,202.0,False,59,98,Q2,Q2
LRM,28,validation,complex,True,True,True,True,,,5405.0,,6.52,213.0,False,63,107,Q2,Q3
LRM,57,validation,complex,False,False,False,True,,,7230.0,,5.4,368.0,False,83,203,Q3,Q4
LRM,75,validation,complex,Uncertain,Uncertain,False,False,,,5776.0,,6.13,360.0,False,162,181,Q4,Q4
LRM,85,validation,complex,Uncertain,Uncertain,True,False,,,6367.0,,5.89,285.0,False,81,130,Q3,Q3
LRM,122,validation,complex,False,False,False,True,,,6203.0,,5.98,284.0,False,62,167,Q2,Q4
LRM,135,validation,complex,Uncertain,Uncertain,False,False,,,1335.0,,11.22,143.0,False,22,57,Q1,Q1
LRM,141,validation,complex,True,True,Uncertain,False,,,7172.0,,5.47,320.0,False,132,171,Q4,Q4
LRM,142,validation,complex,True,True,False,False,,,5421.0,,6.39,308.0,False,49,185,Q2,Q4
LRM,152,validation,complex,Uncertain,Uncertain,False,False,,,7141.0,,5.55,243.0,False,46,162,Q1,Q4
LRM,196,validation,complex,False,False,False,True,,,6224.0,,5.95,302.0,False,59,249,Q2,Q4
LRM,100249,train,complex,Uncertain,Uncertain,False,False,,,1114.0,,11.47,198.0,False,52,59,Q2,Q1
LRM,100429,train,complex,Uncertain,Uncertain,False,False,,,6375.0,,5.68,481.0,False,176,277,Q4,Q4
LRM,100452,train,complex,True,True,True,True,,,6815.0,,5.35,631.0,False,105,433,Q4,Q4
LRM,100527,train,complex,Uncertain,Uncertain,False,False,,,1211.0,,11.62,111.0,False,17,26,Q1,Q1
LRM,100567,train,complex,Uncertain,Uncertain,False,False,,,860.0,,12.14,173.0,False,38,42,Q1,Q1
LRM,100597,train,complex,False,False,False,True,,,2338.0,,9.41,188.0,False,56,74,Q2,Q1
LRM,0,validation,contradiction,Uncertain,Uncertain,Uncertain,True,,,3210.0,,10.02,342.0,False,149,211,Q4,Q4
LRM,1,validation,contradiction,True,True,False,False,,,8780.0,,6.61,400.0,False,205,259,Q4,Q4
LRM,2,validation,contradiction,False,False,Uncertain,False,,,6556.0,,7.62,397.0,False,189,252,Q4,Q4
LRM,3,validation,contradiction,Uncertain,Uncertain,False,False,,,6358.0,,7.9,233.0,False,90,163,Q4,Q4
LRM,4,validation,contradiction,Uncertain,Uncertain,Uncertain,True,,,6439.0,,7.85,233.0,False,92,164,Q4,Q4
LRM,5,validation,contradiction,True,True,True,True,,,4049.0,,8.19,237.0,False,137,169,Q4,Q4
LRM,6,validation,contradiction,True,True,Uncertain,False,,,2397.0,,9.99,212.0,False,46,120,Q1,Q3
LRM,7,validation,contradiction,Uncertain,Uncertain,Uncertain,True,,,2414.0,,11.13,212.0,False,47,128,Q2,Q3
LRM,8,validation,contradiction,Uncertain,Uncertain,False,False,,,1706.0,,11.92,243.0,False,47,127,Q2,Q3
LRM,9,validation,contradiction,True,True,True,True,,,1398.0,,11.55,200.0,False,71,81,Q3,Q2
LRM,10,validation,contradiction,False,False,False,True,,,4353.0,,7.95,232.0,False,71,81,Q3,Q2
LRM,11,validation,contradiction,Uncertain,Uncertain,False,False,,,2352.0,,11.26,188.0,False,70,81,Q3,Q2
LRM,12,validation,contradiction,True,True,True,True,,,2347.0,,10.07,205.0,False,62,109,Q2,Q3
LRM,13,validation,contradiction,Uncertain,Uncertain,False,False,,,5331.0,,8.55,210.0,False,62,125,Q2,Q3
LRM,14,validation,contradiction,False,False,True,False,,,1370.0,,11.57,206.0,False,63,110,Q2,Q3
LRM,15,validation,contradiction,True,True,True,True,,,1376.0,,11.89,107.0,False,13,39,Q1,Q1
LRM,17,validation,contradiction,Uncertain,Uncertain,True,False,,,1439.0,,12.39,207.0,False,69,107,Q3,Q3
LRM,18,validation,contradiction,True,True,True,True,,,2153.0,,10.31,209.0,False,70,111,Q3,Q3
LRM,19,validation,contradiction,True,True,True,True,,,5389.0,,7.2,226.0,False,81,124,Q3,Q3
LRM,20,validation,contradiction,False,False,Uncertain,False,,,2970.0,,9.26,224.0,False,76,121,Q3,Q3
LRM,21,validation,contradiction,True,True,True,True,,,1688.0,,11.04,195.0,False,60,100,Q2,Q2
LRM,22,validation,contradiction,False,False,False,True,,,3292.0,,9.03,172.0,False,57,96,Q2,Q2
LRM,23,validation,contradiction,Uncertain,Uncertain,False,False,,,2254.0,,11.41,178.0,False,60,100,Q2,Q2
LRM,24,validation,contradiction,True,True,True,True,,,982.0,,12.17,242.0,False,76,100,Q3,Q2
LRM,25,validation,contradiction,Uncertain,Uncertain,False,False,,,935.0,,12.98,229.0,False,71,93,Q3,Q2
LRM,29,validation,contradiction,False,False,False,True,,,3680.0,,8.61,193.0,False,66,106,Q3,Q3
LRM,30,validation,contradiction,Uncertain,Uncertain,True,False,,,3716.0,,9.66,300.0,False,99,210,Q4,Q4
LRM,31,validation,contradiction,True,True,False,False,,,8611.0,,5.53,296.0,False,99,207,Q4,Q4
LRM,32,validation,contradiction,False,False,False,True,,,5353.0,,7.15,290.0,False,101,208,Q4,Q4
LRM,33,validation,contradiction,True,True,Uncertain,False,,,2773.0,,9.65,161.0,False,37,51,Q1,Q1
LRM,34,validation,contradiction,Uncertain,Uncertain,Uncertain,True,,,1364.0,,12.66,151.0,False,36,42,Q1,Q1
LRM,35,validation,contradiction,False,False,Uncertain,False,,,1336.0,,11.78,169.0,False,44,61,Q1,Q1
LRM,36,validation,contradiction,True,True,True,True,,,1625.0,,12.26,163.0,False,43,78,Q1,Q1
LRM,37,validation,contradiction,True,True,Uncertain,False,,,1728.0,,11.05,183.0,False,44,96,Q1,Q2
LRM,38,validation,contradiction,False,False,False,True,,,1322.0,,12.61,173.0,False,44,79,Q1,Q2
LRM,39,validation,contradiction,Uncertain,Uncertain,True,False,,,4001.0,,9.44,281.0,False,86,184,Q3,Q4
LRM,40,validation,contradiction,True,True,True,True,,,8562.0,,6.79,295.0,False,86,189,Q3,Q4
LRM,41,validation,contradiction,False,False,False,True,,,7791.0,,7.13,289.0,False,87,191,Q4,Q4
LRM,42,validation,contradiction,True,True,True,True,,,3254.0,,9.91,394.0,False,121,204,Q4,Q4
LRM,43,validation,contradiction,Uncertain,Uncertain,True,False,,,3138.0,,10.02,389.0,False,119,212,Q4,Q4
LRM,44,validation,contradiction,False,False,Uncertain,False,,,5641.0,,8.11,415.0,False,138,223,Q4,Q4
LRM,45,validation,contradiction,Uncertain,Uncertain,False,False,,,4382.0,,9.41,109.0,False,12,41,Q1,Q1
LRM,46,validation,contradiction,True,True,Uncertain,False,,,1801.0,,10.66,279.0,False,52,190,Q2,Q4
LRM,47,validation,contradiction,Uncertain,Uncertain,False,False,,,3384.0,,10.02,263.0,False,52,190,Q2,Q4
LRM,48,validation,contradiction,Uncertain,Uncertain,True,False,,,3588.0,,10.04,148.0,False,44,64,Q1,Q1
LRM,49,validation,contradiction,False,False,False,True,,,4756.0,,7.77,147.0,False,45,64,Q1,Q1
LRM,50,validation,contradiction,True,True,Uncertain,False,,,2522.0,,10.0,148.0,False,46,65,Q1,Q1
LRM,51,validation,contradiction,False,False,False,True,,,2607.0,,11.0,175.0,False,47,102,Q2,Q2
LRM,52,validation,contradiction,Uncertain,Uncertain,False,False,,,6660.0,,7.81,175.0,False,47,102,Q2,Q2
LRM,53,validation,contradiction,True,True,True,True,,,2837.0,,9.48,201.0,False,47,102,Q2,Q2
LRM,54,validation,contradiction,True,True,Uncertain,False,,,3187.0,,9.23,135.0,False,32,47,Q1,Q1
LRM,55,validation,contradiction,False,False,True,False,,,1914.0,,10.86,150.0,False,32,49,Q1,Q1
LRM,56,validation,contradiction,Uncertain,Uncertain,False,False,,,2188.0,,11.58,144.0,False,31,47,Q1,Q1
LRM,58,validation,contradiction,Uncertain,Uncertain,Uncertain,True,,,4722.0,,8.84,316.0,False,83,213,Q3,Q4
LRM,59,validation,contradiction,True,True,True,True,,,2274.0,,9.93,302.0,False,82,197,Q3,Q4
LRM,60,validation,contradiction,Uncertain,Uncertain,False,False,,,3732.0,,9.85,178.0,False,63,87,Q2,Q2
LRM,61,validation,contradiction,Uncertain,Uncertain,False,False,,,3777.0,,9.81,178.0,False,63,87,Q2,Q2
LRM,62,validation,contradiction,Uncertain,Uncertain,False,False,,,1984.0,,11.81,141.0,False,29,61,Q1,Q1
LRM,63,validation,contradiction,False,False,False,True,,,5358.0,,7.33,150.0,False,33,66,Q1,Q1
LRM,64,validation,contradiction,True,True,False,False,,,3848.0,,8.52,151.0,False,38,67,Q1,Q1
LRM,65,validation,contradiction,True,True,Uncertain,False,,,1976.0,,10.44,262.0,False,76,125,Q3,Q3
LRM,66,validation,contradiction,Uncertain,Uncertain,False,False,,,1627.0,,11.81,346.0,False,77,116,Q3,Q3
LRM,67,validation,contradiction,True,True,Uncertain,False,,,2797.0,,10.61,258.0,False,74,121,Q3,Q3
LRM,68,validation,contradiction,True,True,Uncertain,False,,,3319.0,,8.94,197.0,False,54,81,Q2,Q2
LRM,69,validation,contradiction,False,False,False,True,,,2357.0,,10.05,212.0,False,53,95,Q2,Q2
LRM,70,validation,contradiction,Uncertain,Uncertain,True,False,,,2144.0,,11.56,173.0,False,56,71,Q2,Q1
LRM,71,validation,contradiction,False,False,True,False,,,1823.0,,11.96,175.0,False,60,72,Q2,Q1
LRM,72,validation,contradiction,True,True,True,True,,,4134.0,,9.42,222.0,False,78,94,Q3,Q2
LRM,73,validation,contradiction,True,True,True,True,,,1792.0,,10.86,197.0,False,64,103,Q3,Q2
LRM,74,validation,contradiction,False,False,False,True,,,1839.0,,11.89,200.0,False,62,103,Q2,Q2
LRM,76,validation,contradiction,True,True,Uncertain,False,,,6871.0,,6.2,382.0,False,180,202,Q4,Q4
LRM,77,validation,contradiction,False,False,Uncertain,False,,,4083.0,,9.28,338.0,False,186,201,Q4,Q4
LRM,78,validation,contradiction,False,False,False,True,,,3805.0,,8.45,206.0,False,43,86,Q1,Q2
LRM,79,validation,contradiction,True,True,True,True,,,3327.0,,8.95,192.0,False,44,89,Q1,Q2
LRM,80,validation,contradiction,Uncertain,Uncertain,False,False,,,7100.0,,7.54,196.0,False,41,79,Q1,Q2
LRM,81,validation,contradiction,True,True,True,True,,,5415.0,,7.21,209.0,False,47,95,Q2,Q2
LRM,82,validation,contradiction,False,False,False,True,,,6818.0,,6.41,200.0,False,45,91,Q1,Q2
LRM,83,validation,contradiction,False,False,False,True,,,9585.0,,6.39,295.0,False,100,159,Q4,Q3
LRM,84,validation,contradiction,True,True,True,True,,,6268.0,,6.62,270.0,False,87,148,Q4,Q3
LRM,86,validation,contradiction,True,True,Uncertain,False,,,2983.0,,10.35,270.0,False,94,146,Q4,Q3
LRM,87,validation,contradiction,True,True,True,True,,,2655.0,,9.79,141.0,False,33,66,Q1,Q1
LRM,88,validation,contradiction,True,True,False,False,,,1702.0,,11.15,142.0,False,35,64,Q1,Q1
LRM,89,validation,contradiction,Uncertain,Uncertain,Uncertain,True,,,3483.0,,10.12,146.0,False,36,73,Q1,Q1
LRM,90,validation,contradiction,True,True,Uncertain,False,,,1262.0,,12.82,133.0,False,62,52,Q2,Q1
LRM,91,validation,contradiction,False,False,False,True,,,1377.0,,12.63,147.0,False,62,52,Q2,Q1
LRM,92,validation,contradiction,False,False,True,False,,,5226.0,,8.49,311.0,False,116,190,Q4,Q4
LRM,93,validation,contradiction,Uncertain,Uncertain,Uncertain,True,,,7170.0,,7.4,303.0,False,121,192,Q4,Q4
LRM,94,validation,contradiction,True,True,True,True,,,2001.0,,11.34,330.0,False,119,208,Q4,Q4
LRM,95,validation,contradiction,Uncertain,Uncertain,True,False,,,2422.0,,11.2,179.0,False,54,79,Q2,Q2
LRM,96,validation,contradiction,False,False,False,True,,,4392.0,,8.0,179.0,False,59,84,Q2,Q2
LRM,97,validation,contradiction,True,True,True,True,,,4312.0,,8.04,192.0,False,67,89,Q3,Q2
LRM,98,validation,contradiction,Uncertain,Uncertain,True,False,,,4025.0,,9.58,187.0,False,41,101,Q1,Q2
LRM,99,validation,contradiction,True,True,True,True,,,2972.0,,10.55,194.0,False,44,106,Q1,Q3
LRM,100,validation,contradiction,False,False,True,False,,,4920.0,,8.87,199.0,False,69,123,Q3,Q3
LRM,101,validation,contradiction,Uncertain,Uncertain,True,False,,,6000.0,,8.12,224.0,False,129,128,Q4,Q3
LRM,102,validation,contradiction,False,False,False,True,,,4174.0,,8.13,217.0,False,122,126,Q4,Q3
LRM,103,validation,contradiction,True,True,Uncertain,False,,,3217.0,,10.21,237.0,False,130,138,Q4,Q3
LRM,104,validation,contradiction,True,True,True,True,,,1360.0,,12.54,199.0,False,75,89,Q3,Q2
LRM,105,validation,contradiction,True,True,False,False,,,2265.0,,11.33,203.0,False,79,95,Q3,Q2
LRM,106,validation,contradiction,False,False,False,True,,,3184.0,,10.28,228.0,False,83,105,Q3,Q2
LRM,107,validation,contradiction,Uncertain,Uncertain,False,False,,,4834.0,,8.87,240.0,False,111,140,Q4,Q3
LRM,108,validation,contradiction,False,False,False,True,,,4142.0,,9.34,273.0,False,134,167,Q4,Q4
LRM,109,validation,contradiction,True,True,Uncertain,False,,,5882.0,,8.13,277.0,False,159,170,Q4,Q4
LRM,110,validation,contradiction,Uncertain,Uncertain,False,False,,,4852.0,,8.97,161.0,False,18,79,Q1,Q2
LRM,111,validation,contradiction,True,True,True,True,,,1853.0,,10.69,236.0,False,53,99,Q2,Q2
LRM,112,validation,contradiction,Uncertain,Uncertain,False,False,,,2214.0,,11.36,216.0,False,52,99,Q2,Q2
LRM,113,validation,contradiction,False,False,True,False,,,3998.0,,8.23,240.0,False,57,102,Q2,Q2
LRM,114,validation,contradiction,False,False,True,False,,,1458.0,,11.37,230.0,False,102,158,Q4,Q3
LRM,115,validation,contradiction,True,True,True,True,,,2101.0,,10.37,224.0,False,98,139,Q4,Q3
LRM,116,validation,contradiction,Uncertain,Uncertain,Uncertain,True,,,5674.0,,8.33,219.0,False,98,141,Q4,Q3
LRM,117,validation,contradiction,Uncertain,Uncertain,Uncertain,True,,,4264.0,,9.3,240.0,False,76,97,Q3,Q2
LRM,118,validation,contradiction,True,True,False,False,,,2958.0,,10.49,237.0,False,81,111,Q3,Q3
LRM,119,validation,contradiction,False,False,Uncertain,False,,,3098.0,,9.08,249.0,False,74,87,Q3,Q2
LRM,120,validation,contradiction,Uncertain,Uncertain,False,False,,,3634.0,,10.07,104.0,False,11,39,Q1,Q1
LRM,121,validation,contradiction,Uncertain,Uncertain,False,False,,,6656.0,,7.73,245.0,False,63,162,Q2,Q4
LRM,123,validation,contradiction,True,True,True,True,,,4059.0,,9.44,256.0,False,63,170,Q2,Q4
LRM,124,validation,contradiction,Uncertain,Uncertain,False,False,,,3849.0,,9.65,232.0,False,63,153,Q2,Q3
LRM,125,validation,contradiction,True,True,True,True,,,3727.0,,8.46,254.0,False,62,185,Q2,Q4
LRM,126,validation,contradiction,False,False,Uncertain,False,,,3275.0,,8.9,250.0,False,64,188,Q3,Q4
LRM,127,validation,contradiction,False,False,False,True,,,4329.0,,9.0,403.0,False,87,269,Q4,Q4
LRM,128,validation,contradiction,True,True,True,True,,,5055.0,,8.55,361.0,False,89,270,Q4,Q4
LRM,129,validation,contradiction,Uncertain,Uncertain,Uncertain,True,,,6464.0,,7.7,358.0,False,85,267,Q3,Q4
LRM,130,validation,contradiction,True,True,True,True,,,4474.0,,8.81,456.0,False,96,318,Q4,Q4
LRM,131,validation,contradiction,True,True,True,True,,,1769.0,,11.07,150.0,False,19,69,Q1,Q1
LRM,132,validation,contradiction,Uncertain,Uncertain,False,False,,,3768.0,,9.81,165.0,False,16,59,Q1,Q1
LRM,133,validation,contradiction,Uncertain,Uncertain,Uncertain,True,,,1864.0,,11.9,164.0,False,16,59,Q1,Q1
LRM,134,validation,contradiction,True,True,True,True,,,2786.0,,9.68,132.0,False,20,57,Q1,Q1
LRM,136,validation,contradiction,False,False,False,True,,,993.0,,13.2,133.0,False,26,66,Q1,Q1
LRM,137,validation,contradiction,True,True,True,True,,,1804.0,,11.83,237.0,False,67,109,Q3,Q3
LRM,138,validation,contradiction,False,False,Uncertain,False,,,2418.0,,9.87,247.0,False,67,109,Q3,Q3
LRM,139,validation,contradiction,Uncertain,Uncertain,False,False,,,3117.0,,10.25,267.0,False,104,154,Q4,Q3
LRM,140,validation,contradiction,False,False,False,True,,,4591.0,,8.95,298.0,False,114,168,Q4,Q4
LRM,143,validation,contradiction,Uncertain,Uncertain,False,False,,,1981.0,,11.55,257.0,False,46,164,Q1,Q4
LRM,144,validation,contradiction,Uncertain,Uncertain,False,False,,,1973.0,,11.57,251.0,False,86,114,Q3,Q3
LRM,145,validation,contradiction,Uncertain,Uncertain,True,False,,,4080.0,,9.41,254.0,False,87,117,Q4,Q3
LRM,146,validation,contradiction,True,True,True,True,,,2485.0,,9.73,268.0,False,96,118,Q4,Q3
LRM,147,validation,contradiction,True,True,True,True,,,2627.0,,9.56,268.0,False,97,118,Q4,Q3
LRM,148,validation,contradiction,False,False,Uncertain,False,,,2686.0,,10.7,270.0,False,105,118,Q4,Q3
LRM,149,validation,contradiction,True,True,False,False,,,3577.0,,8.68,202.0,False,56,74,Q2,Q1
LRM,150,validation,contradiction,Uncertain,Uncertain,Uncertain,True,,,1408.0,,12.48,198.0,False,58,69,Q2,Q1
LRM,151,validation,contradiction,Uncertain,Uncertain,False,False,,,1194.0,,12.77,196.0,False,57,69,Q2,Q1
LRM,153,validation,contradiction,False,False,False,True,,,4098.0,,8.14,239.0,False,50,167,Q2,Q4
LRM,154,validation,contradiction,True,True,False,False,,,5824.0,,6.85,294.0,False,63,208,Q2,Q4
LRM,155,validation,contradiction,Uncertain,Uncertain,False,False,,,2973.0,,10.69,121.0,False,11,58,Q1,Q1
LRM,156,validation,contradiction,False,False,False,True,,,4063.0,,9.39,272.0,False,107,190,Q4,Q4
LRM,157,validation,contradiction,True,True,True,True,,,2723.0,,9.43,279.0,False,109,191,Q4,Q4
LRM,158,validation,contradiction,True,True,False,False,,,4530.0,,7.74,281.0,False,113,198,Q4,Q4
LRM,159,validation,contradiction,Uncertain,Uncertain,True,False,,,3933.0,,9.54,257.0,False,103,174,Q4,Q4
LRM,160,validation,contradiction,True,True,False,False,,,3301.0,,9.07,151.0,False,41,50,Q1,Q1
LRM,161,validation,contradiction,Uncertain,Uncertain,False,False,,,2270.0,,11.45,150.0,False,37,45,Q1,Q1
LRM,162,validation,contradiction,False,False,False,True,,,3198.0,,9.25,121.0,False,10,59,Q1,Q1
LRM,163,validation,contradiction,Uncertain,Uncertain,False,False,,,3402.0,,10.1,206.0,False,70,100,Q3,Q2
LRM,164,validation,contradiction,False,False,False,True,,,6323.0,,7.95,212.0,False,79,121,Q3,Q3
LRM,165,validation,contradiction,True,True,Uncertain,False,,,3109.0,,10.36,215.0,False,78,123,Q3,Q3
LRM,166,validation,contradiction,True,True,Uncertain,False,,,2260.0,,10.34,143.0,False,28,31,Q1,Q1
LRM,167,validation,contradiction,True,True,Uncertain,False,,,3134.0,,9.23,157.0,False,35,49,Q1,Q1
LRM,168,validation,contradiction,False,False,Uncertain,False,,,1647.0,,11.29,144.0,False,28,38,Q1,Q1
LRM,169,validation,contradiction,Uncertain,Uncertain,False,False,,,4535.0,,9.11,217.0,False,63,88,Q2,Q2
LRM,170,validation,contradiction,True,True,True,True,,,3841.0,,8.34,256.0,False,86,108,Q3,Q3
LRM,171,validation,contradiction,False,False,False,True,,,4984.0,,7.46,244.0,False,82,100,Q3,Q2
LRM,172,validation,contradiction,Uncertain,Uncertain,Uncertain,True,,,7486.0,,7.3,251.0,False,97,127,Q4,Q3
LRM,173,validation,contradiction,False,False,False,True,,,5636.0,,8.31,249.0,False,102,127,Q4,Q3
LRM,174,validation,contradiction,True,True,False,False,,,2600.0,,10.82,259.0,False,113,138,Q4,Q3
LRM,175,validation,contradiction,Uncertain,Uncertain,False,False,,,2228.0,,11.6,105.0,False,32,18,Q1,Q1
LRM,176,validation,contradiction,False,False,Uncertain,False,,,2122.0,,10.65,105.0,False,34,19,Q1,Q1
LRM,177,validation,contradiction,True,True,False,False,,,1946.0,,10.9,116.0,False,38,29,Q1,Q1
LRM,178,validation,contradiction,False,False,False,True,,,3046.0,,9.22,206.0,False,11,123,Q1,Q3
LRM,179,validation,contradiction,False,False,Uncertain,False,,,2904.0,,9.56,125.0,False,25,37,Q1,Q1
LRM,180,validation,contradiction,False,False,False,True,,,3395.0,,9.01,125.0,False,25,37,Q1,Q1
LRM,181,validation,contradiction,Uncertain,Uncertain,False,False,,,1928.0,,11.91,138.0,False,38,69,Q1,Q1
LRM,182,validation,contradiction,True,True,True,True,,,1922.0,,10.82,157.0,False,44,79,Q1,Q2
LRM,183,validation,contradiction,False,False,Uncertain,False,,,6035.0,,6.87,173.0,False,56,92,Q2,Q2
LRM,184,validation,contradiction,True,True,Uncertain,False,,,2947.0,,9.29,229.0,False,77,120,Q3,Q3
LRM,185,validation,contradiction,False,False,False,True,,,1607.0,,12.12,230.0,False,76,120,Q3,Q3
LRM,186,validation,contradiction,Uncertain,Uncertain,False,False,,,3389.0,,10.08,225.0,False,77,122,Q3,Q3
LRM,187,validation,contradiction,Uncertain,Uncertain,False,False,,,2339.0,,11.33,165.0,False,50,80,Q2,Q2
LRM,188,validation,contradiction,True,True,Uncertain,False,,,2503.0,,9.95,170.0,False,53,93,Q2,Q2
LRM,189,validation,contradiction,False,False,Uncertain,False,,,2261.0,,10.26,176.0,False,52,90,Q2,Q2
LRM,190,validation,contradiction,False,False,False,True,,,4430.0,,7.96,186.0,False,62,98,Q2,Q2
LRM,191,validation,contradiction,False,False,False,True,,,4951.0,,7.56,190.0,False,61,105,Q2,Q2
LRM,192,validation,contradiction,False,False,False,True,,,2167.0,,10.56,109.0,False,16,44,Q1,Q1
LRM,193,validation,contradiction,False,False,False,True,,,2346.0,,10.0,233.0,False,78,85,Q3,Q2
LRM,194,validation,contradiction,Uncertain,Uncertain,False,False,,,3582.0,,9.93,206.0,False,82,80,Q3,Q2
LRM,195,validation,contradiction,Uncertain,Uncertain,False,False,,,5885.0,,8.03,361.0,False,57,244,Q2,Q4
LRM,197,validation,contradiction,True,True,True,True,,,5874.0,,6.79,325.0,False,64,251,Q3,Q4
LRM,198,validation,contradiction,False,False,False,True,,,1787.0,,10.94,182.0,False,50,69,Q2,Q1
LRM,199,validation,contradiction,False,False,False,True,,,1835.0,,10.83,203.0,False,52,69,Q2,Q1
LRM,200,validation,contradiction,False,False,False,True,,,3172.0,,9.11,198.0,False,52,69,Q2,Q1
LRM,201,validation,contradiction,Uncertain,Uncertain,False,False,,,1234.0,,12.71,196.0,False,48,59,Q2,Q1
LRM,202,validation,contradiction,Uncertain,Uncertain,Uncertain,True,,,1835.0,,11.9,190.0,False,52,68,Q2,Q1
LRM,100000,train,contradiction,True,True,False,False,,,8192.0,,5.77,200.0,False,106,102,Q4,Q2
LRM,100001,train,contradiction,True,True,Uncertain,False,,,4305.0,,9.32,202.0,False,107,100,Q4,Q2
LRM,100003,train,contradiction,True,True,True,True,,,5457.0,,8.45,233.0,False,138,117,Q4,Q3
LRM,100005,train,contradiction,True,True,Uncertain,False,,,2411.0,,11.07,244.0,False,46,103,Q1,Q2
LRM,100008,train,contradiction,False,False,False,True,,,2619.0,,9.77,188.0,False,59,106,Q2,Q3
LRM,100009,train,contradiction,True,True,False,False,,,7212.0,,6.22,195.0,False,62,111,Q2,Q3
LRM,100024,train,contradiction,False,False,False,True,,,2910.0,,10.5,247.0,False,85,110,Q3,Q3
LRM,100025,train,contradiction,True,True,True,True,,,957.0,,12.56,138.0,False,36,41,Q1,Q1
LRM,100028,train,contradiction,Uncertain,Uncertain,False,False,,,1761.0,,12.1,148.0,False,37,41,Q1,Q1
LRM,100036,train,contradiction,False,False,True,False,,,3050.0,,9.12,250.0,False,71,141,Q3,Q3
LRM,100039,train,contradiction,False,False,True,False,,,4613.0,,8.97,272.0,False,92,160,Q4,Q4
LRM,100040,train,contradiction,Uncertain,Uncertain,True,False,,,4413.0,,9.13,277.0,False,78,149,Q3,Q4
LRM,100042,train,contradiction,False,False,False,True,,,6517.0,,7.67,371.0,False,108,182,Q4,Q4
LRM,100045,train,contradiction,Uncertain,Uncertain,False,False,,,6269.0,,7.98,210.0,False,64,136,Q3,Q3
LRM,100047,train,contradiction,True,True,False,False,,,4046.0,,9.39,295.0,False,101,205,Q4,Q4
LRM,100051,train,contradiction,False,False,False,True,,,1063.0,,12.42,129.0,False,30,39,Q1,Q1
LRM,100052,train,contradiction,True,True,False,False,,,1541.0,,11.56,126.0,False,30,38,Q1,Q1
LRM,100070,train,contradiction,True,True,False,False,,,3994.0,,9.61,181.0,False,68,101,Q3,Q2
LRM,100071,train,contradiction,False,False,Uncertain,False,,,3916.0,,9.66,194.0,False,79,115,Q3,Q3
LRM,100074,train,contradiction,Uncertain,Uncertain,False,False,,,1419.0,,12.63,132.0,False,21,44,Q1,Q1
LRM,100075,train,contradiction,Uncertain,Uncertain,False,False,,,3430.0,,10.03,236.0,False,82,154,Q3,Q4
LRM,100077,train,contradiction,False,False,False,True,,,6560.0,,7.75,272.0,False,86,161,Q3,Q4
LRM,100083,train,contradiction,False,False,False,True,,,5122.0,,8.52,354.0,False,107,257,Q4,Q4
LRM,100086,train,contradiction,Uncertain,Uncertain,False,False,,,6512.0,,7.62,425.0,False,110,175,Q4,Q4
LRM,100094,train,contradiction,Uncertain,Uncertain,False,False,,,1961.0,,11.86,150.0,False,17,81,Q1,Q2
LRM,100095,train,contradiction,False,False,False,True,,,4165.0,,8.22,166.0,False,50,75,Q2,Q1
LRM,100102,train,contradiction,False,False,Uncertain,False,,,3860.0,,8.39,224.0,False,82,125,Q3,Q3
LRM,100105,train,contradiction,False,False,False,True,,,1291.0,,11.99,134.0,False,50,71,Q2,Q1
LRM,100106,train,contradiction,True,True,False,False,,,2385.0,,10.21,135.0,False,49,71,Q2,Q1
LRM,100109,train,contradiction,False,False,False,True,,,3964.0,,9.31,384.0,False,204,218,Q4,Q4
LRM,100110,train,contradiction,True,True,Uncertain,False,,,4537.0,,8.85,405.0,False,215,232,Q4,Q4
LRM,100111,train,contradiction,Uncertain,Uncertain,False,False,,,1505.0,,12.39,180.0,False,47,54,Q2,Q1
LRM,100114,train,contradiction,False,False,False,True,,,5765.0,,8.3,198.0,False,55,102,Q2,Q2
LRM,100118,train,contradiction,True,True,False,False,,,6157.0,,7.99,263.0,False,88,159,Q4,Q4
LRM,100124,train,contradiction,Uncertain,Uncertain,Uncertain,True,,,4062.0,,9.6,154.0,False,38,81,Q1,Q2
LRM,100127,train,contradiction,True,True,False,False,,,3620.0,,8.75,153.0,False,39,82,Q1,Q2
LRM,100130,train,contradiction,False,False,False,True,,,2387.0,,10.14,166.0,False,64,92,Q3,Q2
LRM,100133,train,contradiction,False,False,Uncertain,False,,,4277.0,,8.06,206.0,False,63,110,Q3,Q3
LRM,100134,train,contradiction,True,True,True,True,,,2843.0,,9.48,200.0,False,66,113,Q3,Q3
LRM,100135,train,contradiction,True,True,False,False,,,3183.0,,9.16,168.0,False,34,53,Q1,Q1
LRM,100136,train,contradiction,False,False,False,True,,,3379.0,,10.19,170.0,False,38,56,Q1,Q1
LRM,100137,train,contradiction,Uncertain,Uncertain,Uncertain,True,,,1104.0,,12.97,161.0,False,32,44,Q1,Q1
LRM,100150,train,contradiction,True,True,True,True,,,1408.0,,11.68,160.0,False,45,90,Q1,Q2
LRM,100151,train,contradiction,Uncertain,Uncertain,Uncertain,True,,,2604.0,,11.05,154.0,False,40,85,Q1,Q2
LRM,100152,train,contradiction,Uncertain,Uncertain,Uncertain,True,,,3250.0,,10.21,231.0,False,83,118,Q3,Q3
LRM,100158,train,contradiction,True,True,True,True,,,3794.0,,9.66,256.0,False,102,136,Q4,Q3
LRM,100159,train,contradiction,False,False,True,False,,,2767.0,,10.65,257.0,False,100,135,Q4,Q3
LRM,100161,train,contradiction,True,True,Uncertain,False,,,3700.0,,9.74,255.0,False,109,136,Q4,Q3
LRM,100163,train,contradiction,Uncertain,Uncertain,False,False,,,3995.0,,9.46,277.0,False,118,150,Q4,Q4
LRM,100165,train,contradiction,Uncertain,Uncertain,False,False,,,1708.0,,12.22,139.0,False,11,78,Q1,Q2
LRM,100166,train,contradiction,True,True,False,False,,,6593.0,,7.75,257.0,False,82,123,Q3,Q3
LRM,100173,train,contradiction,Uncertain,Uncertain,False,False,,,3240.0,,10.25,213.0,False,63,121,Q3,Q3
LRM,100178,train,contradiction,Uncertain,Uncertain,Uncertain,True,,,2592.0,,10.85,255.0,False,53,138,Q2,Q3
LRM,100180,train,contradiction,True,True,True,True,,,4452.0,,7.82,266.0,False,54,154,Q2,Q4
LRM,100181,train,contradiction,Uncertain,Uncertain,True,False,,,9966.0,,6.29,248.0,False,72,156,Q3,Q4
LRM,100182,train,contradiction,False,False,False,True,,,6956.0,,6.29,250.0,False,73,156,Q3,Q4
LRM,100183,train,contradiction,True,True,True,True,,,6207.0,,6.69,250.0,False,74,157,Q3,Q4
LRM,100194,train,contradiction,True,True,False,False,,,1069.0,,12.2,194.0,False,58,78,Q2,Q2
LRM,100196,train,contradiction,True,True,True,True,,,1820.0,,11.78,246.0,False,106,74,Q4,Q1
LRM,100197,train,contradiction,True,True,False,False,,,2820.0,,9.61,152.0,False,27,61,Q1,Q1
LRM,100199,train,contradiction,Uncertain,Uncertain,False,False,,,2772.0,,10.82,173.0,False,24,45,Q1,Q1
LRM,100201,train,contradiction,False,False,False,True,,,2009.0,,11.45,297.0,False,138,161,Q4,Q4
LRM,100203,train,contradiction,True,True,Uncertain,False,,,920.0,,12.54,163.0,False,54,76,Q2,Q2
LRM,100204,train,contradiction,Uncertain,Uncertain,False,False,,,1266.0,,12.76,164.0,False,54,78,Q2,Q2
LRM,100208,train,contradiction,True,True,Uncertain,False,,,4831.0,,8.73,338.0,False,150,168,Q4,Q4
LRM,100209,train,contradiction,Uncertain,Uncertain,Uncertain,True,,,4310.0,,9.29,218.0,False,63,136,Q3,Q3
LRM,100215,train,contradiction,False,False,False,True,,,4423.0,,7.78,309.0,False,124,231,Q4,Q4
LRM,100218,train,contradiction,True,True,False,False,,,5480.0,,8.4,258.0,False,110,132,Q4,Q3
LRM,100224,train,contradiction,False,False,Uncertain,False,,,5079.0,,7.51,157.0,False,40,74,Q1,Q1
LRM,100227,train,contradiction,False,False,Uncertain,False,,,2361.0,,11.15,237.0,False,72,134,Q3,Q3
LRM,100228,train,contradiction,False,False,False,True,,,3149.0,,10.35,205.0,False,88,100,Q4,Q2
LRM,100230,train,contradiction,Uncertain,Uncertain,Uncertain,True,,,3933.0,,9.65,183.0,False,57,89,Q2,Q2
LRM,100233,train,contradiction,False,False,False,True,,,4621.0,,7.84,166.0,False,47,92,Q2,Q2
LRM,100240,train,contradiction,True,True,Uncertain,False,,,3261.0,,10.18,233.0,False,90,128,Q4,Q3
LRM,100242,train,contradiction,Uncertain,Uncertain,True,False,,,1978.0,,11.78,159.0,False,33,74,Q1,Q1
LRM,100244,train,contradiction,Uncertain,Uncertain,Uncertain,True,,,2901.0,,10.69,160.0,False,34,69,Q1,Q1
LRM,100250,train,contradiction,Uncertain,Uncertain,False,False,,,974.0,,13.06,172.0,False,51,57,Q2,Q1
LRM,100252,train,contradiction,True,True,False,False,,,2927.0,,9.25,251.0,False,61,96,Q2,Q2
LRM,100254,train,contradiction,Uncertain,Uncertain,Uncertain,True,,,1560.0,,12.21,222.0,False,51,71,Q2,Q1
LRM,100255,train,contradiction,True,True,Uncertain,False,,,1253.0,,12.79,155.0,False,42,62,Q1,Q1
LRM,100257,train,contradiction,False,False,False,True,,,1685.0,,11.04,212.0,False,62,67,Q2,Q1
LRM,100260,train,contradiction,True,True,Uncertain,False,,,3552.0,,8.65,235.0,False,59,138,Q2,Q3
LRM,100267,train,contradiction,False,False,False,True,,,5827.0,,8.08,347.0,False,139,219,Q4,Q4
LRM,100268,train,contradiction,False,False,False,True,,,3456.0,,10.09,185.0,False,80,93,Q3,Q2
LRM,100270,train,contradiction,Uncertain,Uncertain,False,False,,,3583.0,,9.95,191.0,False,80,95,Q3,Q2
LRM,100271,train,contradiction,True,True,False,False,,,1899.0,,11.84,181.0,False,54,93,Q2,Q2
LRM,100273,train,contradiction,False,False,True,False,,,3518.0,,8.79,176.0,False,47,75,Q2,Q1
LRM,100278,train,contradiction,True,True,True,True,,,3205.0,,10.36,168.0,False,47,77,Q2,Q2
LRM,100283,train,contradiction,False,False,Uncertain,False,,,1691.0,,11.95,245.0,False,94,113,Q4,Q3
LRM,100285,train,contradiction,Uncertain,Uncertain,False,False,,,1769.0,,11.87,244.0,False,74,88,Q3,Q2
LRM,100288,train,contradiction,True,True,False,False,,,2340.0,,11.35,161.0,False,43,51,Q1,Q1
LRM,100290,train,contradiction,Uncertain,Uncertain,False,False,,,2355.0,,11.37,145.0,False,43,50,Q1,Q1
LRM,100291,train,contradiction,False,False,False,True,,,3182.0,,10.37,170.0,False,43,57,Q1,Q1
LRM,100293,train,contradiction,False,False,False,True,,,2088.0,,10.48,191.0,False,34,106,Q1,Q3
LRM,100302,train,contradiction,False,False,True,False,,,3226.0,,10.26,216.0,False,66,160,Q3,Q4
LRM,100306,train,contradiction,True,True,False,False,,,2922.0,,9.27,249.0,False,97,131,Q4,Q3
LRM,100307,train,contradiction,False,False,False,True,,,3216.0,,8.94,259.0,False,106,138,Q4,Q3
LRM,100308,train,contradiction,True,True,False,False,,,9629.0,,5.19,261.0,False,107,138,Q4,Q3
LRM,100309,train,contradiction,True,True,True,True,,,4441.0,,7.82,272.0,False,113,149,Q4,Q4
LRM,100311,train,contradiction,True,True,True,True,,,2946.0,,9.32,218.0,False,59,157,Q2,Q4
LRM,100312,train,contradiction,False,False,True,False,,,2183.0,,10.18,251.0,False,59,159,Q2,Q4
LRM,100315,train,contradiction,Uncertain,Uncertain,False,False,,,3249.0,,10.31,175.0,False,44,86,Q1,Q2
LRM,100316,train,contradiction,True,True,Uncertain,False,,,5447.0,,8.45,232.0,False,82,145,Q3,Q4
LRM,100317,train,contradiction,True,True,True,True,,,2063.0,,11.52,229.0,False,80,143,Q3,Q4
LRM,100321,train,contradiction,Uncertain,Uncertain,Uncertain,True,,,4961.0,,8.78,242.0,False,101,125,Q4,Q3
LRM,100323,train,contradiction,Uncertain,Uncertain,False,False,,,4691.0,,9.08,165.0,False,28,89,Q1,Q2
LRM,100329,train,contradiction,True,True,False,False,,,1466.0,,11.67,130.0,False,29,40,Q1,Q1
LRM,100334,train,contradiction,True,True,False,False,,,4170.0,,9.39,226.0,False,64,125,Q3,Q3
LRM,100336,train,contradiction,True,True,False,False,,,2955.0,,10.5,224.0,False,66,126,Q3,Q3
LRM,100338,train,contradiction,False,False,False,True,,,8233.0,,6.96,245.0,False,76,143,Q3,Q4
LRM,100339,train,contradiction,True,True,Uncertain,False,,,6998.0,,7.54,253.0,False,87,151,Q4,Q4
LRM,100340,train,contradiction,False,False,Uncertain,False,,,2212.0,,11.32,244.0,False,70,144,Q3,Q4
LRM,100341,train,contradiction,True,True,False,False,,,6882.0,,7.59,259.0,False,79,154,Q3,Q4
LRM,100343,train,contradiction,False,False,Uncertain,False,,,2092.0,,10.43,205.0,False,48,104,Q2,Q2
LRM,100351,train,contradiction,True,True,True,True,,,5564.0,,8.46,174.0,False,61,86,Q2,Q2
LRM,100353,train,contradiction,Uncertain,Uncertain,False,False,,,2078.0,,11.6,193.0,False,58,91,Q2,Q2
LRM,100357,train,contradiction,True,True,True,True,,,2961.0,,9.4,173.0,False,50,85,Q2,Q2
LRM,100358,train,contradiction,Uncertain,Uncertain,Uncertain,True,,,3826.0,,9.76,183.0,False,53,86,Q2,Q2
LRM,100359,train,contradiction,False,False,False,True,,,2473.0,,9.95,191.0,False,61,94,Q2,Q2
LRM,100362,train,contradiction,Uncertain,Uncertain,False,False,,,2591.0,,11.09,141.0,False,52,68,Q2,Q1
LRM,100366,train,contradiction,False,False,False,True,,,1714.0,,11.13,165.0,False,47,66,Q2,Q1
LRM,100372,train,contradiction,Uncertain,Uncertain,False,False,,,2565.0,,10.81,288.0,False,126,132,Q4,Q3
LRM,100373,train,contradiction,False,False,False,True,,,4518.0,,9.01,299.0,False,133,141,Q4,Q3
LRM,100378,train,contradiction,True,True,True,True,,,1757.0,,10.97,196.0,False,38,110,Q1,Q3
LRM,100388,train,contradiction,Uncertain,Uncertain,False,False,,,2612.0,,10.75,290.0,False,81,180,Q3,Q4
LRM,100391,train,contradiction,True,True,False,False,,,3263.0,,10.04,308.0,False,89,191,Q4,Q4
LRM,100393,train,contradiction,False,False,False,True,,,3919.0,,8.48,143.0,False,37,72,Q1,Q1
LRM,100394,train,contradiction,True,True,True,True,,,3352.0,,9.03,144.0,False,38,73,Q1,Q1
LRM,100405,train,contradiction,True,True,True,True,,,1962.0,,10.78,151.0,False,37,59,Q1,Q1
LRM,100408,train,contradiction,False,False,False,True,,,3715.0,,8.57,196.0,False,67,108,Q3,Q3
LRM,100409,train,contradiction,Uncertain,Uncertain,False,False,,,2224.0,,11.5,159.0,False,35,62,Q1,Q1
LRM,100412,train,contradiction,Uncertain,Uncertain,False,False,,,5516.0,,8.39,252.0,False,50,141,Q2,Q3
LRM,100415,train,contradiction,True,True,False,False,,,2827.0,,9.67,121.0,False,13,54,Q1,Q1
LRM,100416,train,contradiction,Uncertain,Uncertain,False,False,,,7373.0,,7.29,317.0,False,175,195,Q4,Q4
LRM,100418,train,contradiction,True,True,True,True,,,4339.0,,9.07,355.0,False,190,220,Q4,Q4
LRM,100421,train,contradiction,Uncertain,Uncertain,True,False,,,2639.0,,10.96,179.0,False,44,69,Q1,Q1
LRM,100422,train,contradiction,Uncertain,Uncertain,False,False,,,2996.0,,10.61,154.0,False,42,80,Q1,Q2
LRM,100424,train,contradiction,False,False,False,True,,,2911.0,,9.49,160.0,False,49,92,Q2,Q2
LRM,100430,train,contradiction,False,False,Uncertain,False,,,4602.0,,8.85,371.0,False,178,275,Q4,Q4
LRM,100433,train,contradiction,False,False,False,True,,,3573.0,,8.68,207.0,False,88,122,Q4,Q3
LRM,100435,train,contradiction,Uncertain,Uncertain,False,False,,,3800.0,,9.69,235.0,False,56,125,Q2,Q3
LRM,100437,train,contradiction,False,False,False,True,,,4107.0,,9.44,230.0,False,57,119,Q2,Q3
LRM,100440,train,contradiction,False,False,True,False,,,2772.0,,9.74,121.0,False,43,26,Q1,Q1
LRM,100441,train,contradiction,Uncertain,Uncertain,False,False,,,2533.0,,11.22,115.0,False,40,25,Q1,Q1
LRM,100444,train,contradiction,True,True,True,True,,,7143.0,,6.09,362.0,False,133,208,Q4,Q4
LRM,100446,train,contradiction,Uncertain,Uncertain,Uncertain,True,,,2028.0,,11.54,246.0,False,126,113,Q4,Q3
LRM,100448,train,contradiction,True,True,Uncertain,False,,,6914.0,,7.58,258.0,False,131,133,Q4,Q3
LRM,100466,train,contradiction,True,True,True,True,,,1115.0,,12.15,183.0,False,51,47,Q2,Q1
LRM,100467,train,contradiction,True,True,True,True,,,2835.0,,9.66,124.0,False,24,53,Q1,Q1
LRM,100468,train,contradiction,Uncertain,Uncertain,False,False,,,3621.0,,10.05,124.0,False,25,54,Q1,Q1
LRM,100469,train,contradiction,True,True,False,False,,,935.0,,12.43,198.0,False,57,71,Q2,Q1
LRM,100471,train,contradiction,False,False,False,True,,,2763.0,,10.74,217.0,False,55,78,Q2,Q2
LRM,100475,train,contradiction,False,False,Uncertain,False,,,4200.0,,9.41,202.0,False,58,111,Q2,Q3
LRM,100476,train,contradiction,True,True,True,True,,,4824.0,,8.89,230.0,False,72,129,Q3,Q3
LRM,100481,train,contradiction,False,False,False,True,,,2707.0,,9.64,200.0,False,60,124,Q2,Q3
LRM,100484,train,contradiction,False,False,False,True,,,2215.0,,10.43,143.0,False,30,66,Q1,Q1
LRM,100486,train,contradiction,Uncertain,Uncertain,False,False,,,3115.0,,10.51,142.0,False,30,66,Q1,Q1
LRM,100500,train,contradiction,True,True,False,False,,,5211.0,,8.57,267.0,False,84,153,Q3,Q4
LRM,100506,train,contradiction,True,True,Uncertain,False,,,982.0,,12.64,109.0,False,20,25,Q1,Q1
LRM,100517,train,contradiction,False,False,True,False,,,6214.0,,7.99,229.0,False,69,137,Q3,Q3
LRM,100518,train,contradiction,False,False,False,True,,,1039.0,,12.99,184.0,False,47,67,Q2,Q1
LRM,100519,train,contradiction,False,False,False,True,,,1347.0,,12.59,179.0,False,44,63,Q1,Q1
LRM,100521,train,contradiction,Uncertain,Uncertain,True,False,,,7049.0,,7.4,372.0,False,77,154,Q3,Q4
LRM,100523,train,contradiction,True,True,True,True,,,5086.0,,8.57,329.0,False,77,164,Q3,Q4
LRM,100530,train,contradiction,Uncertain,Uncertain,False,False,,,677.0,,13.4,180.0,False,37,33,Q1,Q1
LRM,100532,train,contradiction,False,False,False,True,,,3694.0,,8.6,192.0,False,38,75,Q1,Q1
LRM,100535,train,contradiction,True,True,True,True,,,1815.0,,10.59,292.0,False,65,145,Q3,Q4
LRM,100541,train,contradiction,Uncertain,Uncertain,Uncertain,True,,,2252.0,,11.5,144.0,False,22,59,Q1,Q1
LRM,100543,train,contradiction,Uncertain,Uncertain,False,False,,,2516.0,,10.94,245.0,False,84,132,Q3,Q3
LRM,100549,train,contradiction,True,True,True,True,,,7919.0,,7.11,244.0,False,73,147,Q3,Q4
LRM,100550,train,contradiction,Uncertain,Uncertain,False,False,,,3052.0,,10.57,134.0,False,32,53,Q1,Q1
LRM,100551,train,contradiction,True,True,False,False,,,1659.0,,12.28,142.0,False,36,58,Q1,Q1
LRM,100556,train,contradiction,True,True,True,True,,,5629.0,,7.05,232.0,False,124,120,Q4,Q3
LRM,100558,train,contradiction,True,True,True,True,,,2380.0,,10.03,200.0,False,50,100,Q2,Q2
LRM,100561,train,contradiction,Uncertain,Uncertain,False,False,,,6972.0,,7.54,259.0,False,79,158,Q3,Q4
LRM,100564,train,contradiction,Uncertain,Uncertain,Uncertain,True,,,4582.0,,9.08,216.0,False,46,131,Q1,Q3
LRM,100565,train,contradiction,True,True,True,True,,,2838.0,,10.67,203.0,False,46,127,Q1,Q3
LRM,100566,train,contradiction,True,True,True,True,,,4636.0,,9.02,232.0,False,44,126,Q1,Q3
LRM,100570,train,contradiction,False,False,False,True,,,2687.0,,10.65,299.0,False,73,174,Q3,Q4
LRM,100572,train,contradiction,Uncertain,Uncertain,False,False,,,3225.0,,10.33,163.0,False,36,91,Q1,Q2
LRM,100573,train,contradiction,Uncertain,Uncertain,False,False,,,4739.0,,9.03,164.0,False,38,92,Q1,Q2
LRM,100574,train,contradiction,False,False,False,True,,,2801.0,,9.58,171.0,False,39,96,Q1,Q2
LRM,100576,train,contradiction,Uncertain,Uncertain,False,False,,,4528.0,,9.1,232.0,False,73,104,Q3,Q2
LRM,100578,train,contradiction,True,True,True,True,,,1836.0,,10.75,222.0,False,77,102,Q3,Q2
LRM,100582,train,contradiction,False,False,False,True,,,4655.0,,7.64,281.0,False,111,196,Q4,Q4
LRM,100583,train,contradiction,False,False,Uncertain,False,,,5410.0,,8.41,279.0,False,109,192,Q4,Q4
LRM,100589,train,contradiction,True,True,Uncertain,False,,,6374.0,,7.94,187.0,False,55,95,Q2,Q2
LRM,100590,train,contradiction,Uncertain,Uncertain,True,False,,,5609.0,,8.12,423.0,False,147,239,Q4,Q4
LRM,100592,train,contradiction,True,True,False,False,,,5398.0,,8.3,373.0,False,139,218,Q4,Q4
LRM,100593,train,contradiction,True,True,Uncertain,False,,,3124.0,,9.02,265.0,False,107,144,Q4,Q4
LRM,100594,train,contradiction,Uncertain,Uncertain,False,False,,,2384.0,,11.08,260.0,False,108,149,Q4,Q4
LRM,100596,train,contradiction,True,True,False,False,,,2215.0,,10.41,152.0,False,53,62,Q2,Q1
LRM,100608,train,contradiction,False,False,False,True,,,7289.0,,6.21,160.0,False,35,83,Q1,Q2
LRM,100610,train,contradiction,False,False,False,True,,,2514.0,,10.47,479.0,False,164,364,Q4,Q4
LRM,100619,train,contradiction,Uncertain,Uncertain,True,False,,,2177.0,,11.43,211.0,False,93,118,Q4,Q3
LRM,100620,train,contradiction,True,True,Uncertain,False,,,2402.0,,11.26,160.0,False,39,41,Q1,Q1
LRM,100621,train,contradiction,Uncertain,Uncertain,Uncertain,True,,,1411.0,,12.58,156.0,False,37,38,Q1,Q1
LRM,100625,train,contradiction,False,False,Uncertain,False,,,3342.0,,10.28,144.0,False,53,74,Q2,Q1
LRM,100626,train,contradiction,False,False,False,True,,,1617.0,,12.12,228.0,False,65,125,Q3,Q3
LRM,100630,train,contradiction,False,False,False,True,,,5686.0,,8.31,231.0,False,100,144,Q4,Q4
LRM,100634,train,contradiction,Uncertain,Uncertain,False,False,,,4528.0,,9.17,190.0,False,87,112,Q4,Q3
LRM,100635,train,contradiction,True,True,Uncertain,False,,,3968.0,,9.59,207.0,False,94,123,Q4,Q3
LRM,100636,train,contradiction,False,False,False,True,,,5374.0,,8.55,200.0,False,90,121,Q4,Q3
LRM,100644,train,contradiction,Uncertain,Uncertain,Uncertain,True,,,3760.0,,9.82,178.0,False,45,99,Q1,Q2
LRM,100648,train,contradiction,True,True,True,True,,,2641.0,,9.75,186.0,False,69,96,Q3,Q2
LRM,100649,train,contradiction,False,False,True,False,,,4056.0,,8.29,181.0,False,72,95,Q3,Q2
LRM,100652,train,contradiction,True,True,True,True,,,2201.0,,10.29,203.0,False,45,90,Q1,Q2
LRM,100656,train,contradiction,False,False,Uncertain,False,,,3762.0,,8.56,177.0,False,54,66,Q2,Q1
LRM,100660,train,contradiction,True,True,True,True,,,3718.0,,8.59,184.0,False,62,71,Q2,Q1
LRM,100669,train,contradiction,True,True,True,True,,,2032.0,,10.57,188.0,False,38,87,Q1,Q2
LRM,100670,train,contradiction,Uncertain,Uncertain,True,False,,,7534.0,,7.32,206.0,False,37,87,Q1,Q2
LRM,100671,train,contradiction,Uncertain,Uncertain,True,False,,,1379.0,,12.56,182.0,False,37,76,Q1,Q2
LRM,100673,train,contradiction,True,True,True,True,,,2515.0,,10.76,339.0,False,77,158,Q3,Q4
LRM,100674,train,contradiction,Uncertain,Uncertain,True,False,,,3729.0,,9.58,338.0,False,78,179,Q3,Q4
LRM,100675,train,contradiction,True,True,True,True,,,3005.0,,9.43,138.0,False,24,61,Q1,Q1
LRM,100679,train,contradiction,False,False,False,True,,,1555.0,,12.3,192.0,False,74,124,Q3,Q3
LRM,100680,train,contradiction,False,False,True,False,,,1461.0,,12.44,186.0,False,72,112,Q3,Q3
LRM,100682,train,contradiction,False,False,False,True,,,2192.0,,10.21,236.0,False,54,132,Q2,Q3
LRM,100683,train,contradiction,True,True,True,True,,,1669.0,,11.92,283.0,False,57,134,Q2,Q3
LRM,100685,train,contradiction,False,False,False,True,,,2014.0,,10.44,241.0,False,59,96,Q2,Q2
LRM,100686,train,contradiction,Uncertain,Uncertain,Uncertain,True,,,2039.0,,11.55,236.0,False,58,109,Q2,Q3
LRM,100687,train,contradiction,True,True,False,False,,,1315.0,,11.67,216.0,False,80,71,Q3,Q1
LRM,100688,train,contradiction,Uncertain,Uncertain,True,False,,,1419.0,,12.46,197.0,False,80,71,Q3,Q1
LRM,100691,train,contradiction,False,False,False,True,,,4809.0,,7.73,147.0,False,38,61,Q1,Q1
LRM,100693,train,contradiction,Uncertain,Uncertain,Uncertain,True,,,6247.0,,8.01,195.0,False,68,95,Q3,Q2
LRM,100695,train,contradiction,True,True,False,False,,,6206.0,,8.02,214.0,False,84,109,Q3,Q3
LRM,100698,train,contradiction,True,True,True,True,,,6100.0,,8.08,209.0,False,70,118,Q3,Q3
LRM,100703,train,contradiction,False,False,False,True,,,6187.0,,8.03,214.0,False,100,113,Q4,Q3
LRM,100707,train,contradiction,True,True,False,False,,,3115.0,,9.04,262.0,False,83,128,Q3,Q3
LRM,100713,train,contradiction,False,False,True,False,,,4253.0,,9.18,319.0,False,140,161,Q4,Q4
LRM,100718,train,contradiction,Uncertain,Uncertain,Uncertain,True,,,2243.0,,11.25,256.0,False,57,116,Q2,Q3
LRM,100720,train,contradiction,False,False,Uncertain,False,,,2640.0,,9.59,254.0,False,57,117,Q2,Q3
LRM,100722,train,contradiction,Uncertain,Uncertain,False,False,,,2120.0,,11.59,173.0,False,50,106,Q2,Q3
LRM,100725,train,contradiction,True,True,Uncertain,False,,,2903.0,,9.41,198.0,False,58,77,Q2,Q2
LRM,100730,train,contradiction,True,True,Uncertain,False,,,5575.0,,8.37,237.0,False,102,137,Q4,Q3
LRM,100733,train,contradiction,False,False,False,True,,,5671.0,,8.3,245.0,False,107,147,Q4,Q4
LRM,100734,train,contradiction,False,False,False,True,,,4545.0,,9.09,231.0,False,108,144,Q4,Q4
LRM,100736,train,contradiction,False,False,False,True,,,4659.0,,9.0,238.0,False,126,156,Q4,Q4
LRM,100737,train,contradiction,True,True,True,True,,,4793.0,,8.89,243.0,False,107,142,Q4,Q3
LRM,100752,train,contradiction,True,True,True,True,,,5681.0,,8.29,248.0,False,56,155,Q2,Q4
LRM,100754,train,contradiction,True,True,Uncertain,False,,,1515.0,,11.52,150.0,False,53,49,Q2,Q1
LRM,100759,train,contradiction,True,True,Uncertain,False,,,3087.0,,10.2,319.0,False,92,154,Q4,Q4
LRM,100760,train,contradiction,Uncertain,Uncertain,True,False,,,1680.0,,11.83,313.0,False,93,154,Q4,Q4
LRM,100765,train,contradiction,Uncertain,Uncertain,False,False,,,2536.0,,10.9,260.0,False,79,157,Q3,Q4
LRM,100767,train,contradiction,True,True,False,False,,,6003.0,,8.07,274.0,False,99,180,Q4,Q4
LRM,100769,train,contradiction,Uncertain,Uncertain,Uncertain,True,,,3389.0,,10.12,204.0,False,82,104,Q3,Q2
LRM,100789,train,contradiction,True,True,True,True,,,2577.0,,11.04,174.0,False,66,82,Q3,Q2
LRM,100790,train,contradiction,Uncertain,Uncertain,Uncertain,True,,,2778.0,,10.83,164.0,False,60,77,Q2,Q2
LRM,100791,train,contradiction,Uncertain,Uncertain,False,False,,,4657.0,,9.18,113.0,False,27,42,Q1,Q1
LRM,100792,train,contradiction,Uncertain,Uncertain,Uncertain,True,,,5399.0,,8.58,164.0,False,58,73,Q2,Q1
LRM,100793,train,contradiction,False,False,True,False,,,2061.0,,10.61,159.0,False,57,73,Q2,Q1
LRM,100798,train,contradiction,True,True,Uncertain,False,,,1625.0,,11.19,193.0,False,49,95,Q2,Q2
LRM,100801,train,contradiction,Uncertain,Uncertain,Uncertain,True,,,2588.0,,11.0,185.0,False,59,81,Q2,Q2
LRM,100804,train,contradiction,Uncertain,Uncertain,Uncertain,True,,,4135.0,,9.55,148.0,False,14,76,Q1,Q2
LRM,100806,train,contradiction,False,False,False,True,,,2616.0,,9.56,278.0,False,96,183,Q4,Q4
LRM,100809,train,contradiction,True,True,True,True,,,2036.0,,10.56,189.0,False,41,117,Q1,Q3
LRM,100814,train,contradiction,True,True,True,True,,,2237.0,,11.31,231.0,False,67,91,Q3,Q2
LRM,100815,train,contradiction,Uncertain,Uncertain,False,False,,,2408.0,,11.12,228.0,False,69,94,Q3,Q2
LRM,100816,train,contradiction,False,False,False,True,,,1326.0,,11.55,242.0,False,64,69,Q3,Q1
LRM,100819,train,contradiction,False,False,True,False,,,10211.0,,6.16,315.0,False,101,167,Q4,Q4
LRM,100821,train,contradiction,False,False,False,True,,,1566.0,,12.28,190.0,False,62,84,Q2,Q2
LRM,100826,train,contradiction,Uncertain,Uncertain,False,False,,,5746.0,,8.23,267.0,False,84,136,Q3,Q3
LRM,100830,train,contradiction,False,False,False,True,,,5866.0,,8.16,263.0,False,90,141,Q4,Q3
LRM,100831,train,contradiction,True,True,True,True,,,3977.0,,9.45,290.0,False,99,153,Q4,Q4
LRM,100836,train,contradiction,False,False,False,True,,,1780.0,,10.97,184.0,False,55,100,Q2,Q2
LRM,100841,train,contradiction,Uncertain,Uncertain,Uncertain,True,,,3611.0,,9.82,253.0,False,64,177,Q3,Q4
LRM,100846,train,contradiction,True,True,False,False,,,2202.0,,10.45,143.0,False,39,72,Q1,Q1
LRM,100849,train,contradiction,False,False,False,True,,,2586.0,,10.93,221.0,False,52,160,Q2,Q4
LRM,100851,train,contradiction,Uncertain,Uncertain,False,False,,,4035.0,,9.56,188.0,False,57,109,Q2,Q3
LRM,100853,train,contradiction,Uncertain,Uncertain,False,False,,,3104.0,,10.43,190.0,False,58,109,Q2,Q3
LRM,100854,train,contradiction,Uncertain,Uncertain,True,False,,,2923.0,,10.69,158.0,False,46,65,Q1,Q1
LRM,100863,train,contradiction,False,False,True,False,,,4046.0,,9.41,278.0,False,78,156,Q3,Q4
LRM,100864,train,contradiction,True,True,False,False,,,6701.0,,7.67,279.0,False,79,157,Q3,Q4
LRM,100866,train,contradiction,True,True,True,True,,,2634.0,,9.75,185.0,False,53,77,Q2,Q2
LRM,100869,train,contradiction,False,False,True,False,,,2267.0,,11.35,194.0,False,58,81,Q2,Q2
LRM,100873,train,contradiction,False,False,False,True,,,6613.0,,6.49,230.0,False,72,99,Q3,Q2
LRM,100874,train,contradiction,False,False,False,True,,,5252.0,,7.33,207.0,False,66,87,Q3,Q2
LRM,100875,train,contradiction,True,True,True,True,,,973.0,,12.2,236.0,False,70,108,Q3,Q3
LRM,100891,train,contradiction,True,True,True,True,,,2956.0,,10.21,373.0,False,104,252,Q4,Q4
LRM,100892,train,contradiction,False,False,False,True,,,2594.0,,10.62,362.0,False,106,255,Q4,Q4
LRM,100900,train,contradiction,Uncertain,Uncertain,False,False,,,2803.0,,10.89,111.0,False,13,40,Q1,Q1
LRM,100902,train,contradiction,True,True,True,True,,,3083.0,,9.33,140.0,False,36,70,Q1,Q1
LRM,100907,train,contradiction,True,True,True,True,,,6624.0,,7.8,193.0,False,75,116,Q3,Q3
LRM,100911,train,contradiction,False,False,True,False,,,3659.0,,9.81,229.0,False,111,96,Q4,Q2
LRM,100912,train,contradiction,True,True,Uncertain,False,,,2544.0,,10.98,209.0,False,112,99,Q4,Q2
LRM,100913,train,contradiction,Uncertain,Uncertain,False,False,,,7952.0,,7.13,200.0,False,110,89,Q4,Q2
LRM,100914,train,contradiction,True,True,Uncertain,False,,,4511.0,,9.12,219.0,False,120,106,Q4,Q3
LRM,100918,train,contradiction,True,True,False,False,,,3273.0,,10.17,240.0,False,138,123,Q4,Q3
LRM,100925,train,contradiction,Uncertain,Uncertain,True,False,,,4482.0,,9.07,275.0,False,55,158,Q2,Q4
LRM,100927,train,contradiction,False,False,Uncertain,False,,,2588.0,,9.7,234.0,False,97,146,Q4,Q4
LRM,100932,train,contradiction,False,False,False,True,,,1658.0,,10.92,252.0,False,66,107,Q3,Q3
LRM,100934,train,contradiction,Uncertain,Uncertain,False,False,,,7606.0,,7.31,177.0,False,42,90,Q1,Q2
LRM,100949,train,contradiction,Uncertain,Uncertain,False,False,,,2096.0,,11.67,158.0,False,58,63,Q2,Q1
LRM,100950,train,contradiction,True,True,False,False,,,2022.0,,10.66,161.0,False,60,66,Q2,Q1
LRM,100951,train,contradiction,False,False,True,False,,,1670.0,,11.34,123.0,False,16,22,Q1,Q1
LRM,100955,train,contradiction,Uncertain,Uncertain,False,False,,,3241.0,,10.36,158.0,False,44,75,Q1,Q1
LRM,100957,train,contradiction,True,True,True,True,,,4566.0,,7.9,160.0,False,43,76,Q1,Q2
LRM,100958,train,contradiction,False,False,False,True,,,4723.0,,7.76,166.0,False,45,82,Q1,Q2
LRM,100959,train,contradiction,False,False,Uncertain,False,,,3374.0,,8.97,164.0,False,45,80,Q1,Q2
LRM,100964,train,contradiction,Uncertain,Uncertain,True,False,,,1100.0,,12.94,171.0,False,43,58,Q1,Q1
LRM,100966,train,contradiction,Uncertain,Uncertain,False,False,,,951.0,,13.0,203.0,False,59,63,Q2,Q1
LRM,100967,train,contradiction,Uncertain,Uncertain,Uncertain,True,,,1223.0,,12.69,205.0,False,62,63,Q2,Q1
LRM,100970,train,contradiction,True,True,True,True,,,2438.0,,9.99,194.0,False,80,95,Q3,Q2
LRM,100973,train,contradiction,Uncertain,Uncertain,True,False,,,4391.0,,9.11,296.0,False,114,186,Q4,Q4
LRM,100978,train,contradiction,True,True,True,True,,,1007.0,,12.43,157.0,False,54,49,Q2,Q1
LRM,100980,train,contradiction,False,False,False,True,,,2571.0,,9.88,165.0,False,58,50,Q2,Q1
LRM,100982,train,contradiction,True,True,True,True,,,2458.0,,9.79,265.0,False,72,168,Q3,Q4
LRM,100984,train,contradiction,True,True,True,True,,,1709.0,,10.97,222.0,False,65,112,Q3,Q3
LRM,100986,train,contradiction,True,True,Uncertain,False,,,3609.0,,9.91,208.0,False,70,112,Q3,Q3
LRM,100993,train,contradiction,Uncertain,Uncertain,False,False,,,1882.0,,11.94,158.0,False,41,84,Q1,Q2
LRM,100994,train,contradiction,False,False,False,True,,,3042.0,,9.33,164.0,False,47,91,Q2,Q2
LRM,100999,train,contradiction,False,False,False,True,,,1901.0,,10.8,178.0,False,52,99,Q2,Q2
LRM,16,validation,contradiction,Uncertain,Uncertain,False,False,,,1494.0,,12.33,209.0,False,68,106,Q3,Q3
LRM,26,validation,contradiction,Uncertain,Uncertain,False,False,,,1648.0,,12.09,219.0,False,72,91,Q3,Q2
LRM,27,validation,contradiction,Uncertain,Uncertain,False,False,,,4726.0,,9.01,184.0,False,59,98,Q2,Q2
LRM,28,validation,contradiction,True,True,False,False,,,5406.0,,7.25,190.0,False,63,107,Q2,Q3
LRM,57,validation,contradiction,False,False,False,True,,,2591.0,,10.74,304.0,False,83,203,Q3,Q4
LRM,75,validation,contradiction,Uncertain,Uncertain,False,False,,,6539.0,,7.69,332.0,False,162,181,Q4,Q4
LRM,85,validation,contradiction,Uncertain,Uncertain,False,False,,,7431.0,,7.32,249.0,False,81,130,Q3,Q3
LRM,122,validation,contradiction,False,False,False,True,,,3573.0,,9.84,254.0,False,62,167,Q2,Q4
LRM,135,validation,contradiction,Uncertain,Uncertain,False,False,,,2895.0,,10.75,132.0,False,22,57,Q1,Q1
LRM,141,validation,contradiction,True,True,Uncertain,False,,,6352.0,,7.85,277.0,False,132,171,Q4,Q4
LRM,142,validation,contradiction,True,True,True,True,,,6181.0,,7.96,262.0,False,49,185,Q2,Q4
LRM,152,validation,contradiction,Uncertain,Uncertain,True,False,,,9666.0,,6.4,230.0,False,46,162,Q1,Q4
LRM,196,validation,contradiction,False,False,Uncertain,False,,,6830.0,,6.27,322.0,False,59,249,Q2,Q4
LRM,100249,train,contradiction,Uncertain,Uncertain,False,False,,,1203.0,,12.71,179.0,False,52,59,Q2,Q1
LRM,100429,train,contradiction,Uncertain,Uncertain,False,False,,,10359.0,,6.05,399.0,False,176,277,Q4,Q4
LRM,100452,train,contradiction,True,True,True,True,,,3355.0,,8.18,591.0,False,105,433,Q4,Q4
LRM,100527,train,contradiction,Uncertain,Uncertain,Uncertain,True,,,991.0,,13.22,96.0,False,17,26,Q1,Q1
LRM,100567,train,contradiction,Uncertain,Uncertain,False,False,,,1446.0,,12.49,158.0,False,38,42,Q1,Q1
LRM,100597,train,contradiction,False,False,False,True,,,2631.0,,9.8,164.0,False,56,74,Q2,Q1
LRM,0,validation,negation,Uncertain,Uncertain,Uncertain,True,,,3248.0,,10.14,304.0,False,149,211,Q4,Q4
LRM,1,validation,negation,True,False,True,False,,,8819.0,,6.64,361.0,False,205,259,Q4,Q4
LRM,2,validation,negation,False,True,False,False,,,6595.0,,7.66,358.0,False,189,252,Q4,Q4
LRM,3,validation,negation,Uncertain,Uncertain,False,False,,,6382.0,,7.93,209.0,False,90,163,Q4,Q4
LRM,4,validation,negation,Uncertain,Uncertain,False,False,,,6462.0,,7.88,210.0,False,92,164,Q4,Q4
LRM,5,validation,negation,True,False,Uncertain,False,,,4073.0,,8.24,213.0,False,137,169,Q4,Q4
LRM,6,validation,negation,True,False,False,True,,,2417.0,,10.07,192.0,False,46,120,Q1,Q3
LRM,7,validation,negation,Uncertain,Uncertain,False,False,,,2427.0,,11.19,199.0,False,47,128,Q2,Q3
LRM,8,validation,negation,Uncertain,Uncertain,False,False,,,1743.0,,12.17,206.0,False,47,127,Q2,Q3
LRM,9,validation,negation,True,False,False,True,,,1419.0,,11.72,179.0,False,71,81,Q3,Q2
LRM,10,validation,negation,False,True,False,False,,,4408.0,,8.05,177.0,False,71,81,Q3,Q2
LRM,11,validation,negation,Uncertain,Uncertain,True,False,,,2363.0,,11.31,177.0,False,70,81,Q3,Q2
LRM,12,validation,negation,True,False,False,True,,,2378.0,,10.2,174.0,False,62,109,Q2,Q3
LRM,13,validation,negation,Uncertain,Uncertain,False,False,,,5355.0,,8.59,186.0,False,62,125,Q2,Q3
LRM,14,validation,negation,False,True,True,True,,,1401.0,,11.84,175.0,False,63,110,Q2,Q3
LRM,15,validation,negation,True,False,False,True,,,1389.0,,12.0,94.0,False,13,39,Q1,Q1
LRM,17,validation,negation,Uncertain,Uncertain,False,False,,,1461.0,,12.58,185.0,False,69,107,Q3,Q3
LRM,18,validation,negation,True,False,True,False,,,2171.0,,10.4,191.0,False,70,111,Q3,Q3
LRM,19,validation,negation,True,False,False,True,,,5407.0,,7.23,208.0,False,81,124,Q3,Q3
LRM,20,validation,negation,False,True,True,True,,,2988.0,,9.32,206.0,False,76,121,Q3,Q3
LRM,21,validation,negation,True,False,False,True,,,1712.0,,11.2,171.0,False,60,100,Q2,Q2
LRM,22,validation,negation,False,True,True,True,,,3299.0,,9.05,165.0,False,57,96,Q2,Q2
LRM,23,validation,negation,Uncertain,Uncertain,False,False,,,2261.0,,11.45,171.0,False,60,100,Q2,Q2
LRM,24,validation,negation,True,False,False,True,,,1001.0,,12.41,223.0,False,76,100,Q3,Q2
LRM,25,validation,negation,Uncertain,Uncertain,True,False,,,954.0,,13.24,210.0,False,71,93,Q3,Q2
LRM,29,validation,negation,False,True,True,True,,,3694.0,,8.64,179.0,False,66,106,Q3,Q3
LRM,30,validation,negation,Uncertain,Uncertain,False,False,,,3741.0,,9.72,275.0,False,99,210,Q4,Q4
LRM,31,validation,negation,True,False,False,True,,,8636.0,,5.55,271.0,False,99,207,Q4,Q4
LRM,32,validation,negation,False,True,True,True,,,5371.0,,7.18,272.0,False,101,208,Q4,Q4
LRM,33,validation,negation,True,False,False,True,,,2794.0,,9.72,140.0,False,37,51,Q1,Q1
LRM,34,validation,negation,Uncertain,Uncertain,False,False,,,1385.0,,12.85,130.0,False,36,42,Q1,Q1
LRM,35,validation,negation,False,True,True,True,,,1357.0,,11.96,148.0,False,44,61,Q1,Q1
LRM,36,validation,negation,True,False,False,True,,,1632.0,,12.32,156.0,False,43,78,Q1,Q1
LRM,37,validation,negation,True,False,False,True,,,1738.0,,11.12,173.0,False,44,96,Q1,Q2
LRM,38,validation,negation,False,True,True,True,,,1337.0,,12.75,158.0,False,44,79,Q1,Q2
LRM,39,validation,negation,Uncertain,Uncertain,False,False,,,4028.0,,9.51,254.0,False,86,184,Q3,Q4
LRM,40,validation,negation,True,False,True,False,,,8598.0,,6.82,259.0,False,86,189,Q3,Q4
LRM,41,validation,negation,False,True,False,False,,,7820.0,,7.15,260.0,False,87,191,Q4,Q4
LRM,42,validation,negation,True,False,False,True,,,3297.0,,10.04,351.0,False,121,204,Q4,Q4
LRM,43,validation,negation,Uncertain,Uncertain,False,False,,,3164.0,,10.11,363.0,False,119,212,Q4,Q4
LRM,44,validation,negation,False,True,False,False,,,5676.0,,8.17,380.0,False,138,223,Q4,Q4
LRM,45,validation,negation,Uncertain,Uncertain,False,False,,,4395.0,,9.44,96.0,False,12,41,Q1,Q1
LRM,46,validation,negation,True,False,False,True,,,1834.0,,10.85,246.0,False,52,190,Q2,Q4
LRM,47,validation,negation,Uncertain,Uncertain,Uncertain,True,,,3401.0,,10.07,246.0,False,52,190,Q2,Q4
LRM,48,validation,negation,Uncertain,Uncertain,Uncertain,True,,,3602.0,,10.08,134.0,False,44,64,Q1,Q1
LRM,49,validation,negation,False,True,True,True,,,4770.0,,7.8,133.0,False,45,64,Q1,Q1
LRM,50,validation,negation,True,False,False,True,,,2536.0,,10.05,134.0,False,46,65,Q1,Q1
LRM,51,validation,negation,False,True,True,True,,,2615.0,,11.04,167.0,False,47,102,Q2,Q2
LRM,52,validation,negation,Uncertain,Uncertain,False,False,,,6668.0,,7.81,167.0,False,47,102,Q2,Q2
LRM,53,validation,negation,True,False,False,True,,,2871.0,,9.6,167.0,False,47,102,Q2,Q2
LRM,54,validation,negation,True,False,False,True,,,3197.0,,9.26,125.0,False,32,47,Q1,Q1
LRM,55,validation,negation,False,True,True,True,,,1933.0,,10.97,131.0,False,32,49,Q1,Q1
LRM,56,validation,negation,Uncertain,Uncertain,False,False,,,2207.0,,11.68,125.0,False,31,47,Q1,Q1
LRM,58,validation,negation,Uncertain,Uncertain,Uncertain,True,,,4737.0,,8.87,301.0,False,83,213,Q3,Q4
LRM,59,validation,negation,True,False,False,True,,,2289.0,,10.0,287.0,False,82,197,Q3,Q4
LRM,60,validation,negation,Uncertain,Uncertain,False,False,,,3749.0,,9.89,161.0,False,63,87,Q2,Q2
LRM,61,validation,negation,Uncertain,Uncertain,False,False,,,3794.0,,9.85,161.0,False,63,87,Q2,Q2
LRM,62,validation,negation,Uncertain,Uncertain,False,False,,,1999.0,,11.9,126.0,False,29,61,Q1,Q1
LRM,63,validation,negation,False,True,False,False,,,5373.0,,7.35,135.0,False,33,66,Q1,Q1
LRM,64,validation,negation,True,False,False,True,,,3863.0,,8.55,136.0,False,38,67,Q1,Q1
LRM,65,validation,negation,True,False,False,True,,,1998.0,,10.56,240.0,False,76,125,Q3,Q3
LRM,66,validation,negation,Uncertain,Uncertain,False,False,,,1738.0,,12.62,235.0,False,77,116,Q3,Q3
LRM,67,validation,negation,True,False,Uncertain,False,,,2819.0,,10.7,236.0,False,74,121,Q3,Q3
LRM,68,validation,negation,True,False,Uncertain,False,,,3331.0,,8.97,185.0,False,54,81,Q2,Q2
LRM,69,validation,negation,False,True,True,True,,,2369.0,,10.1,200.0,False,53,95,Q2,Q2
LRM,70,validation,negation,Uncertain,Uncertain,False,False,,,2167.0,,11.68,150.0,False,56,71,Q2,Q1
LRM,71,validation,negation,False,True,False,False,,,1846.0,,12.11,152.0,False,60,72,Q2,Q1
LRM,72,validation,negation,True,False,False,True,,,4164.0,,9.49,192.0,False,78,94,Q3,Q2
LRM,73,validation,negation,True,False,False,True,,,1811.0,,10.97,178.0,False,64,103,Q3,Q2
LRM,74,validation,negation,False,True,False,False,,,1858.0,,12.01,181.0,False,62,103,Q2,Q2
LRM,76,validation,negation,True,False,False,True,,,6924.0,,6.24,329.0,False,180,202,Q4,Q4
LRM,77,validation,negation,False,True,False,False,,,4092.0,,9.3,329.0,False,186,201,Q4,Q4
LRM,78,validation,negation,False,True,True,True,,,3836.0,,8.52,175.0,False,43,86,Q1,Q2
LRM,79,validation,negation,True,False,False,True,,,3342.0,,8.99,177.0,False,44,89,Q1,Q2
LRM,80,validation,negation,Uncertain,Uncertain,False,False,,,7131.0,,7.57,165.0,False,41,79,Q1,Q2
LRM,81,validation,negation,True,False,True,False,,,5436.0,,7.24,188.0,False,47,95,Q2,Q2
LRM,82,validation,negation,False,True,True,True,,,6833.0,,6.42,185.0,False,45,91,Q1,Q2
LRM,83,validation,negation,False,True,True,True,,,9613.0,,6.41,267.0,False,100,159,Q4,Q3
LRM,84,validation,negation,True,False,False,True,,,6296.0,,6.65,242.0,False,87,148,Q4,Q3
LRM,86,validation,negation,True,False,False,True,,,3009.0,,10.44,244.0,False,94,146,Q4,Q3
LRM,87,validation,negation,True,False,False,True,,,2668.0,,9.84,128.0,False,33,66,Q1,Q1
LRM,88,validation,negation,True,False,False,True,,,1718.0,,11.26,126.0,False,35,64,Q1,Q1
LRM,89,validation,negation,Uncertain,Uncertain,False,False,,,3496.0,,10.16,133.0,False,36,73,Q1,Q1
LRM,90,validation,negation,True,False,False,True,,,1270.0,,12.9,125.0,False,62,52,Q2,Q1
LRM,91,validation,negation,False,True,True,True,,,1399.0,,12.83,125.0,False,62,52,Q2,Q1
LRM,92,validation,negation,False,True,False,False,,,5250.0,,8.53,287.0,False,116,190,Q4,Q4
LRM,93,validation,negation,Uncertain,Uncertain,False,False,,,7183.0,,7.41,290.0,False,121,192,Q4,Q4
LRM,94,validation,negation,True,False,False,True,,,2025.0,,11.47,306.0,False,119,208,Q4,Q4
LRM,95,validation,negation,Uncertain,Uncertain,False,False,,,2444.0,,11.3,157.0,False,54,79,Q2,Q2
LRM,96,validation,negation,False,True,True,True,,,4404.0,,8.02,167.0,False,59,84,Q2,Q2
LRM,97,validation,negation,True,False,True,False,,,4326.0,,8.07,178.0,False,67,89,Q3,Q2
LRM,98,validation,negation,Uncertain,Uncertain,False,False,,,4044.0,,9.62,168.0,False,41,101,Q1,Q2
LRM,99,validation,negation,True,False,False,True,,,2991.0,,10.62,175.0,False,44,106,Q1,Q3
LRM,100,validation,negation,False,True,Uncertain,False,,,4926.0,,8.88,193.0,False,69,123,Q3,Q3
LRM,101,validation,negation,Uncertain,Uncertain,False,False,,,6025.0,,8.16,199.0,False,129,128,Q4,Q3
LRM,102,validation,negation,False,True,Uncertain,False,,,4192.0,,8.16,199.0,False,122,126,Q4,Q3
LRM,103,validation,negation,True,False,True,False,,,3242.0,,10.29,212.0,False,130,138,Q4,Q3
LRM,104,validation,negation,True,False,False,True,,,1377.0,,12.7,182.0,False,75,89,Q3,Q2
LRM,105,validation,negation,True,False,False,True,,,2282.0,,11.41,186.0,False,79,95,Q3,Q2
LRM,106,validation,negation,False,True,True,True,,,3216.0,,10.38,196.0,False,83,105,Q3,Q2
LRM,107,validation,negation,Uncertain,Uncertain,False,False,,,4849.0,,8.9,225.0,False,111,140,Q4,Q3
LRM,108,validation,negation,False,True,False,False,,,4163.0,,9.39,252.0,False,134,167,Q4,Q4
LRM,109,validation,negation,True,False,False,True,,,5904.0,,8.16,255.0,False,159,170,Q4,Q4
LRM,110,validation,negation,Uncertain,Uncertain,False,False,,,4866.0,,8.99,147.0,False,18,79,Q1,Q2
LRM,111,validation,negation,True,False,False,True,,,1887.0,,10.89,202.0,False,53,99,Q2,Q2
LRM,112,validation,negation,Uncertain,Uncertain,True,False,,,2229.0,,11.44,201.0,False,52,99,Q2,Q2
LRM,113,validation,negation,False,True,False,False,,,4032.0,,8.3,206.0,False,57,102,Q2,Q2
LRM,114,validation,negation,False,True,True,True,,,1467.0,,11.44,221.0,False,102,158,Q4,Q3
LRM,115,validation,negation,True,False,False,True,,,2120.0,,10.47,205.0,False,98,139,Q4,Q3
LRM,116,validation,negation,Uncertain,Uncertain,Uncertain,True,,,5687.0,,8.35,206.0,False,98,141,Q4,Q3
LRM,117,validation,negation,Uncertain,Uncertain,False,False,,,4292.0,,9.36,212.0,False,76,97,Q3,Q2
LRM,118,validation,negation,True,False,False,True,,,2970.0,,10.53,225.0,False,81,111,Q3,Q3
LRM,119,validation,negation,False,True,True,True,,,3144.0,,9.22,203.0,False,74,87,Q3,Q2
LRM,120,validation,negation,Uncertain,Uncertain,False,False,,,3646.0,,10.1,92.0,False,11,39,Q1,Q1
LRM,121,validation,negation,Uncertain,Uncertain,False,False,,,6675.0,,7.75,226.0,False,63,162,Q2,Q4
LRM,123,validation,negation,True,False,False,True,,,4081.0,,9.49,234.0,False,63,170,Q2,Q4
LRM,124,validation,negation,Uncertain,Uncertain,True,False,,,3868.0,,9.7,213.0,False,63,153,Q2,Q3
LRM,125,validation,negation,True,False,False,True,,,3740.0,,8.49,241.0,False,62,185,Q2,Q4
LRM,126,validation,negation,False,True,Uncertain,False,,,3282.0,,8.92,243.0,False,64,188,Q3,Q4
LRM,127,validation,negation,False,True,True,True,,,4392.0,,9.13,340.0,False,87,269,Q4,Q4
LRM,128,validation,negation,True,False,True,False,,,5075.0,,8.58,341.0,False,89,270,Q4,Q4
LRM,129,validation,negation,Uncertain,Uncertain,True,False,,,6484.0,,7.73,338.0,False,85,267,Q3,Q4
LRM,130,validation,negation,True,False,True,False,,,4538.0,,8.93,392.0,False,96,318,Q4,Q4
LRM,131,validation,negation,True,False,False,True,,,1779.0,,11.13,140.0,False,19,69,Q1,Q1
LRM,132,validation,negation,Uncertain,Uncertain,True,False,,,3804.0,,9.91,129.0,False,16,59,Q1,Q1
LRM,133,validation,negation,Uncertain,Uncertain,False,False,,,1900.0,,12.13,128.0,False,16,59,Q1,Q1
LRM,134,validation,negation,True,False,False,True,,,2799.0,,9.73,119.0,False,20,57,Q1,Q1
LRM,136,validation,negation,False,True,True,True,,,998.0,,13.27,128.0,False,26,66,Q1,Q1
LRM,137,validation,negation,True,False,False,True,,,1823.0,,11.95,218.0,False,67,109,Q3,Q3
LRM,138,validation,negation,False,True,True,True,,,2446.0,,9.98,219.0,False,67,109,Q3,Q3
LRM,139,validation,negation,Uncertain,Uncertain,False,False,,,3139.0,,10.33,245.0,False,104,154,Q4,Q3
LRM,140,validation,negation,False,True,Uncertain,False,,,4623.0,,9.01,266.0,False,114,168,Q4,Q4
LRM,143,validation,negation,Uncertain,Uncertain,True,False,,,2011.0,,11.73,227.0,False,46,164,Q1,Q4
LRM,144,validation,negation,Uncertain,Uncertain,False,False,,,1997.0,,11.72,227.0,False,86,114,Q3,Q3
LRM,145,validation,negation,Uncertain,Uncertain,False,False,,,4105.0,,9.47,229.0,False,87,117,Q4,Q3
LRM,146,validation,negation,True,False,False,True,,,2509.0,,9.82,244.0,False,96,118,Q4,Q3
LRM,147,validation,negation,True,False,False,True,,,2652.0,,9.65,243.0,False,97,118,Q4,Q3
LRM,148,validation,negation,False,True,False,False,,,2710.0,,10.79,246.0,False,105,118,Q4,Q3
LRM,149,validation,negation,True,False,False,True,,,3599.0,,8.73,180.0,False,56,74,Q2,Q1
LRM,150,validation,negation,Uncertain,Uncertain,False,False,,,1431.0,,12.68,175.0,False,58,69,Q2,Q1
LRM,151,validation,negation,Uncertain,Uncertain,Uncertain,True,,,1217.0,,13.01,173.0,False,57,69,Q2,Q1
LRM,153,validation,negation,False,True,True,True,,,4118.0,,8.18,219.0,False,50,167,Q2,Q4
LRM,154,validation,negation,True,False,False,True,,,5861.0,,6.89,257.0,False,63,208,Q2,Q4
LRM,155,validation,negation,Uncertain,Uncertain,False,False,,,2985.0,,10.73,109.0,False,11,58,Q1,Q1
LRM,156,validation,negation,False,True,True,True,,,4086.0,,9.45,249.0,False,107,190,Q4,Q4
LRM,157,validation,negation,True,False,False,True,,,2752.0,,9.53,250.0,False,109,191,Q4,Q4
LRM,158,validation,negation,True,False,True,False,,,4553.0,,7.78,258.0,False,113,198,Q4,Q4
LRM,159,validation,negation,Uncertain,Uncertain,False,False,,,3956.0,,9.59,234.0,False,103,174,Q4,Q4
LRM,160,validation,negation,True,False,False,True,,,3318.0,,9.12,134.0,False,41,50,Q1,Q1
LRM,161,validation,negation,Uncertain,Uncertain,False,False,,,2292.0,,11.56,128.0,False,37,45,Q1,Q1
LRM,162,validation,negation,False,True,True,True,,,3211.0,,9.28,108.0,False,10,59,Q1,Q1
LRM,163,validation,negation,Uncertain,Uncertain,False,False,,,3421.0,,10.15,187.0,False,70,100,Q3,Q2
LRM,164,validation,negation,False,True,False,False,,,6330.0,,7.96,205.0,False,79,121,Q3,Q3
LRM,165,validation,negation,True,False,False,True,,,3119.0,,10.4,205.0,False,78,123,Q3,Q3
LRM,166,validation,negation,True,False,False,True,,,2279.0,,10.43,124.0,False,28,31,Q1,Q1
LRM,167,validation,negation,True,False,False,True,,,3153.0,,9.28,138.0,False,35,49,Q1,Q1
LRM,168,validation,negation,False,True,True,True,,,1666.0,,11.42,125.0,False,28,38,Q1,Q1
LRM,169,validation,negation,Uncertain,Uncertain,True,False,,,4556.0,,9.16,196.0,False,63,88,Q2,Q2
LRM,170,validation,negation,True,False,False,True,,,3860.0,,8.38,237.0,False,86,108,Q3,Q3
LRM,171,validation,negation,False,True,True,True,,,5005.0,,7.49,223.0,False,82,100,Q3,Q2
LRM,172,validation,negation,Uncertain,Uncertain,False,False,,,7513.0,,7.32,224.0,False,97,127,Q4,Q3
LRM,173,validation,negation,False,True,False,False,,,5662.0,,8.35,223.0,False,102,127,Q4,Q3
LRM,174,validation,negation,True,False,False,True,,,2621.0,,10.91,238.0,False,113,138,Q4,Q3
LRM,175,validation,negation,Uncertain,Uncertain,False,False,,,2240.0,,11.66,93.0,False,32,18,Q1,Q1
LRM,176,validation,negation,False,True,True,True,,,2131.0,,10.7,96.0,False,34,19,Q1,Q1
LRM,177,validation,negation,True,False,False,True,,,1955.0,,10.95,107.0,False,38,29,Q1,Q1
LRM,178,validation,negation,False,True,True,True,,,3087.0,,9.35,165.0,False,11,123,Q1,Q3
LRM,179,validation,negation,False,True,True,True,,,2923.0,,9.63,106.0,False,25,37,Q1,Q1
LRM,180,validation,negation,False,True,True,True,,,3414.0,,9.06,106.0,False,25,37,Q1,Q1
LRM,181,validation,negation,Uncertain,Uncertain,True,False,,,1934.0,,11.94,132.0,False,38,69,Q1,Q1
LRM,182,validation,negation,True,False,True,False,,,1937.0,,10.91,142.0,False,44,79,Q1,Q2
LRM,183,validation,negation,False,True,True,True,,,6051.0,,6.89,157.0,False,56,92,Q2,Q2
LRM,184,validation,negation,True,False,False,True,,,2967.0,,9.35,209.0,False,77,120,Q3,Q3
LRM,185,validation,negation,False,True,True,True,,,1627.0,,12.27,210.0,False,76,120,Q3,Q3
LRM,186,validation,negation,Uncertain,Uncertain,False,False,,,3403.0,,10.12,211.0,False,77,122,Q3,Q3
LRM,187,validation,negation,Uncertain,Uncertain,True,False,,,2357.0,,11.41,147.0,False,50,80,Q2,Q2
LRM,188,validation,negation,True,False,False,True,,,2513.0,,9.99,160.0,False,53,93,Q2,Q2
LRM,189,validation,negation,False,True,True,True,,,2279.0,,10.34,158.0,False,52,90,Q2,Q2
LRM,190,validation,negation,False,True,False,False,,,4448.0,,8.0,168.0,False,62,98,Q2,Q2
LRM,191,validation,negation,False,True,True,True,,,4969.0,,7.59,172.0,False,61,105,Q2,Q2
LRM,192,validation,negation,False,True,True,True,,,2182.0,,10.64,94.0,False,16,44,Q1,Q1
LRM,193,validation,negation,False,True,True,True,,,2384.0,,10.16,195.0,False,78,85,Q3,Q2
LRM,194,validation,negation,Uncertain,Uncertain,False,False,,,3603.0,,9.99,185.0,False,82,80,Q3,Q2
LRM,195,validation,negation,Uncertain,Uncertain,False,False,,,5966.0,,8.14,280.0,False,57,244,Q2,Q4
LRM,197,validation,negation,True,False,False,True,,,5914.0,,6.84,285.0,False,64,251,Q3,Q4
LRM,198,validation,negation,False,True,True,True,,,1800.0,,11.02,169.0,False,50,69,Q2,Q1
LRM,199,validation,negation,False,True,True,True,,,1866.0,,11.01,172.0,False,52,69,Q2,Q1
LRM,200,validation,negation,False,True,True,True,,,3199.0,,9.19,171.0,False,52,69,Q2,Q1
LRM,201,validation,negation,Uncertain,Uncertain,Uncertain,True,,,1265.0,,13.03,165.0,False,48,59,Q2,Q1
LRM,202,validation,negation,Uncertain,Uncertain,False,False,,,1853.0,,12.01,172.0,False,52,68,Q2,Q1
LRM,100000,train,negation,True,False,False,True,,,8209.0,,5.79,183.0,False,106,102,Q4,Q2
LRM,100001,train,negation,True,False,True,False,,,4325.0,,9.36,182.0,False,107,100,Q4,Q2
LRM,100003,train,negation,True,False,False,True,,,5482.0,,8.49,208.0,False,138,117,Q4,Q3
LRM,100005,train,negation,True,False,False,True,,,2459.0,,11.29,196.0,False,46,103,Q1,Q2
LRM,100008,train,negation,False,True,True,True,,,2631.0,,9.81,176.0,False,59,106,Q2,Q3
LRM,100009,train,negation,True,False,False,True,,,7222.0,,6.22,185.0,False,62,111,Q2,Q3
LRM,100024,train,negation,False,True,True,True,,,2937.0,,10.6,220.0,False,85,110,Q3,Q3
LRM,100025,train,negation,True,False,False,True,,,970.0,,12.73,125.0,False,36,41,Q1,Q1
LRM,100028,train,negation,Uncertain,Uncertain,False,False,,,1784.0,,12.26,125.0,False,37,41,Q1,Q1
LRM,100036,train,negation,False,True,True,True,,,3076.0,,9.2,224.0,False,71,141,Q3,Q3
LRM,100039,train,negation,False,True,False,False,,,4634.0,,9.01,251.0,False,92,160,Q4,Q4
LRM,100040,train,negation,Uncertain,Uncertain,True,False,,,4441.0,,9.18,249.0,False,78,149,Q3,Q4
LRM,100042,train,negation,False,True,True,True,,,6583.0,,7.75,305.0,False,108,182,Q4,Q4
LRM,100045,train,negation,Uncertain,Uncertain,True,False,,,6290.0,,8.01,189.0,False,64,136,Q3,Q3
LRM,100047,train,negation,True,False,True,False,,,4067.0,,9.44,274.0,False,101,205,Q4,Q4
LRM,100051,train,negation,False,True,True,True,,,1074.0,,12.55,118.0,False,30,39,Q1,Q1
LRM,100052,train,negation,True,False,False,True,,,1550.0,,11.63,117.0,False,30,38,Q1,Q1
LRM,100070,train,negation,True,False,True,False,,,4008.0,,9.65,167.0,False,68,101,Q3,Q2
LRM,100071,train,negation,False,True,True,True,,,3931.0,,9.7,179.0,False,79,115,Q3,Q3
LRM,100074,train,negation,Uncertain,Uncertain,False,False,,,1439.0,,12.81,112.0,False,21,44,Q1,Q1
LRM,100075,train,negation,Uncertain,Uncertain,False,False,,,3453.0,,10.09,213.0,False,82,154,Q3,Q4
LRM,100077,train,negation,False,True,True,True,,,6612.0,,7.82,220.0,False,86,161,Q3,Q4
LRM,100083,train,negation,False,True,True,True,,,5153.0,,8.57,323.0,False,107,257,Q4,Q4
LRM,100086,train,negation,Uncertain,Uncertain,True,False,,,6605.0,,7.73,332.0,False,110,175,Q4,Q4
LRM,100094,train,negation,Uncertain,Uncertain,False,False,,,1975.0,,11.94,136.0,False,17,81,Q1,Q2
LRM,100095,train,negation,False,True,True,True,,,4182.0,,8.25,149.0,False,50,75,Q2,Q1
LRM,100102,train,negation,False,True,False,False,,,3869.0,,8.41,215.0,False,82,125,Q3,Q3
LRM,100105,train,negation,False,True,True,True,,,1303.0,,12.1,122.0,False,50,71,Q2,Q1
LRM,100106,train,negation,True,False,False,True,,,2397.0,,10.26,123.0,False,49,71,Q2,Q1
LRM,100109,train,negation,False,True,False,False,,,4008.0,,9.42,340.0,False,204,218,Q4,Q4
LRM,100110,train,negation,True,False,True,False,,,4584.0,,8.94,358.0,False,215,232,Q4,Q4
LRM,100111,train,negation,Uncertain,Uncertain,False,False,,,1521.0,,12.52,164.0,False,47,54,Q2,Q1
LRM,100114,train,negation,False,True,True,True,,,5790.0,,8.34,173.0,False,55,102,Q2,Q2
LRM,100118,train,negation,True,False,False,True,,,6177.0,,8.01,243.0,False,88,159,Q4,Q4
LRM,100124,train,negation,Uncertain,Uncertain,True,False,,,4075.0,,9.63,141.0,False,38,81,Q1,Q2
LRM,100127,train,negation,True,False,False,True,,,3634.0,,8.78,139.0,False,39,82,Q1,Q2
LRM,100130,train,negation,False,True,True,True,,,2395.0,,10.18,158.0,False,64,92,Q3,Q2
LRM,100133,train,negation,False,True,True,True,,,4296.0,,8.1,187.0,False,63,110,Q3,Q3
LRM,100134,train,negation,True,False,True,False,,,2855.0,,9.52,188.0,False,66,113,Q3,Q3
LRM,100135,train,negation,True,False,False,True,,,3198.0,,9.21,153.0,False,34,53,Q1,Q1
LRM,100136,train,negation,False,True,True,True,,,3394.0,,10.24,155.0,False,38,56,Q1,Q1
LRM,100137,train,negation,Uncertain,Uncertain,False,False,,,1119.0,,13.14,146.0,False,32,44,Q1,Q1
LRM,100150,train,negation,True,False,True,False,,,1420.0,,11.78,148.0,False,45,90,Q1,Q2
LRM,100151,train,negation,Uncertain,Uncertain,Uncertain,True,,,2617.0,,11.11,141.0,False,40,85,Q1,Q2
LRM,100152,train,negation,Uncertain,Uncertain,False,False,,,3276.0,,10.29,205.0,False,83,118,Q3,Q3
LRM,100158,train,negation,True,False,True,False,,,3824.0,,9.74,226.0,False,102,136,Q4,Q3
LRM,100159,train,negation,False,True,False,False,,,2799.0,,10.77,225.0,False,100,135,Q4,Q3
LRM,100161,train,negation,True,False,True,False,,,3729.0,,9.82,226.0,False,109,136,Q4,Q3
LRM,100163,train,negation,Uncertain,Uncertain,Uncertain,True,,,4027.0,,9.53,245.0,False,118,150,Q4,Q4
LRM,100165,train,negation,Uncertain,Uncertain,False,False,,,1721.0,,12.31,126.0,False,11,78,Q1,Q2
LRM,100166,train,negation,True,False,False,True,,,6640.0,,7.81,210.0,False,82,123,Q3,Q3
LRM,100173,train,negation,Uncertain,Uncertain,Uncertain,True,,,3257.0,,10.3,196.0,False,63,121,Q3,Q3
LRM,100178,train,negation,Uncertain,Uncertain,Uncertain,True,,,2626.0,,10.99,221.0,False,53,138,Q2,Q3
LRM,100180,train,negation,True,False,False,True,,,4487.0,,7.89,231.0,False,54,154,Q2,Q4
LRM,100181,train,negation,Uncertain,Uncertain,True,False,,,9981.0,,6.3,233.0,False,72,156,Q3,Q4
LRM,100182,train,negation,False,True,False,False,,,6972.0,,6.31,234.0,False,73,156,Q3,Q4
LRM,100183,train,negation,True,False,False,True,,,6222.0,,6.7,235.0,False,74,157,Q3,Q4
LRM,100194,train,negation,True,False,False,True,,,1085.0,,12.38,178.0,False,58,78,Q2,Q2
LRM,100196,train,negation,True,False,False,True,,,1852.0,,11.99,214.0,False,106,74,Q4,Q1
LRM,100197,train,negation,True,False,False,True,,,2832.0,,9.65,140.0,False,27,61,Q1,Q1
LRM,100199,train,negation,Uncertain,Uncertain,True,False,,,2818.0,,11.0,127.0,False,24,45,Q1,Q1
LRM,100201,train,negation,False,True,True,True,,,2037.0,,11.61,269.0,False,138,161,Q4,Q4
LRM,100203,train,negation,True,False,False,True,,,938.0,,12.79,145.0,False,54,76,Q2,Q2
LRM,100204,train,negation,Uncertain,Uncertain,True,False,,,1284.0,,12.94,146.0,False,54,78,Q2,Q2
LRM,100208,train,negation,True,False,True,False,,,4865.0,,8.79,304.0,False,150,168,Q4,Q4
LRM,100209,train,negation,Uncertain,Uncertain,True,False,,,4331.0,,9.33,197.0,False,63,136,Q3,Q3
LRM,100215,train,negation,False,True,True,True,,,4452.0,,7.83,280.0,False,124,231,Q4,Q4
LRM,100218,train,negation,True,False,True,False,,,5508.0,,8.44,230.0,False,110,132,Q4,Q3
LRM,100224,train,negation,False,True,True,True,,,5093.0,,7.53,143.0,False,40,74,Q1,Q1
LRM,100227,train,negation,False,True,True,True,,,2388.0,,11.28,210.0,False,72,134,Q3,Q3
LRM,100228,train,negation,False,True,True,True,,,3163.0,,10.39,191.0,False,88,100,Q4,Q2
LRM,100230,train,negation,Uncertain,Uncertain,False,False,,,3948.0,,9.69,168.0,False,57,89,Q2,Q2
LRM,100233,train,negation,False,True,True,True,,,4634.0,,7.87,153.0,False,47,92,Q2,Q2
LRM,100240,train,negation,True,False,True,False,,,3286.0,,10.26,208.0,False,90,128,Q4,Q3
LRM,100242,train,negation,Uncertain,Uncertain,False,False,,,1993.0,,11.87,144.0,False,33,74,Q1,Q1
LRM,100244,train,negation,Uncertain,Uncertain,Uncertain,True,,,2924.0,,10.78,137.0,False,34,69,Q1,Q1
LRM,100250,train,negation,Uncertain,Uncertain,False,False,,,985.0,,13.21,161.0,False,51,57,Q2,Q1
LRM,100252,train,negation,True,False,False,True,,,2952.0,,9.33,226.0,False,61,96,Q2,Q2
LRM,100254,train,negation,Uncertain,Uncertain,True,False,,,1577.0,,12.34,205.0,False,51,71,Q2,Q1
LRM,100255,train,negation,True,False,False,True,,,1258.0,,12.84,150.0,False,42,62,Q1,Q1
LRM,100257,train,negation,False,True,True,True,,,1708.0,,11.19,189.0,False,62,67,Q2,Q1
LRM,100260,train,negation,True,False,False,True,,,3579.0,,8.72,208.0,False,59,138,Q2,Q3
LRM,100267,train,negation,False,True,False,False,,,5856.0,,8.12,318.0,False,139,219,Q4,Q4
LRM,100268,train,negation,False,True,True,True,,,3474.0,,10.14,167.0,False,80,93,Q3,Q2
LRM,100270,train,negation,Uncertain,Uncertain,False,False,,,3606.0,,10.01,168.0,False,80,95,Q3,Q2
LRM,100271,train,negation,True,False,False,True,,,1911.0,,11.91,169.0,False,54,93,Q2,Q2
LRM,100273,train,negation,False,True,True,True,,,3544.0,,8.85,150.0,False,47,75,Q2,Q1
LRM,100278,train,negation,True,False,True,False,,,3216.0,,10.39,157.0,False,47,77,Q2,Q2
LRM,100283,train,negation,False,True,True,True,,,1710.0,,12.08,226.0,False,94,113,Q4,Q3
LRM,100285,train,negation,Uncertain,Uncertain,Uncertain,True,,,1788.0,,11.99,225.0,False,74,88,Q3,Q2
LRM,100288,train,negation,True,False,False,True,,,2365.0,,11.48,136.0,False,43,51,Q1,Q1
LRM,100290,train,negation,Uncertain,Uncertain,Uncertain,True,,,2366.0,,11.42,134.0,False,43,50,Q1,Q1
LRM,100291,train,negation,False,True,True,True,,,3207.0,,10.45,145.0,False,43,57,Q1,Q1
LRM,100293,train,negation,False,True,True,True,,,2103.0,,10.55,176.0,False,34,106,Q1,Q3
LRM,100302,train,negation,False,True,False,False,,,3238.0,,10.3,204.0,False,66,160,Q3,Q4
LRM,100306,train,negation,True,False,Uncertain,False,,,2951.0,,9.36,220.0,False,97,131,Q4,Q3
LRM,100307,train,negation,False,True,True,True,,,3242.0,,9.01,233.0,False,106,138,Q4,Q3
LRM,100308,train,negation,True,False,False,True,,,9657.0,,5.21,233.0,False,107,138,Q4,Q3
LRM,100309,train,negation,True,False,False,True,,,4468.0,,7.87,245.0,False,113,149,Q4,Q4
LRM,100311,train,negation,True,False,False,True,,,2960.0,,9.37,204.0,False,59,157,Q2,Q4
LRM,100312,train,negation,False,True,True,True,,,2229.0,,10.4,205.0,False,59,159,Q2,Q4
LRM,100315,train,negation,Uncertain,Uncertain,Uncertain,True,,,3260.0,,10.35,164.0,False,44,86,Q1,Q2
LRM,100316,train,negation,True,False,False,True,,,5466.0,,8.48,213.0,False,82,145,Q3,Q4
LRM,100317,train,negation,True,False,False,True,,,2082.0,,11.63,210.0,False,80,143,Q3,Q4
LRM,100321,train,negation,Uncertain,Uncertain,False,False,,,4977.0,,8.8,226.0,False,101,125,Q4,Q3
LRM,100323,train,negation,Uncertain,Uncertain,False,False,,,4708.0,,9.11,148.0,False,28,89,Q1,Q2
LRM,100329,train,negation,True,False,False,True,,,1474.0,,11.74,122.0,False,29,40,Q1,Q1
LRM,100334,train,negation,True,False,Uncertain,False,,,4195.0,,9.44,201.0,False,64,125,Q3,Q3
LRM,100336,train,negation,True,False,Uncertain,False,,,2979.0,,10.59,200.0,False,66,126,Q3,Q3
LRM,100338,train,negation,False,True,Uncertain,False,,,8258.0,,6.99,220.0,False,76,143,Q3,Q4
LRM,100339,train,negation,True,False,True,False,,,7024.0,,7.57,227.0,False,87,151,Q4,Q4
LRM,100340,train,negation,False,True,True,True,,,2236.0,,11.44,220.0,False,70,144,Q3,Q4
LRM,100341,train,negation,True,False,False,True,,,6907.0,,7.62,234.0,False,79,154,Q3,Q4
LRM,100343,train,negation,False,True,True,True,,,2116.0,,10.55,181.0,False,48,104,Q2,Q2
LRM,100351,train,negation,True,False,False,True,,,5584.0,,8.49,154.0,False,61,86,Q2,Q2
LRM,100353,train,negation,Uncertain,Uncertain,False,False,,,2098.0,,11.71,173.0,False,58,91,Q2,Q2
LRM,100357,train,negation,True,False,False,True,,,2974.0,,9.44,160.0,False,50,85,Q2,Q2
LRM,100358,train,negation,Uncertain,Uncertain,False,False,,,3846.0,,9.81,163.0,False,53,86,Q2,Q2
LRM,100359,train,negation,False,True,True,True,,,2486.0,,10.0,178.0,False,61,94,Q2,Q2
LRM,100362,train,negation,Uncertain,Uncertain,False,False,,,2604.0,,11.15,128.0,False,52,68,Q2,Q1
LRM,100366,train,negation,False,True,True,True,,,1741.0,,11.31,138.0,False,47,66,Q2,Q1
LRM,100372,train,negation,Uncertain,Uncertain,False,False,,,2597.0,,10.95,256.0,False,126,132,Q4,Q3
LRM,100373,train,negation,False,True,Uncertain,False,,,4548.0,,9.07,269.0,False,133,141,Q4,Q3
LRM,100378,train,negation,True,False,False,True,,,1780.0,,11.11,173.0,False,38,110,Q1,Q3
LRM,100388,train,negation,Uncertain,Uncertain,False,False,,,2641.0,,10.87,261.0,False,81,180,Q3,Q4
LRM,100391,train,negation,True,False,True,False,,,3297.0,,10.15,274.0,False,89,191,Q4,Q4
LRM,100393,train,negation,False,True,True,True,,,3931.0,,8.51,131.0,False,37,72,Q1,Q1
LRM,100394,train,negation,True,False,False,True,,,3364.0,,9.06,132.0,False,38,73,Q1,Q1
LRM,100405,train,negation,True,False,False,True,,,1980.0,,10.87,133.0,False,37,59,Q1,Q1
LRM,100408,train,negation,False,True,Uncertain,False,,,3735.0,,8.62,176.0,False,67,108,Q3,Q3
LRM,100409,train,negation,Uncertain,Uncertain,True,False,,,2240.0,,11.58,143.0,False,35,62,Q1,Q1
LRM,100412,train,negation,Uncertain,Uncertain,False,False,,,5568.0,,8.47,200.0,False,50,141,Q2,Q3
LRM,100415,train,negation,True,False,False,True,,,2839.0,,9.72,109.0,False,13,54,Q1,Q1
LRM,100416,train,negation,Uncertain,Uncertain,True,False,,,7401.0,,7.32,289.0,False,175,195,Q4,Q4
LRM,100418,train,negation,True,False,False,True,,,4383.0,,9.16,311.0,False,190,220,Q4,Q4
LRM,100421,train,negation,Uncertain,Uncertain,Uncertain,True,,,2657.0,,11.03,161.0,False,44,69,Q1,Q1
LRM,100422,train,negation,Uncertain,Uncertain,False,False,,,3012.0,,10.67,138.0,False,42,80,Q1,Q2
LRM,100424,train,negation,False,True,True,True,,,2920.0,,9.52,151.0,False,49,92,Q2,Q2
LRM,100430,train,negation,False,True,False,False,,,4610.0,,8.86,363.0,False,178,275,Q4,Q4
LRM,100433,train,negation,False,True,True,True,,,3592.0,,8.73,188.0,False,88,122,Q4,Q3
LRM,100435,train,negation,Uncertain,Uncertain,Uncertain,True,,,3837.0,,9.78,198.0,False,56,125,Q2,Q3
LRM,100437,train,negation,False,True,False,False,,,4144.0,,9.52,193.0,False,57,119,Q2,Q3
LRM,100440,train,negation,False,True,True,True,,,2787.0,,9.8,106.0,False,43,26,Q1,Q1
LRM,100441,train,negation,Uncertain,Uncertain,Uncertain,True,,,2545.0,,11.27,103.0,False,40,25,Q1,Q1
LRM,100444,train,negation,True,False,True,False,,,7182.0,,6.13,323.0,False,133,208,Q4,Q4
LRM,100446,train,negation,Uncertain,Uncertain,True,False,,,2055.0,,11.69,219.0,False,126,113,Q4,Q3
LRM,100448,train,negation,True,False,Uncertain,False,,,6935.0,,7.6,237.0,False,131,133,Q4,Q3
LRM,100466,train,negation,True,False,False,True,,,1135.0,,12.37,163.0,False,51,47,Q2,Q1
LRM,100467,train,negation,True,False,False,True,,,2849.0,,9.71,110.0,False,24,53,Q1,Q1
LRM,100468,train,negation,Uncertain,Uncertain,False,False,,,3635.0,,10.09,110.0,False,25,54,Q1,Q1
LRM,100469,train,negation,True,False,False,True,,,959.0,,12.75,174.0,False,57,71,Q2,Q1
LRM,100471,train,negation,False,True,False,False,,,2804.0,,10.9,176.0,False,55,78,Q2,Q2
LRM,100475,train,negation,False,True,True,True,,,4221.0,,9.46,181.0,False,58,111,Q2,Q3
LRM,100476,train,negation,True,False,False,True,,,4846.0,,8.93,208.0,False,72,129,Q3,Q3
LRM,100481,train,negation,False,True,True,True,,,2729.0,,9.72,178.0,False,60,124,Q2,Q3
LRM,100484,train,negation,False,True,True,True,,,2230.0,,10.5,128.0,False,30,66,Q1,Q1
LRM,100486,train,negation,Uncertain,Uncertain,True,False,,,3127.0,,10.56,130.0,False,30,66,Q1,Q1
LRM,100500,train,negation,True,False,Uncertain,False,,,5240.0,,8.62,238.0,False,84,153,Q3,Q4
LRM,100506,train,negation,True,False,False,True,,,990.0,,12.75,101.0,False,20,25,Q1,Q1
LRM,100517,train,negation,False,True,False,False,,,6238.0,,8.03,205.0,False,69,137,Q3,Q3
LRM,100518,train,negation,False,True,True,True,,,1052.0,,13.15,171.0,False,47,67,Q2,Q1
LRM,100519,train,negation,False,True,True,True,,,1360.0,,12.71,166.0,False,44,63,Q1,Q1
LRM,100521,train,negation,Uncertain,Uncertain,Uncertain,True,,,7147.0,,7.5,274.0,False,77,154,Q3,Q4
LRM,100523,train,negation,True,False,False,True,,,5124.0,,8.64,291.0,False,77,164,Q3,Q4
LRM,100530,train,negation,Uncertain,Uncertain,Uncertain,True,,,722.0,,14.29,135.0,False,37,33,Q1,Q1
LRM,100532,train,negation,False,True,True,True,,,3719.0,,8.66,167.0,False,38,75,Q1,Q1
LRM,100535,train,negation,True,False,False,True,,,1836.0,,10.72,271.0,False,65,145,Q3,Q4
LRM,100541,train,negation,Uncertain,Uncertain,False,False,,,2272.0,,11.6,124.0,False,22,59,Q1,Q1
LRM,100543,train,negation,Uncertain,Uncertain,Uncertain,True,,,2541.0,,11.05,220.0,False,84,132,Q3,Q3
LRM,100549,train,negation,True,False,False,True,,,7939.0,,7.13,224.0,False,73,147,Q3,Q4
LRM,100550,train,negation,Uncertain,Uncertain,False,False,,,3065.0,,10.61,121.0,False,32,53,Q1,Q1
LRM,100551,train,negation,True,False,Uncertain,False,,,1672.0,,12.37,129.0,False,36,58,Q1,Q1
LRM,100556,train,negation,True,False,False,True,,,5664.0,,7.09,197.0,False,124,120,Q4,Q3
LRM,100558,train,negation,True,False,False,True,,,2400.0,,10.11,180.0,False,50,100,Q2,Q2
LRM,100561,train,negation,Uncertain,Uncertain,True,False,,,6998.0,,7.57,233.0,False,79,158,Q3,Q4
LRM,100564,train,negation,Uncertain,Uncertain,False,False,,,4600.0,,9.12,198.0,False,46,131,Q1,Q3
LRM,100565,train,negation,True,False,False,True,,,2847.0,,10.7,194.0,False,46,127,Q1,Q3
LRM,100566,train,negation,True,False,Uncertain,False,,,4676.0,,9.09,192.0,False,44,126,Q1,Q3
LRM,100570,train,negation,False,True,True,True,,,2720.0,,10.78,266.0,False,73,174,Q3,Q4
LRM,100572,train,negation,Uncertain,Uncertain,False,False,,,3238.0,,10.37,150.0,False,36,91,Q1,Q2
LRM,100573,train,negation,Uncertain,Uncertain,False,False,,,4752.0,,9.06,151.0,False,38,92,Q1,Q2
LRM,100574,train,negation,False,True,True,True,,,2814.0,,9.62,158.0,False,39,96,Q1,Q2
LRM,100576,train,negation,Uncertain,Uncertain,False,False,,,4559.0,,9.16,201.0,False,73,104,Q3,Q2
LRM,100578,train,negation,True,False,False,True,,,1859.0,,10.89,199.0,False,77,102,Q3,Q2
LRM,100582,train,negation,False,True,True,True,,,4678.0,,7.68,258.0,False,111,196,Q4,Q4
LRM,100583,train,negation,False,True,True,True,,,5434.0,,8.45,255.0,False,109,192,Q4,Q4
LRM,100589,train,negation,True,False,False,True,,,6395.0,,7.97,166.0,False,55,95,Q2,Q2
LRM,100590,train,negation,Uncertain,Uncertain,True,False,,,5694.0,,8.25,338.0,False,147,239,Q4,Q4
LRM,100592,train,negation,True,False,Uncertain,False,,,5451.0,,8.38,320.0,False,139,218,Q4,Q4
LRM,100593,train,negation,True,False,False,True,,,3148.0,,9.09,241.0,False,107,144,Q4,Q4
LRM,100594,train,negation,Uncertain,Uncertain,True,False,,,2395.0,,11.13,249.0,False,108,149,Q4,Q4
LRM,100596,train,negation,True,False,False,True,,,2232.0,,10.49,135.0,False,53,62,Q2,Q1
LRM,100608,train,negation,False,True,True,True,,,7308.0,,6.23,141.0,False,35,83,Q1,Q2
LRM,100610,train,negation,False,True,False,False,,,2540.0,,10.58,453.0,False,164,364,Q4,Q4
LRM,100619,train,negation,Uncertain,Uncertain,True,False,,,2184.0,,11.46,204.0,False,93,118,Q4,Q3
LRM,100620,train,negation,True,False,False,True,,,2418.0,,11.34,144.0,False,39,41,Q1,Q1
LRM,100621,train,negation,Uncertain,Uncertain,False,False,,,1426.0,,12.72,141.0,False,37,38,Q1,Q1
LRM,100625,train,negation,False,True,False,False,,,3355.0,,10.32,131.0,False,53,74,Q2,Q1
LRM,100626,train,negation,False,True,True,True,,,1637.0,,12.27,208.0,False,65,125,Q3,Q3
LRM,100630,train,negation,False,True,True,True,,,5705.0,,8.34,212.0,False,100,144,Q4,Q4
LRM,100634,train,negation,Uncertain,Uncertain,True,False,,,4547.0,,9.21,171.0,False,87,112,Q4,Q3
LRM,100635,train,negation,True,False,Uncertain,False,,,3992.0,,9.65,183.0,False,94,123,Q4,Q3
LRM,100636,train,negation,False,True,False,False,,,5393.0,,8.58,181.0,False,90,121,Q4,Q3
LRM,100644,train,negation,Uncertain,Uncertain,Uncertain,True,,,3777.0,,9.87,161.0,False,45,99,Q1,Q2
LRM,100648,train,negation,True,False,True,False,,,2659.0,,9.82,168.0,False,69,96,Q3,Q2
LRM,100649,train,negation,False,True,True,True,,,4070.0,,8.32,167.0,False,72,95,Q3,Q2
LRM,100652,train,negation,True,False,False,True,,,2229.0,,10.42,175.0,False,45,90,Q1,Q2
LRM,100656,train,negation,False,True,True,True,,,3782.0,,8.61,157.0,False,54,66,Q2,Q1
LRM,100660,train,negation,True,False,False,True,,,3735.0,,8.63,167.0,False,62,71,Q2,Q1
LRM,100669,train,negation,True,False,False,True,,,2048.0,,10.65,172.0,False,38,87,Q1,Q2
LRM,100670,train,negation,Uncertain,Uncertain,False,False,,,7570.0,,7.36,170.0,False,37,87,Q1,Q2
LRM,100671,train,negation,Uncertain,Uncertain,False,False,,,1395.0,,12.7,166.0,False,37,76,Q1,Q2
LRM,100673,train,negation,True,False,False,True,,,2581.0,,11.04,273.0,False,77,158,Q3,Q4
LRM,100674,train,negation,Uncertain,Uncertain,False,False,,,3765.0,,9.68,302.0,False,78,179,Q3,Q4
LRM,100675,train,negation,True,False,False,True,,,3020.0,,9.48,123.0,False,24,61,Q1,Q1
LRM,100679,train,negation,False,True,True,True,,,1564.0,,12.37,183.0,False,74,124,Q3,Q3
LRM,100680,train,negation,False,True,False,False,,,1474.0,,12.55,173.0,False,72,112,Q3,Q3
LRM,100682,train,negation,False,True,True,True,,,2206.0,,10.28,222.0,False,54,132,Q2,Q3
LRM,100683,train,negation,True,False,False,True,,,1724.0,,12.32,228.0,False,57,134,Q2,Q3
LRM,100685,train,negation,False,True,True,True,,,2056.0,,10.66,199.0,False,59,96,Q2,Q2
LRM,100686,train,negation,Uncertain,Uncertain,Uncertain,True,,,2065.0,,11.69,210.0,False,58,109,Q2,Q3
LRM,100687,train,negation,True,False,False,True,,,1344.0,,11.92,187.0,False,80,71,Q3,Q1
LRM,100688,train,negation,Uncertain,Uncertain,False,False,,,1429.0,,12.55,187.0,False,80,71,Q3,Q1
LRM,100691,train,negation,False,True,True,True,,,4817.0,,7.74,139.0,False,38,61,Q1,Q1
LRM,100693,train,negation,Uncertain,Uncertain,False,False,,,6267.0,,8.04,175.0,False,68,95,Q3,Q2
LRM,100695,train,negation,True,False,False,True,,,6226.0,,8.04,194.0,False,84,109,Q3,Q3
LRM,100698,train,negation,True,False,False,True,,,6120.0,,8.11,189.0,False,70,118,Q3,Q3
LRM,100703,train,negation,False,True,False,False,,,6201.0,,8.04,200.0,False,100,113,Q4,Q3
LRM,100707,train,negation,True,False,False,True,,,3155.0,,9.16,222.0,False,83,128,Q3,Q3
LRM,100713,train,negation,False,True,Uncertain,False,,,4288.0,,9.26,284.0,False,140,161,Q4,Q4
LRM,100718,train,negation,Uncertain,Uncertain,False,False,,,2282.0,,11.45,217.0,False,57,116,Q2,Q3
LRM,100720,train,negation,False,True,True,True,,,2679.0,,9.73,215.0,False,57,117,Q2,Q3
LRM,100722,train,negation,Uncertain,Uncertain,False,False,,,2140.0,,11.7,153.0,False,50,106,Q2,Q3
LRM,100725,train,negation,True,False,False,True,,,2934.0,,9.51,167.0,False,58,77,Q2,Q2
LRM,100730,train,negation,True,False,True,False,,,5613.0,,8.43,199.0,False,102,137,Q4,Q3
LRM,100733,train,negation,False,True,False,False,,,5709.0,,8.35,207.0,False,107,147,Q4,Q4
LRM,100734,train,negation,False,True,True,True,,,4571.0,,9.14,205.0,False,108,144,Q4,Q4
LRM,100736,train,negation,False,True,True,True,,,4676.0,,9.03,221.0,False,126,156,Q4,Q4
LRM,100737,train,negation,True,False,True,False,,,4831.0,,8.96,205.0,False,107,142,Q4,Q3
LRM,100752,train,negation,True,False,True,False,,,5716.0,,8.34,213.0,False,56,155,Q2,Q4
LRM,100754,train,negation,True,False,False,True,,,1522.0,,11.58,143.0,False,53,49,Q2,Q1
LRM,100759,train,negation,True,False,False,True,,,3116.0,,10.3,290.0,False,92,154,Q4,Q4
LRM,100760,train,negation,Uncertain,Uncertain,False,False,,,1703.0,,12.0,290.0,False,93,154,Q4,Q4
LRM,100765,train,negation,Uncertain,Uncertain,False,False,,,2562.0,,11.02,234.0,False,79,157,Q3,Q4
LRM,100767,train,negation,True,False,Uncertain,False,,,6022.0,,8.09,255.0,False,99,180,Q4,Q4
LRM,100769,train,negation,Uncertain,Uncertain,True,False,,,3403.0,,10.16,190.0,False,82,104,Q3,Q2
LRM,100789,train,negation,True,False,False,True,,,2592.0,,11.1,159.0,False,66,82,Q3,Q2
LRM,100790,train,negation,Uncertain,Uncertain,False,False,,,2793.0,,10.89,149.0,False,60,77,Q2,Q2
LRM,100791,train,negation,Uncertain,Uncertain,Uncertain,True,,,4671.0,,9.21,99.0,False,27,42,Q1,Q1
LRM,100792,train,negation,Uncertain,Uncertain,True,False,,,5414.0,,8.6,149.0,False,58,73,Q2,Q1
LRM,100793,train,negation,False,True,False,False,,,2073.0,,10.67,147.0,False,57,73,Q2,Q1
LRM,100798,train,negation,True,False,False,True,,,1638.0,,11.28,180.0,False,49,95,Q2,Q2
LRM,100801,train,negation,Uncertain,Uncertain,True,False,,,2609.0,,11.09,164.0,False,59,81,Q2,Q2
LRM,100804,train,negation,Uncertain,Uncertain,False,False,,,4156.0,,9.6,127.0,False,14,76,Q1,Q2
LRM,100806,train,negation,False,True,True,True,,,2634.0,,9.63,260.0,False,96,183,Q4,Q4
LRM,100809,train,negation,True,False,True,False,,,2059.0,,10.68,166.0,False,41,117,Q1,Q3
LRM,100814,train,negation,True,False,False,True,,,2251.0,,11.39,217.0,False,67,91,Q3,Q2
LRM,100815,train,negation,Uncertain,Uncertain,True,False,,,2422.0,,11.18,214.0,False,69,94,Q3,Q2
LRM,100816,train,negation,False,True,True,True,,,1379.0,,12.01,189.0,False,64,69,Q3,Q1
LRM,100819,train,negation,False,True,True,True,,,10244.0,,6.18,282.0,False,101,167,Q4,Q4
LRM,100821,train,negation,False,True,True,True,,,1575.0,,12.35,181.0,False,62,84,Q2,Q2
LRM,100826,train,negation,Uncertain,Uncertain,False,False,,,5766.0,,8.26,247.0,False,84,136,Q3,Q3
LRM,100830,train,negation,False,True,True,True,,,5876.0,,8.17,253.0,False,90,141,Q4,Q3
LRM,100831,train,negation,True,False,True,False,,,3996.0,,9.5,271.0,False,99,153,Q4,Q4
LRM,100836,train,negation,False,True,True,True,,,1789.0,,11.02,175.0,False,55,100,Q2,Q2
LRM,100841,train,negation,Uncertain,Uncertain,False,False,,,3631.0,,9.87,233.0,False,64,177,Q3,Q4
LRM,100846,train,negation,True,False,False,True,,,2214.0,,10.5,131.0,False,39,72,Q1,Q1
LRM,100849,train,negation,False,True,True,True,,,2610.0,,11.03,197.0,False,52,160,Q2,Q4
LRM,100851,train,negation,Uncertain,Uncertain,False,False,,,4043.0,,9.58,180.0,False,57,109,Q2,Q3
LRM,100853,train,negation,Uncertain,Uncertain,False,False,,,3112.0,,10.46,182.0,False,58,109,Q2,Q3
LRM,100854,train,negation,Uncertain,Uncertain,True,False,,,2941.0,,10.75,140.0,False,46,65,Q1,Q1
LRM,100863,train,negation,False,True,Uncertain,False,,,4078.0,,9.48,246.0,False,78,156,Q3,Q4
LRM,100864,train,negation,True,False,False,True,,,6733.0,,7.7,247.0,False,79,157,Q3,Q4
LRM,100866,train,negation,True,False,False,True,,,2649.0,,9.81,170.0,False,53,77,Q2,Q2
LRM,100869,train,negation,False,True,True,True,,,2282.0,,11.43,179.0,False,58,81,Q2,Q2
LRM,100873,train,negation,False,True,True,True,,,6628.0,,6.5,215.0,False,72,99,Q3,Q2
LRM,100874,train,negation,False,True,True,True,,,5267.0,,7.35,192.0,False,66,87,Q3,Q2
LRM,100875,train,negation,True,False,False,True,,,1011.0,,12.68,198.0,False,70,108,Q3,Q3
LRM,100891,train,negation,True,False,Uncertain,False,,,3002.0,,10.37,327.0,False,104,252,Q4,Q4
LRM,100892,train,negation,False,True,True,True,,,2627.0,,10.76,329.0,False,106,255,Q4,Q4
LRM,100900,train,negation,Uncertain,Uncertain,False,False,,,2817.0,,10.94,97.0,False,13,40,Q1,Q1
LRM,100902,train,negation,True,False,False,True,,,3097.0,,9.37,126.0,False,36,70,Q1,Q1
LRM,100907,train,negation,True,False,False,True,,,6635.0,,7.81,182.0,False,75,116,Q3,Q3
LRM,100911,train,negation,False,True,Uncertain,False,,,3696.0,,9.91,192.0,False,111,96,Q4,Q2
LRM,100912,train,negation,True,False,False,True,,,2559.0,,11.05,194.0,False,112,99,Q4,Q2
LRM,100913,train,negation,Uncertain,Uncertain,False,False,,,7967.0,,7.15,185.0,False,110,89,Q4,Q2
LRM,100914,train,negation,True,False,Uncertain,False,,,4529.0,,9.16,201.0,False,120,106,Q4,Q3
LRM,100918,train,negation,True,False,False,True,,,3291.0,,10.22,222.0,False,138,123,Q4,Q3
LRM,100925,train,negation,Uncertain,Uncertain,Uncertain,True,,,4513.0,,9.13,244.0,False,55,158,Q2,Q4
LRM,100927,train,negation,False,True,True,True,,,2599.0,,9.74,223.0,False,97,146,Q4,Q4
LRM,100932,train,negation,False,True,True,True,,,1683.0,,11.09,227.0,False,66,107,Q3,Q3
LRM,100934,train,negation,Uncertain,Uncertain,True,False,,,7634.0,,7.34,149.0,False,42,90,Q1,Q2
LRM,100949,train,negation,Uncertain,Uncertain,False,False,,,2105.0,,11.72,149.0,False,58,63,Q2,Q1
LRM,100950,train,negation,True,False,False,True,,,2032.0,,10.71,151.0,False,60,66,Q2,Q1
LRM,100951,train,negation,False,True,True,True,,,1688.0,,11.46,105.0,False,16,22,Q1,Q1
LRM,100955,train,negation,Uncertain,Uncertain,False,False,,,3255.0,,10.4,144.0,False,44,75,Q1,Q1
LRM,100957,train,negation,True,False,False,True,,,4581.0,,7.92,145.0,False,43,76,Q1,Q2
LRM,100958,train,negation,False,True,Uncertain,False,,,4738.0,,7.79,151.0,False,45,82,Q1,Q2
LRM,100959,train,negation,False,True,True,True,,,3388.0,,9.01,150.0,False,45,80,Q1,Q2
LRM,100964,train,negation,Uncertain,Uncertain,True,False,,,1116.0,,13.13,155.0,False,43,58,Q1,Q1
LRM,100966,train,negation,Uncertain,Uncertain,False,False,,,978.0,,13.37,176.0,False,59,63,Q2,Q1
LRM,100967,train,negation,Uncertain,Uncertain,False,False,,,1250.0,,12.97,178.0,False,62,63,Q2,Q1
LRM,100970,train,negation,True,False,False,True,,,2457.0,,10.07,175.0,False,80,95,Q3,Q2
LRM,100973,train,negation,Uncertain,Uncertain,True,False,,,4409.0,,9.15,278.0,False,114,186,Q4,Q4
LRM,100978,train,negation,True,False,False,True,,,1020.0,,12.59,144.0,False,54,49,Q2,Q1
LRM,100980,train,negation,False,True,True,True,,,2586.0,,9.94,150.0,False,58,50,Q2,Q1
LRM,100982,train,negation,True,False,False,True,,,2493.0,,9.93,230.0,False,72,168,Q3,Q4
LRM,100984,train,negation,True,False,True,False,,,1732.0,,11.12,199.0,False,65,112,Q3,Q3
LRM,100986,train,negation,True,False,Uncertain,False,,,3619.0,,9.94,198.0,False,70,112,Q3,Q3
LRM,100993,train,negation,Uncertain,Uncertain,False,False,,,1899.0,,12.05,141.0,False,41,84,Q1,Q2
LRM,100994,train,negation,False,True,True,True,,,3057.0,,9.37,149.0,False,47,91,Q2,Q2
LRM,100999,train,negation,False,True,True,True,,,1921.0,,10.91,158.0,False,52,99,Q2,Q2
LRM,16,validation,negation,Uncertain,Uncertain,True,False,,,1518.0,,12.53,185.0,False,68,106,Q3,Q3
LRM,26,validation,negation,Uncertain,Uncertain,False,False,,,1657.0,,12.16,210.0,False,72,91,Q3,Q2
LRM,27,validation,negation,Uncertain,Uncertain,True,False,,,4739.0,,9.04,171.0,False,59,98,Q2,Q2
LRM,28,validation,negation,True,False,False,True,,,5416.0,,7.26,180.0,False,63,107,Q2,Q3
LRM,57,validation,negation,False,True,True,True,,,2606.0,,10.8,289.0,False,83,203,Q3,Q4
LRM,75,validation,negation,Uncertain,Uncertain,True,False,,,6566.0,,7.72,305.0,False,162,181,Q4,Q4
LRM,85,validation,negation,Uncertain,Uncertain,Uncertain,True,,,7459.0,,7.35,221.0,False,81,130,Q3,Q3
LRM,122,validation,negation,False,True,True,True,,,3595.0,,9.9,232.0,False,62,167,Q2,Q4
LRM,135,validation,negation,Uncertain,Uncertain,True,False,,,2908.0,,10.8,119.0,False,22,57,Q1,Q1
LRM,141,validation,negation,True,False,False,True,,,6361.0,,7.86,268.0,False,132,171,Q4,Q4
LRM,142,validation,negation,True,False,False,True,,,6194.0,,7.98,249.0,False,49,185,Q2,Q4
LRM,152,validation,negation,Uncertain,Uncertain,True,False,,,9685.0,,6.41,211.0,False,46,162,Q1,Q4
LRM,196,validation,negation,False,True,True,True,,,6868.0,,6.31,284.0,False,59,249,Q2,Q4
LRM,100249,train,negation,Uncertain,Uncertain,Uncertain,True,,,1215.0,,12.84,167.0,False,52,59,Q2,Q1
LRM,100429,train,negation,Uncertain,Uncertain,False,False,,,10398.0,,6.07,360.0,False,176,277,Q4,Q4
LRM,100452,train,negation,True,False,False,True,,,3392.0,,8.27,554.0,False,105,433,Q4,Q4
LRM,100527,train,negation,Uncertain,Uncertain,False,False,,,997.0,,13.3,90.0,False,17,26,Q1,Q1
LRM,100567,train,negation,Uncertain,Uncertain,True,False,,,1458.0,,12.6,146.0,False,38,42,Q1,Q1
LRM,100597,train,negation,False,True,True,True,,,2649.0,,9.86,146.0,False,56,74,Q2,Q1
